Submission id,Participant id,Status,Started at,Completed at,Reviewed at,Archived at,Time taken,Completion code,Total approvals,Nationality (uk),Fluent languages,Primary language,Age,Sex,Ethnicity simplified,Country of birth,Country of residence,Nationality,Language,Student status,Employment status
64d3925487fabd9206001381,5b295d643c9cde00011823bd,APPROVED,2023-08-09T13:19:21.799000Z,2023-08-09T13:25:57.159000Z,2023-08-10T08:57:32.416000,2023-08-09T13:25:57.762502Z,396,91442ADD,462,Scotland,English,English,40,Female,White,United Kingdom,United Kingdom,United Kingdom,English,No,"Not in paid work (e.g. homemaker', 'retired or disabled)"
64d3929552126c939ff92267,5dff767f69a117bc2fbd4be8,APPROVED,2023-08-09T13:20:21.378000Z,2023-08-09T13:29:31.564000Z,2023-08-10T08:57:33.767000,2023-08-09T13:29:33.069172Z,551,91442ADD,770,England,English,English,42,Male,White,United Kingdom,United Kingdom,United Kingdom,English,No,Unemployed (and job seeking)
64d3939e1b9438ce975ce6b0,6329b1258c984641503643b9,APPROVED,2023-08-09T13:24:55.825000Z,2023-08-09T13:33:21.087000Z,2023-08-10T08:57:35.089000,2023-08-09T13:33:21.621103Z,506,91442ADD,103,England,English,English,25,Male,White,United Kingdom,United Kingdom,United Kingdom,English,DATA_EXPIRED,DATA_EXPIRED
64d393b7b9b0c0510bd6aeeb,63d9cfec2060a424e3495756,APPROVED,2023-08-09T13:26:40.857000Z,2023-08-09T13:31:35.325000Z,2023-08-10T08:57:36.191000,2023-08-09T13:31:35.985128Z,295,91442ADD,343,England,English,English,18,Male,White,United Kingdom,United Kingdom,United Kingdom,English,Yes,Unemployed (and job seeking)
64d39448752e1de8085551ac,59b78e186495ef00019fba3a,APPROVED,2023-08-09T13:27:41.434000Z,2023-08-09T13:34:42.821000Z,2023-08-10T08:57:37.287000,2023-08-09T13:34:43.430116Z,422,91442ADD,218,England,English,English,51,Female,White,United Kingdom,United Kingdom,United Kingdom,English,No,Full-Time
