"Submission id","Participant id","Status","Started at","Completed at","Reviewed at","Archived at","Time taken","Completion code","Total approvals","Nationality (uk)","Fluent languages","Primary language","Age","Sex","Ethnicity simplified","Country of birth","Country of residence","Nationality","Language","Student status","Employment status"
"64d2060c9b2cfbfb383f9909","628fcef1abd9f6165a83e983","APPROVED","2023-08-08T09:08:45.752000Z","2023-08-08T09:20:52.677000Z","2023-08-08T09:45:49.310000","2023-08-08T09:20:53.659407Z","727","91442ADD","664","England","English","English","33","Male","White","United Kingdom","United Kingdom","United Kingdom","English","No","Full-Time"
"64d20628983f7e3779b63f28","5eda54a30d7fc464b9aa4cfe","APPROVED","2023-08-08T09:09:03.242000Z","2023-08-08T09:17:43.551000Z","2023-08-08T09:45:43.146000Z","2023-08-08T09:17:44.531000Z","521","91442ADD","164","CONSENT_REVOKED","CONSENT_REVOKED","CONSENT_REVOKED","CONSENT_REVOKED","CONSENT_REVOKED","CONSENT_REVOKED","CONSENT_REVOKED","CONSENT_REVOKED","CONSENT_REVOKED","CONSENT_REVOKED","CONSENT_REVOKED","CONSENT_REVOKED"
"64d206957b77dfbef76af5e6","5e384285125c5b01668e821f","APPROVED","2023-08-08T09:10:49.880000Z","2023-08-08T09:21:55.543000Z","2023-08-08T09:45:51.478000","2023-08-08T09:21:55.957704Z","666","91442ADD","174","England","English","English","24","Male","White","United Kingdom","United Kingdom","United Kingdom","English","No","Full-Time"
"64d206a4338d7fedaa5dceb3","600194314386bb0785f05e47","APPROVED","2023-08-08T09:11:05.333000Z","2023-08-08T09:19:16.012000Z","2023-08-08T09:45:27.698000Z","2023-08-08T09:19:16.801000Z","491","91442ADD","518","CONSENT_REVOKED","CONSENT_REVOKED","CONSENT_REVOKED","CONSENT_REVOKED","CONSENT_REVOKED","CONSENT_REVOKED","CONSENT_REVOKED","CONSENT_REVOKED","CONSENT_REVOKED","CONSENT_REVOKED","CONSENT_REVOKED","CONSENT_REVOKED"
"64d20766a1bd65814ebdfabb","5e57d38b533eec1818078f0b","APPROVED","2023-08-08T09:14:21.305000Z","2023-08-08T09:23:55.377000Z","2023-08-08T09:45:54.013000","2023-08-08T09:23:56.088746Z","575","91442ADD","904","England","English","English","24","Female","White","United Kingdom","United Kingdom","United Kingdom","English","No","Part-Time"