Submission id,Participant id,Status,Started at,Completed at,Reviewed at,Archived at,Time taken,Completion code,Total approvals,Nationality (uk),Fluent languages,Primary language,Age,Sex,Ethnicity simplified,Country of birth,Country of residence,Nationality,Language,Student status,Employment status
64d39576a44a1eb2f70d6350,62b722b5892044fe80d8bdcb,APPROVED,2023-08-09T13:32:43.148000Z,2023-08-09T13:42:25.761000Z,2023-08-10T09:06:21.693000,2023-08-09T13:42:26.605788Z,583,91442ADD,569,Northern Ireland,English,English,65,Male,White,United Kingdom,United Kingdom,United Kingdom,English,No,Full-Time
64d3960a761be01476b02aa0,5f8ebffeb692a804ba3b5220,APPROVED,2023-08-09T13:35:10.954000Z,2023-08-09T13:41:11.663000Z,2023-08-10T09:06:22.924000,2023-08-09T13:41:12.139857Z,361,91442ADD,54,England,English,English,21,Female,White,United Kingdom,United Kingdom,United Kingdom,English,No,Full-Time
64d3964cd885687cf4ff693c,599614af004c4f0001cc8642,APPROVED,2023-08-09T13:36:17.388000Z,2023-08-09T13:49:04.295000Z,2023-08-10T09:06:24.456000,2023-08-09T13:49:04.818338Z,767,91442ADD,1735,Scotland,English,English,71,Male,White,United Kingdom,"United Kingdom, United Kingdom",United Kingdom,English,No,Full-Time
64d396af7157c4732ae3b2fc,62e1556103ab458b40bd96cc,APPROVED,2023-08-09T13:38:05.551000Z,2023-08-09T13:50:15.269000Z,2023-08-10T09:06:25.475000,2023-08-09T13:50:16.099410Z,730,91442ADD,484,Scotland,English,English,45,Female,White,United Kingdom,United Kingdom,United Kingdom,English,No,Full-Time
64d3973a7cfec0d603574f93,62d6d791bb6448ae52929ebd,APPROVED,2023-08-09T13:40:17.619000Z,2023-08-09T13:48:23.412000Z,2023-08-10T09:06:26.620000,2023-08-09T13:48:23.952390Z,486,91442ADD,471,England,English,English,32,Female,White,United Kingdom,United Kingdom,United Kingdom,English,No,"Not in paid work (e.g. homemaker', 'retired or disabled)"
