Submission id,Participant id,Status,Started at,Completed at,Reviewed at,Archived at,Time taken,Completion code,Total approvals,Nationality (uk),Fluent languages,Primary language,Age,Sex,Ethnicity simplified,Country of birth,Country of residence,Nationality,Language,Student status,Employment status
64d3859fd5aa36decd7eb783,6147460b25ac4d56e609255c,APPROVED,2023-08-09T12:25:08.562000Z,2023-08-09T12:35:42.376000Z,2023-08-09T15:05:31.684000,2023-08-09T12:35:42.846717Z,634,91442ADD,139,England,"English, German",English,29,Female,White,United Kingdom,United Kingdom,United Kingdom,English,No,Full-Time
64d385ba8aeb9fe689cf1692,5e3db08f9847a10291229235,APPROVED,2023-08-09T12:25:35.451000Z,2023-08-09T12:31:58.328000Z,2023-08-09T15:05:32.741000,2023-08-09T12:31:58.876023Z,383,91442ADD,123,England,English,English,47,Male,White,United Kingdom,United Kingdom,United Kingdom,English,DATA_EXPIRED,"Not in paid work (e.g. homemaker', 'retired or disabled)"
64d3866407d0ee8593645b7e,5c3d19e75f5dca00019abdbd,APPROVED,2023-08-09T12:28:32.184000Z,2023-08-09T12:33:39.235000Z,2023-08-09T15:05:45.297000,2023-08-09T12:33:39.807074Z,308,91442ADD,747,England,English,English,37,Female,White,United Kingdom,United Kingdom,United Kingdom,English,DATA_EXPIRED,"Not in paid work (e.g. homemaker', 'retired or disabled)"
64d3866caa52cf4c33677d04,5fa4b51274ac2816b05d409a,APPROVED,2023-08-09T12:28:44.750000Z,2023-08-09T12:40:06.419000Z,2023-08-09T15:05:34.431000,2023-08-09T12:40:07.236626Z,682,91442ADD,983,Scotland,English,English,49,Female,White,United Kingdom,United Kingdom,United Kingdom,English,No,"Not in paid work (e.g. homemaker', 'retired or disabled)"
64d38747656ca1f241ab5528,5c5c202f96dff4000135e9a7,APPROVED,2023-08-09T12:32:11.026000Z,2023-08-09T12:39:24.262000Z,2023-08-09T15:05:38.069000,2023-08-09T12:39:25.018421Z,434,91442ADD,418,England,English,English,35,Female,White,United Kingdom,United Kingdom,United Kingdom,English,No,"Not in paid work (e.g. homemaker', 'retired or disabled)"
