Submission id,Participant id,Status,Started at,Completed at,Reviewed at,Archived at,Time taken,Completion code,Total approvals,Nationality (uk),Fluent languages,Primary language,Age,Sex,Ethnicity simplified,Country of birth,Country of residence,Nationality,Language,Student status,Employment status
64d36432cf5bdf9462111f34,56b9de6c1a6972000d8d0e38,APPROVED,2023-08-09T10:02:26.022000Z,2023-08-09T10:14:01.631000Z,2023-08-09T14:03:30.281000,2023-08-09T10:14:02.307973Z,696,91442ADD,944,England,English,English,42,Female,White,United Kingdom,United Kingdom,United Kingdom,English,DATA_EXPIRED,DATA_EXPIRED
64d3647b83332b73f03add07,5dbeff1694f30b3a8f57dfd9,APPROVED,2023-08-09T10:03:43.123000Z,2023-08-09T10:08:53.643000Z,2023-08-09T14:03:31.466000,2023-08-09T10:08:54.583354Z,311,91442ADD,292,Scotland,English,English,47,Female,White,United Kingdom,United Kingdom,United Kingdom,English,No,"Not in paid work (e.g. homemaker', 'retired or disabled)"
64d364e9833a3b1a93e000f3,5d53dbf16b0cf6001646dbf1,APPROVED,2023-08-09T10:05:32.282000Z,2023-08-09T10:13:26.728000Z,2023-08-09T14:03:32.482000,2023-08-09T10:13:27.224042Z,475,91442ADD,458,Wales,English,English,36,Female,White,United Kingdom,United Kingdom,United Kingdom,English,No,Part-Time
64d364ee038fe334b5f53e41,63ebf4f2aa171e07ac599621,APPROVED,2023-08-09T10:10:30.440000Z,2023-08-09T10:18:56.826000Z,2023-08-09T14:03:35.955000,2023-08-09T10:18:57.456009Z,507,91442ADD,221,England,English,English,34,Female,White,United Kingdom,United Kingdom,United Kingdom,English,No,Full-Time
64d364f9fba0a5df189cde2c,60fd20f7047509fa8260220d,APPROVED,2023-08-09T10:05:49.507000Z,2023-08-09T10:16:05.723000Z,2023-08-09T14:03:33.476000,2023-08-09T10:16:06.458294Z,617,91442ADD,91,Wales,English,English,25,Female,White,United Kingdom,United Kingdom,United Kingdom,English,No,Part-Time
