Submission id,Participant id,Status,Started at,Completed at,Reviewed at,Archived at,Time taken,Completion code,Total approvals,Nationality (uk),Fluent languages,Primary language,Age,Sex,Ethnicity simplified,Country of birth,Country of residence,Nationality,Language,Student status,Employment status
64d388a15e9958050b0d6361,5faa3f84b9a9b331b74a6c20,APPROVED,2023-08-09T12:37:57.690000Z,2023-08-09T12:58:34.910000Z,2023-08-09T18:20:39.631000,2023-08-09T12:58:35.567725Z,1238,91442ADD,162,England,English,English,40,Female,White,United Kingdom,United Kingdom,United Kingdom,English,No,Full-Time
64d388bb91749eb85937f0aa,61507b103b41f9304cbb2d76,APPROVED,2023-08-09T12:38:24.228000Z,2023-08-09T12:48:06.862000Z,2023-08-09T18:20:40.804000,2023-08-09T12:48:07.367949Z,583,91442ADD,67,Wales,English,English,33,Female,White,United Kingdom,United Kingdom,United Kingdom,English,No,"Not in paid work (e.g. homemaker', 'retired or disabled)"
64d388e2ff93ba8e18ad9584,587a1ae8127d7700018b1d0c,REJECTED,2023-08-09T12:39:07.339000Z,2023-08-09T12:47:07.850000Z,2023-08-09T18:08:16.707000Z,2023-08-09T12:47:08.680000Z,481,91442ADD,645,CONSENT_REVOKED,CONSENT_REVOKED,CONSENT_REVOKED,CONSENT_REVOKED,CONSENT_REVOKED,CONSENT_REVOKED,CONSENT_REVOKED,CONSENT_REVOKED,CONSENT_REVOKED,CONSENT_REVOKED,CONSENT_REVOKED,CONSENT_REVOKED
64d388f734be9def28297542,54d215e5fdf99b5b9844dac9,APPROVED,2023-08-09T12:39:27.296000Z,2023-08-09T13:00:26.504000Z,2023-08-09T18:20:43.274000,2023-08-09T13:00:27.396905Z,1260,91442ADD,984,England,English,English,51,Female,White,United Kingdom,United Kingdom,United Kingdom,English,DATA_EXPIRED,DATA_EXPIRED
64d389825393a85693e09b61,5e3db08f9847a10291229235,REJECTED,2023-08-09T12:41:43.735000Z,2023-08-09T12:46:51.145000Z,2023-08-09T17:24:22.385000Z,2023-08-09T12:46:51.843000Z,308,91442ADD,126,CONSENT_REVOKED,CONSENT_REVOKED,CONSENT_REVOKED,CONSENT_REVOKED,CONSENT_REVOKED,CONSENT_REVOKED,CONSENT_REVOKED,CONSENT_REVOKED,CONSENT_REVOKED,CONSENT_REVOKED,CONSENT_REVOKED,CONSENT_REVOKED
64d3cc269bc2e94f47c5249e,63d13d4724f59bd6f551bdb3,APPROVED,2023-08-09T17:26:05.256000Z,2023-08-09T17:37:40.580000Z,2023-08-09T18:20:48.941000,2023-08-09T17:37:41.238972Z,696,91442ADD,114,England,English,English,41,Female,White,United Kingdom,United Kingdom,United Kingdom,English,DATA_EXPIRED,DATA_EXPIRED
64d3d6c753659eb82af8f1c2,62cc067014b0a89528038073,APPROVED,2023-08-09T18:11:23.247000Z,2023-08-09T18:18:23.537000Z,2023-08-09T18:20:44.584000,2023-08-09T18:18:26.576243Z,421,91442ADD,210,England,English,English,30,Female,Asian,United Kingdom,United Kingdom,United Kingdom,English,No,DATA_EXPIRED
