"Submission id","Participant id","Status","Started at","Completed at","Reviewed at","Archived at","Time taken","Completion code","Total approvals","Nationality (uk)","Fluent languages","Primary language","Age","Sex","Ethnicity simplified","Country of birth","Country of residence","Nationality","Language","Student status","Employment status"
"64d2083364756ebaa5356967","615976d6b399a92ddbb1642d","APPROVED","2023-08-08T09:18:39.121000Z","2023-08-08T09:30:31.956000Z","2023-08-09T02:15:35.562000Z","2023-08-08T09:30:32.665000Z","713","91442ADD","72","CONSENT_REVOKED","CONSENT_REVOKED","CONSENT_REVOKED","CONSENT_REVOKED","CONSENT_REVOKED","CONSENT_REVOKED","CONSENT_REVOKED","CONSENT_REVOKED","CONSENT_REVOKED","CONSENT_REVOKED","CONSENT_REVOKED","CONSENT_REVOKED"
"64d2085b4f70328b7027a6ad","63a30c341ec67d71abac1de1","APPROVED","2023-08-08T09:18:26.919000Z","2023-08-08T09:31:35.749000Z","2023-08-09T02:15:43.276000Z","2023-08-08T09:31:36.803000Z","789","91442ADD","272","CONSENT_REVOKED","CONSENT_REVOKED","CONSENT_REVOKED","CONSENT_REVOKED","CONSENT_REVOKED","CONSENT_REVOKED","CONSENT_REVOKED","CONSENT_REVOKED","CONSENT_REVOKED","CONSENT_REVOKED","CONSENT_REVOKED","CONSENT_REVOKED"
"64d20873f53158109bd0d460","62ec16be1961cd31dc644dc9","REJECTED","2023-08-08T09:18:48.520000Z","2023-08-08T09:25:02.244000Z","2023-08-09T01:09:16.396000Z","2023-08-08T09:25:02.931000Z","374","91442ADD","283","CONSENT_REVOKED","CONSENT_REVOKED","CONSENT_REVOKED","CONSENT_REVOKED","CONSENT_REVOKED","CONSENT_REVOKED","CONSENT_REVOKED","CONSENT_REVOKED","CONSENT_REVOKED","CONSENT_REVOKED","CONSENT_REVOKED","CONSENT_REVOKED"
"64d2088322c2721d8859364d","60abbb05288f7eeb1312c3b7","APPROVED","2023-08-08T09:19:02.419000Z","2023-08-08T09:39:14.700000Z","2023-08-09T02:15:46.264000","2023-08-08T09:39:15.295477Z","1213","91442ADD","802","England","English","English","43","Female","White","United Kingdom","United Kingdom","United Kingdom","English","No","Part-Time"
"64d20899085c9c776cee58f2","60fa9db86962e340766fcd80","REJECTED","2023-08-08T09:19:24.121000Z","2023-08-08T09:52:46.861000Z","2023-08-09T02:15:47.814000","2023-08-08T09:52:47.377828Z","2003","91442ADD","318","Scotland","English","English","24","Female","White","United Kingdom","United Kingdom","United Kingdom","English","Yes","DATA_EXPIRED"
"64d2e8e977ff085961c2b13d","54249d5bfdf99b691e6ac9a0","APPROVED","2023-08-09T01:16:25.014000Z","2023-08-09T01:56:12.603000Z","2023-08-09T02:15:48.702000","2023-08-09T01:56:13.202021Z","2388","91442ADD","1128","England","English","English","34","Male","White","United Kingdom","United Kingdom","United Kingdom","English","DATA_EXPIRED","DATA_EXPIRED"