Submission id,Participant id,Status,Started at,Completed at,Reviewed at,Archived at,Time taken,Completion code,Total approvals,Nationality (uk),Fluent languages,Primary language,Age,Sex,Ethnicity simplified,Country of birth,Country of residence,Nationality,Language,Student status,Employment status
64d361e449447db1e47299d9,5dbcb703f621f0250a7d597a,APPROVED,2023-08-09T09:52:45.030000Z,2023-08-09T10:06:58.893000Z,2023-08-09T13:43:55.488000,2023-08-09T10:06:59.443855Z,854,91442ADD,921,England,English,English,37,Female,Black,United Kingdom,United Kingdom,United Kingdom,English,No,Full-Time
64d361e97afc739c3c3b94cf,5f15c46a19912324313effa0,APPROVED,2023-08-09T09:52:44.431000Z,2023-08-09T10:02:19.430000Z,2023-08-09T13:43:47.641000,2023-08-09T10:02:19.916448Z,575,91442ADD,305,England,English,English,25,Female,White,United Kingdom,United Kingdom,United Kingdom,English,DATA_EXPIRED,DATA_EXPIRED
64d362083ec1de677cecb852,5efa472b30809985f5f47e83,APPROVED,2023-08-09T09:53:21.242000Z,2023-08-09T10:10:19.167000Z,2023-08-09T13:43:48.625000,2023-08-09T10:10:21.256474Z,1018,91442ADD,118,Wales,English,English,58,Female,White,United Kingdom,United Kingdom,United Kingdom,English,No,DATA_EXPIRED
64d3623336bb96c0b61710fa,6266abdbf94ff48cbab18aa0,APPROVED,2023-08-09T09:54:00.648000Z,2023-08-09T10:09:10.536000Z,2023-08-09T13:43:50.568000,2023-08-09T10:09:11.028869Z,910,91442ADD,308,England,English,English,50,Male,White,United Kingdom,United Kingdom,United Kingdom,English,No,Full-Time
64d362393033dda590d90cec,5ee1cb746cb68d1fb58e058a,APPROVED,2023-08-09T09:54:06.501000Z,2023-08-09T10:08:43.083000Z,2023-08-09T13:43:56.618000,2023-08-09T10:08:43.594606Z,877,91442ADD,218,England,English,English,25,Male,White,United Kingdom,United Kingdom,United Kingdom,English,Yes,Other
