Submission id,Participant id,Status,Started at,Completed at,Reviewed at,Archived at,Time taken,Completion code,Total approvals,Nationality (uk),Fluent languages,Primary language,Age,Sex,Ethnicity simplified,Country of birth,Country of residence,Nationality,Language,Student status,Employment status
64d386461b158549fc735d35,60d734f5ff80748329820155,REJECTED,2023-08-09T12:29:25.717000Z,2023-08-09T12:39:28.196000Z,2023-08-09T17:56:10.782000Z,2023-08-09T12:39:29.490000Z,603,91442ADD,182,CONSENT_REVOKED,CONSENT_REVOKED,CONSENT_REVOKED,CONSENT_REVOKED,CONSENT_REVOKED,CONSENT_REVOKED,CONSENT_REVOKED,CONSENT_REVOKED,CONSENT_REVOKED,CONSENT_REVOKED,CONSENT_REVOKED,CONSENT_REVOKED
64d386b1e3dc4c0f4e01d59f,5d34411e9ca0ce001929384e,APPROVED,2023-08-09T12:29:47.774000Z,2023-08-09T12:43:34.937000Z,2023-08-09T18:12:41.084000,2023-08-09T12:43:35.895609Z,828,91442ADD,54,England,English,English,34,Female,White,United Kingdom,United Kingdom,United Kingdom,English,No,Full-Time
64d386d63eb601380e25385e,62b395e51416d07dcdc8a93f,APPROVED,2023-08-09T12:30:22.070000Z,2023-08-09T12:48:57.806000Z,2023-08-09T18:13:02.499000,2023-08-09T12:48:58.394982Z,1116,91442ADD,497,England,English,English,57,Female,White,United Kingdom,United Kingdom,United Kingdom,English,DATA_EXPIRED,DATA_EXPIRED
64d3876dc890abfcf65ee3d9,5a209a6d772bc40001ba087a,APPROVED,2023-08-09T12:32:49.008000Z,2023-08-09T12:59:01.250000Z,2023-08-09T17:54:52.655000,2023-08-09T12:59:02.472493Z,1573,91442ADD,361,Scotland,English,English,33,Female,White,United Kingdom,United Kingdom,United Kingdom,English,No,Part-Time
64d387e45bce9d43fef65555,60ffce82a84c58475e5b3a3b,REJECTED,2023-08-09T12:34:44.317000Z,2023-08-09T12:41:11.886000Z,2023-08-09T17:14:59.928000Z,2023-08-09T12:41:12.709000Z,388,91442ADD,61,CONSENT_REVOKED,CONSENT_REVOKED,CONSENT_REVOKED,CONSENT_REVOKED,CONSENT_REVOKED,CONSENT_REVOKED,CONSENT_REVOKED,CONSENT_REVOKED,CONSENT_REVOKED,CONSENT_REVOKED,CONSENT_REVOKED,CONSENT_REVOKED
64d3ca7d460ea4e9f3801565,637ffd0ae752c8e33f91798b,APPROVED,2023-08-09T17:18:58.836000Z,2023-08-09T17:31:01.642000Z,2023-08-09T18:12:43.623000,2023-08-09T17:31:44.396184Z,723,91442ADD,377,England,English,English,34,Male,White,United Kingdom,United Kingdom,United Kingdom,English,No,Full-Time
64d3d3e09f34cd255a68411d,63efbb8075bcee04ff6669c8,APPROVED,2023-08-09T17:59:02.191000Z,2023-08-09T18:09:02.923000Z,2023-08-09T18:12:44.736000,2023-08-09T18:09:03.824280Z,601,91442ADD,38,England,English,English,26,Male,White,United Kingdom,United Kingdom,United Kingdom,English,No,DATA_EXPIRED
