Submission id,Participant id,Status,Started at,Completed at,Reviewed at,Archived at,Time taken,Completion code,Total approvals,Nationality (uk),Fluent languages,Primary language,Age,Sex,Ethnicity simplified,Country of birth,Country of residence,Nationality,Language,Student status,Employment status
64d36222bbd6581b9173980a,64294e2b5234fdc8f81ffe6a,APPROVED,2023-08-09T09:57:03.714000Z,2023-08-09T10:06:52.311000Z,2023-08-09T13:53:00.177000,2023-08-09T10:06:52.897262Z,589,91442ADD,272,Scotland,English,English,54,Female,White,United Kingdom,United Kingdom,United Kingdom,English,No,Full-Time
64d3634bfd3b085f323add34,57a6891d8eccbc0001f39f89,APPROVED,2023-08-09T09:58:58.852000Z,2023-08-09T10:06:29.738000Z,2023-08-09T13:53:01.660000,2023-08-09T10:06:30.445648Z,451,91442ADD,1486,England,English,English,51,Male,White,United Kingdom,United Kingdom,United Kingdom,English,No,Other
64d3638a87a1b01ef60acb86,5ea01d722f8a310202abb100,APPROVED,2023-08-09T09:59:43.456000Z,2023-08-09T10:09:00.543000Z,2023-08-09T13:53:03.590000,2023-08-09T10:09:01.014061Z,558,91442ADD,1370,England,English,English,67,Male,White,United Kingdom,United Kingdom,United Kingdom,English,No,"Not in paid work (e.g. homemaker', 'retired or disabled)"
64d3639c7eefb36d3435f6ac,601fe0abd9466c54b4ae2edf,APPROVED,2023-08-09T10:00:36.335000Z,2023-08-09T10:06:47.817000Z,2023-08-09T13:53:07.061000,2023-08-09T10:06:48.249704Z,372,91442ADD,273,England,English,English,28,Female,White,United Kingdom,United Kingdom,United Kingdom,English,No,DATA_EXPIRED
64d36575658ef1bb39cf07a7,62a36b276fb098fe159b52a7,APPROVED,2023-08-09T10:08:03.028000Z,2023-08-09T10:14:08.790000Z,2023-08-09T13:53:05.349000,2023-08-09T10:14:09.496181Z,366,91442ADD,340,England,English,English,29,Male,White,United Kingdom,United Kingdom,United Kingdom,English,No,Full-Time
