Submission id,Participant id,Status,Started at,Completed at,Reviewed at,Archived at,Time taken,Completion code,Total approvals,Nationality (uk),Fluent languages,Primary language,Age,Sex,Ethnicity simplified,Country of birth,Country of residence,Nationality,Language,Student status,Employment status
64d37e3277fcc6d59e9cde00,5d07dffbfb344600015e2ae6,APPROVED,2023-08-09T11:53:26.209000Z,2023-08-09T12:00:10.888000Z,2023-08-09T14:24:48.537000,2023-08-09T12:00:11.919199Z,405,91442ADD,108,England,English,English,31,Female,White,United Kingdom,United Kingdom,United Kingdom,English,No,Full-Time
64d37ea4be93d1379544e7cb,60d491dfb934d8f5632c925c,APPROVED,2023-08-09T11:55:19.394000Z,2023-08-09T12:12:57.304000Z,2023-08-09T14:24:50.655000,2023-08-09T12:12:57.913956Z,1058,91442ADD,226,England,English,English,22,Female,White,United Kingdom,United Kingdom,United Kingdom,English,No,Part-Time
64d37eb2c27aebfc60c487a2,57e18aa38e00270001b43925,APPROVED,2023-08-09T11:55:50.215000Z,2023-08-09T12:10:04.099000Z,2023-08-09T14:24:51.439000,2023-08-09T12:10:04.699465Z,854,91442ADD,425,Scotland,English,English,40,Female,Other,United States,United Kingdom,United Kingdom,English,No,Full-Time
64d37eb6c3dcdb1ce8285713,5f06571660db301b89e9c004,APPROVED,2023-08-09T11:55:38.563000Z,2023-08-09T12:05:36.723000Z,2023-08-09T14:24:54.556000,2023-08-09T12:05:37.425018Z,599,91442ADD,232,Northern Ireland,English,English,32,Female,White,United Kingdom,United Kingdom,United Kingdom,English,No,DATA_EXPIRED
64d380943b026fe4467ca307,6400d943ecff42ee0663922b,APPROVED,2023-08-09T12:03:55.818000Z,2023-08-09T12:12:07.858000Z,2023-08-09T14:24:52.293000,2023-08-09T12:12:08.360772Z,493,91442ADD,153,England,English,English,24,Female,White,United Kingdom,United Kingdom,United Kingdom,English,No,Full-Time
