Submission id,Participant id,Status,Started at,Completed at,Reviewed at,Archived at,Time taken,Completion code,Total approvals,Nationality (uk),Fluent languages,Primary language,Age,Sex,Ethnicity simplified,Country of birth,Country of residence,Nationality,Language,Student status,Employment status
64d3966e341b4c9854edbce9,5e221aa6801e964f455dabf9,APPROVED,2023-08-09T13:37:18.301000Z,2023-08-09T13:56:59.449000Z,2023-08-10T09:12:19.402000,2023-08-09T13:57:06.693423Z,1182,91442ADD,506,England,English,English,59,Female,White,United Kingdom,United Kingdom,United Kingdom,English,No,Part-Time
64d3979261c8192ff9fe843d,640caf74b308cf56c9e5464c,APPROVED,2023-08-09T13:41:41.270000Z,2023-08-09T13:48:28.558000Z,2023-08-10T09:12:24.208000,2023-08-09T13:48:29.020535Z,408,91442ADD,29,England,"English, Spanish",English,57,Female,White,United Kingdom,United Kingdom,United Kingdom,English,No,Full-Time
64d397cc30a1d0301337f08a,5c129cc7ba99dc0001f0b628,APPROVED,2023-08-09T13:42:39.124000Z,2023-08-09T13:53:35.137000Z,2023-08-10T09:12:21.172000,2023-08-09T13:53:38.871425Z,657,91442ADD,1609,England,"Spanish, English, French",English,65,Female,White,United Kingdom,United Kingdom,United Kingdom,English,No,"Not in paid work (e.g. homemaker', 'retired or disabled)"
64d397e1b3de3d6efee1ea57,601fe031252f6055b5ee2571,APPROVED,2023-08-09T13:43:00.828000Z,2023-08-09T13:48:38.062000Z,2023-08-10T09:12:25.044000,2023-08-09T13:48:42.178960Z,338,91442ADD,237,England,English,English,38,Female,White,United Kingdom,United Kingdom,United Kingdom,English,Yes,Full-Time
64d397f1e2da1f747fd2e322,62b722b5892044fe80d8bdcb,APPROVED,2023-08-09T13:43:17.026000Z,2023-08-09T13:51:03.145000Z,2023-08-10T09:12:22.921000,2023-08-09T13:51:03.827844Z,467,91442ADD,569,Northern Ireland,English,English,65,Male,White,United Kingdom,United Kingdom,United Kingdom,English,No,Full-Time
