Submission id,Participant id,Status,Started at,Completed at,Reviewed at,Archived at,Time taken,Completion code,Total approvals,Nationality (uk),Fluent languages,Primary language,Age,Sex,Ethnicity simplified,Country of birth,Country of residence,Nationality,Language,Student status,Employment status
64d37f456a057968238acc97,5da4cdfde1684f00185cd72d,APPROVED,2023-08-09T11:58:01.121000Z,2023-08-09T12:19:59.707000Z,2023-08-09T17:09:36.400000,2023-08-09T12:20:02.095536Z,1319,91442ADD,814,England,English,English,42,Female,White,Canada,United Kingdom,United Kingdom,English,No,"Not in paid work (e.g. homemaker', 'retired or disabled)"
64d3804f7d7ef8d1a409e0a5,5b64d7b82aee58000132e2b9,APPROVED,2023-08-09T12:02:38.742000Z,2023-08-09T12:13:02.600000Z,2023-08-09T17:09:37.101000,2023-08-09T12:13:03.380990Z,624,91442ADD,361,England,English,English,28,Female,Black,United Kingdom,United Kingdom,United Kingdom,English,DATA_EXPIRED,DATA_EXPIRED
64d38095d2eda27747657c1c,5983b86106cd1f0001f8e283,REJECTED,2023-08-09T12:03:37.686000Z,2023-08-09T12:13:29.285000Z,2023-08-09T16:37:35.996000Z,2023-08-09T12:13:30.120000Z,592,91442ADD,484,CONSENT_REVOKED,CONSENT_REVOKED,CONSENT_REVOKED,CONSENT_REVOKED,CONSENT_REVOKED,CONSENT_REVOKED,CONSENT_REVOKED,CONSENT_REVOKED,CONSENT_REVOKED,CONSENT_REVOKED,CONSENT_REVOKED,CONSENT_REVOKED
64d380a72bae98a719ac9ed8,614c6fffc986ba38f129ea93,REJECTED,2023-08-09T12:03:54.318000Z,2023-08-09T12:09:40.827000Z,2023-08-09T14:34:54.121000Z,2023-08-09T12:09:44.220000Z,347,91442ADD,163,CONSENT_REVOKED,CONSENT_REVOKED,CONSENT_REVOKED,CONSENT_REVOKED,CONSENT_REVOKED,CONSENT_REVOKED,CONSENT_REVOKED,CONSENT_REVOKED,CONSENT_REVOKED,CONSENT_REVOKED,CONSENT_REVOKED,CONSENT_REVOKED
64d380ab1fa2c3292d4d9b51,57fe48c390de420001673796,APPROVED,2023-08-09T12:03:58.602000Z,2023-08-09T12:15:42.414000Z,2023-08-09T17:09:37.909000,2023-08-09T12:15:43.414804Z,704,91442ADD,1336,England,English,English,28,Male,Mixed,United Kingdom,United Kingdom,United Kingdom,English,No,Part-Time
64d3a4c931b9bb7934f1f8d0,5929b05b6c835800011a31cc,APPROVED,2023-08-09T14:38:04.196000Z,2023-08-09T14:54:18.807000Z,2023-08-09T17:09:38.802000,2023-08-09T14:54:19.540223Z,975,91442ADD,740,England,English,English,29,Female,White,United Kingdom,United Kingdom,United Kingdom,English,No,Full-Time
64d3c133788cfa85dc0ef602,5d1237d1db991b00150a4d9e,APPROVED,2023-08-09T16:39:18.568000Z,2023-08-09T17:07:57.340000Z,2023-08-09T17:09:39.577000,2023-08-09T17:07:58.021585Z,1719,91442ADD,355,England,English,English,30,Female,White,United Kingdom,United Kingdom,United Kingdom,English,DATA_EXPIRED,DATA_EXPIRED
