_unit_id,experts,crowd,filename,comment_id,community_id,title_text,context,comment,subthread_id,post_text
a6_chicks,True,False,collected gold 3,30531488373,CringeAnarchy,RIP,-,There's nothing worse than ugly chicks who think they're hot if they act slutty enough.,264,___
a10_braincel.,True,False,collected gold 3,30535609751,CringeAnarchy,Identity Evropa does weekend of service cleaning graffiti. Antifa response below,"[trppisdying]: Lmao you're a fucking kid, I'm Jewish and we very much are an identifiable ethnic group, please research a little before continuing to say stupid shit.  <br> [Sacklelotto]: what? <br> [trppisdying]: Lmao the guy was right, ""tactical nihilism"", it just means you're being retarded on purpose to muddy arguments. <br> [Sacklelotto]: on what argument? <br> [bspon001]: That moment when jews side with identitarians to tell you you're retarded. ","Im sure he is. Like you have a kid, braincel.",42,___
a7_stupid,True,False,collected gold 3,30539049894,CringeAnarchy,Reddit at its finest,"[MysticalElk]: You're a moron lmaooo <br> [dmm_auth_849078]: your threshold for humor is quite small. <br> [MysticalElk]: What you call humor is retarded <br> [dmm_auth_63010]: r/woosh  <br> [MysticalElk]: Trying the ol ""issa joke!"" <br> [dmm_auth_728195]: jesus christ you a thick. you laughed at yourself for calling me a moron. what are you 13? <br> [MysticalElk]: No I didn't? Your stupidity is what made me laugh",your threshold for what you consider stupid is painfully low.,164,___
a5_stupidity,True,False,collected gold 3,30539035023,CringeAnarchy,Reddit at its finest,"[MysticalElk]: You're a moron lmaooo <br> [dmm_auth_849078]: your threshold for humor is quite small. <br> [MysticalElk]: What you call humor is retarded <br> [dmm_auth_63010]: r/woosh  <br> [MysticalElk]: Trying the ol ""issa joke!"" <br> [dmm_auth_728195]: jesus christ you a thick. you laughed at yourself for calling me a moron. what are you 13?",No I didn't? Your stupidity is what made me laugh,164,___
"a4_trash,",True,False,collected gold 3,30534451873,CringeAnarchy,"being ""racist"" has never looked so appealing","[Altherionftw]: I hate all people of <insert race> too, my fellow non-racist person! Those <insert race> are just pretending to be victims, lol!  <br> [RadPlomb]: The level of perceived victimhood white males from the Donald have is hilarious <br> [Excavateandfill]: Considering you are all pussies and cry babies your comment is fucking rich ","Considering you're white trash, I'll let you're fucking poor",16,___
a18_Dumbass,True,False,collected gold 3,30534460859,CringeAnarchy,"being ""racist"" has never looked so appealing","[Altherionftw]: I hate all people of <insert race> too, my fellow non-racist person! Those <insert race> are just pretending to be victims, lol!  <br> [RadPlomb]: The level of perceived victimhood white males from the Donald have is hilarious <br> [Excavateandfill]: Considering you are all pussies and cry babies your comment is fucking rich  <br> [RadPlomb]: Considering you're white trash, I'll let you're fucking poor",I know you are trying to be funny but i didnt mean rich as in money rich. Dumbass  Such a shit attempt hahaha  ,16,___
a1_Stupid,True,False,collected gold 3,30537302754,CringeAnarchy,Stupid white people,-,Stupid white people and their...  *shuffles deck*  **Lower rate of homicide!**,179,___
a7_cry,True,False,collected gold 3,30533941799,CringeAnarchy,"being ""racist"" has never looked so appealing","[Altherionftw]: I hate all people of <insert race> too, my fellow non-racist person! Those <insert race> are just pretending to be victims, lol!  <br> [RadPlomb]: The level of perceived victimhood white males from the Donald have is hilarious",Considering you are all pussies and cry babies your comment is fucking rich ,16,___
a8_babies,True,False,collected gold 3,30533941799,CringeAnarchy,"being ""racist"" has never looked so appealing","[Altherionftw]: I hate all people of <insert race> too, my fellow non-racist person! Those <insert race> are just pretending to be victims, lol!  <br> [RadPlomb]: The level of perceived victimhood white males from the Donald have is hilarious",Considering you are all pussies and cry babies your comment is fucking rich ,16,___
a5_ass,True,False,collected gold 3,30543244512,CringeAnarchy,Stupid white people,"[TheRealBestAmerican]: Stupid white people and their...  *shuffles deck*  **Lower rate of homicide!** <br> [pls_coffee]: Haha so true, it's usually genocide instead <br> [TomatoPoodle]: Yeah black people have definitely ever genocided anyone  <br> [Literally_A_Shill]: Oh shit, did it just become a competition? <br> [blehrck]: Yes it is, and you're all losers. The title is still held by the mongols, more specifically Genghis Khan.  Step it up <br> [Ciao_patsy]: I think they prefer 'down syndrome' thanks <br> [blehrck]: u would know lmao","You didn't ""laugh your ass off""  Don't fucking lie on the internet you cunt ",179,___
a9_fat,True,False,collected gold 3,30531601507,MGTOW,She's only asking for 10k.,[jeff_portnoy]: 10k? That's like 2 minutes of cam whore work. She'll be fine. <br> [I_like_PnutButter]: Though a high end whore could make that kind of cash in a few minutes.,"yeah but she prob looks like a prepubescent fat dyke lesbian, no one wants to pay to see that shit",47,___
a5_thick.,True,False,collected gold 3,30539027686,CringeAnarchy,Reddit at its finest,"[MysticalElk]: You're a moron lmaooo <br> [dmm_auth_849078]: your threshold for humor is quite small. <br> [MysticalElk]: What you call humor is retarded <br> [dmm_auth_63010]: r/woosh  <br> [MysticalElk]: Trying the ol ""issa joke!""",jesus christ you a thick. you laughed at yourself for calling me a moron. what are you 13?,164,___
a14_moron.,True,False,collected gold 3,30539027686,CringeAnarchy,Reddit at its finest,"[MysticalElk]: You're a moron lmaooo <br> [dmm_auth_849078]: your threshold for humor is quite small. <br> [MysticalElk]: What you call humor is retarded <br> [dmm_auth_63010]: r/woosh  <br> [MysticalElk]: Trying the ol ""issa joke!""",jesus christ you a thick. you laughed at yourself for calling me a moron. what are you 13?,164,___
a3_sjw,True,False,collected gold 3,30543252500,CringeAnarchy,The naked truth about double standards,"[The_Rancor_lives]: Nor is it alive amirite? At least not until it spontaneously becomes a baby at 18 weeks RITE!?! <br> [CheeseburgerNecktie]: I really hope you dont jerk off dude <br> [The_Rancor_lives]: I hope you dont reproduce. <br> [CheeseburgerNecktie]: Okay mass murderer <br> [The_Rancor_lives]: Because I'm the one advocating abortion? Dont think so, planned murderer <br> [CheeseburgerNecktie]: Calm down killer. <br> [The_Rancor_lives]: No ^^^^^u fag <br> [CheeseburgerNecktie]: Settle down murderer  <br> [The_Rancor_lives]: Ok, you first stalin",Calm down sjw,57,___
a25_stupid,True,False,collected gold 3,30535511744,CringeAnarchy,Identity Evropa does weekend of service cleaning graffiti. Antifa response below,-,"Lmao you're a fucking kid, I'm Jewish and we very much are an identifiable ethnic group, please research a little before continuing to say stupid shit. ",42,___
a2_cletus,True,False,collected gold 3,30543255067,CringeAnarchy,The naked truth about double standards,"[The_Rancor_lives]: Nor is it alive amirite? At least not until it spontaneously becomes a baby at 18 weeks RITE!?! <br> [CheeseburgerNecktie]: I really hope you dont jerk off dude <br> [The_Rancor_lives]: I hope you dont reproduce. <br> [CheeseburgerNecktie]: Okay mass murderer <br> [The_Rancor_lives]: Because I'm the one advocating abortion? Dont think so, planned murderer <br> [CheeseburgerNecktie]: Calm down killer. <br> [The_Rancor_lives]: No ^^^^^u fag <br> [CheeseburgerNecktie]: Settle down murderer  <br> [The_Rancor_lives]: Ok, you first stalin <br> [CheeseburgerNecktie]: Calm down sjw <br> [The_Rancor_lives]: Wtever hitler <br> [CheeseburgerNecktie]: Okay cuck",Yeetus cletus,57,___
a6_jerk,True,False,collected gold 3,30543241941,CringeAnarchy,The naked truth about double standards,[The_Rancor_lives]: Nor is it alive amirite? At least not until it spontaneously becomes a baby at 18 weeks RITE!?!,I really hope you dont jerk off dude,57,___
a7_off,True,False,collected gold 3,30543241941,CringeAnarchy,The naked truth about double standards,[The_Rancor_lives]: Nor is it alive amirite? At least not until it spontaneously becomes a baby at 18 weeks RITE!?!,I really hope you dont jerk off dude,57,___
