_unit_id,experts,crowd,filename,comment_id,community_id,title_text,context,comment,subthread_id,post_text
a6_redneck,True,False,collected gold 1,30460146982,CringeAnarchy,Butthurt femnazis,[ReasonableGlass]: Post the picture of Donald Jr with his kids. Jesus christ hes an ugly son of a bitch - that's the cringe <br> [IslamicStatePatriot]: go back to your fucking estro weed subs my dude. your rotten brain and shit comments belong with the other addicts,Lol freedom fighter. You're a redneck faggot bro foh,5,___
a21_thug,True,False,collected gold 1,30460923124,CringeAnarchy,Butthurt femnazis,"[ReasonableGlass]: Post the picture of Donald Jr with his kids. Jesus christ hes an ugly son of a bitch - that's the cringe <br> [IslamicStatePatriot]: go back to your fucking estro weed subs my dude. your rotten brain and shit comments belong with the other addicts <br> [ReasonableGlass]: Lol freedom fighter. You're a redneck faggot bro foh <br> [CrashedonMars]: I mean the individual words appear to be English, most of them anyway, but I can't make out what this ghetto speak trash is even attempting to say.. <br> [ReasonableGlass]: Then learn to read asshole <br> [CrashedonMars]: Why the fuck would I need to know ebonics? <br> [Marmiteisgood]: How else you gonna know what these retards are saying? <br> [CrashedonMars]: I don't want to know. It's usually dribble. I'll stick with more conservative black people who value their education.","Truth be told, I'd rather stay away from them too. You'll probably end up needing to know it if a thug mugs you though.",5,___
a6_estro,True,False,collected gold 1,30460101117,CringeAnarchy,Butthurt femnazis,[ReasonableGlass]: Post the picture of Donald Jr with his kids. Jesus christ hes an ugly son of a bitch - that's the cringe,go back to your fucking estro weed subs my dude. your rotten brain and shit comments belong with the other addicts,5,___
a9_ebonics?,True,False,collected gold 1,30460694692,CringeAnarchy,Butthurt femnazis,"[ReasonableGlass]: Post the picture of Donald Jr with his kids. Jesus christ hes an ugly son of a bitch - that's the cringe <br> [IslamicStatePatriot]: go back to your fucking estro weed subs my dude. your rotten brain and shit comments belong with the other addicts <br> [ReasonableGlass]: Lol freedom fighter. You're a redneck faggot bro foh <br> [CrashedonMars]: I mean the individual words appear to be English, most of them anyway, but I can't make out what this ghetto speak trash is even attempting to say.. <br> [ReasonableGlass]: Then learn to read asshole",Why the fuck would I need to know ebonics?,5,___
a27_up,True,False,collected gold 1,30461355996,The_Donald,Gamergate kids are great and this Vice propagandist sucks.,-,They awoke the sleeping neck-bearded giant by trying to fuck with his video games.  Now the angry neck-beard giant has found a new game - fucking up the SJW/Marxist/Globalist establishment. ,131,___
a2_weirdo,True,False,collected gold 1,30497601470,CringeAnarchy,SO TRUE!!,"[dmm_auth_129096]: you're a cunt <br> [CrazyreverseR]: You're 14 <br> [dmm_auth_646557]: not only a cunt but a dullard too? is their no beginning to your talent? <br> [charisma6]: 12, then.","you weirdo liberal folks sure have an unhealthy interest in talking with young people, are you trying to groom me?",52,___
a2_off,True,False,collected gold 1,30497356837,CringeAnarchy,Literally the EU.,"[Chipdogs]: This is obvious Russian propaganda  <br> [cubev10]: >""EVERYTHING I DON'T LIKE IS RUSSIAN PROPAGANDA""  Go back to /r/politics <br> [GuyFromGujarat]: hey suck my dick you fucking queer",Fuck off faggot,13,___
a15_son,True,False,collected gold 1,30460094396,CringeAnarchy,Butthurt femnazis,-,Post the picture of Donald Jr with his kids. Jesus christ hes an ugly son of a bitch - that's the cringe,5,___
a16_of,True,False,collected gold 1,30460094396,CringeAnarchy,Butthurt femnazis,-,Post the picture of Donald Jr with his kids. Jesus christ hes an ugly son of a bitch - that's the cringe,5,___
a17_a,True,False,collected gold 1,30460094396,CringeAnarchy,Butthurt femnazis,-,Post the picture of Donald Jr with his kids. Jesus christ hes an ugly son of a bitch - that's the cringe,5,___
a23_trash,True,False,collected gold 1,30460679126,CringeAnarchy,Butthurt femnazis,[ReasonableGlass]: Post the picture of Donald Jr with his kids. Jesus christ hes an ugly son of a bitch - that's the cringe <br> [IslamicStatePatriot]: go back to your fucking estro weed subs my dude. your rotten brain and shit comments belong with the other addicts <br> [ReasonableGlass]: Lol freedom fighter. You're a redneck faggot bro foh,"I mean the individual words appear to be English, most of them anyway, but I can't make out what this ghetto speak trash is even attempting to say..",5,___
a2_degenerate,True,False,collected gold 1,30498034345,CringeAnarchy,Me during fag pride month,[johnjohn120]: Why the hell do You Care if guys like dick instead of pussy. Relax dude,They're degenerate fucks.,13,___
a1_shut,True,False,collected gold 1,30499200621,CringeAnarchy,Literally the EU.,"[Chipdogs]: This is obvious Russian propaganda  <br> [cubev10]: >""EVERYTHING I DON'T LIKE IS RUSSIAN PROPAGANDA""  Go back to /r/politics <br> [GuyFromGujarat]: hey suck my dick you fucking queer <br> [cubev10]: Fuck off faggot <br> [Ladenverzippelnogip]: Please never change <br> [cubev10]: >being this much of a retard  Imagine actually believing everything that is anti-EU is Russian propaganda. Please never change being a retard.",shut up bitch,13,___
a2_up,True,False,collected gold 1,30499200621,CringeAnarchy,Literally the EU.,"[Chipdogs]: This is obvious Russian propaganda  <br> [cubev10]: >""EVERYTHING I DON'T LIKE IS RUSSIAN PROPAGANDA""  Go back to /r/politics <br> [GuyFromGujarat]: hey suck my dick you fucking queer <br> [cubev10]: Fuck off faggot <br> [Ladenverzippelnogip]: Please never change <br> [cubev10]: >being this much of a retard  Imagine actually believing everything that is anti-EU is Russian propaganda. Please never change being a retard.",shut up bitch,13,___
a6_dweeb.,True,False,collected gold 1,30483125327,The_Donald,President Donald J. Trump Proclaims June 2018 as African-American Music Appreciation Month,"[dmm_auth_176433]: They were bitching the other day that he didn't acknowledge gay month  <br> [secaedelcielo]: ""they"" lmao.  I'm gay and I'm not bitching about it. <br> [dmm_auth_480616]: /r/politics  <br> [LeviathanAurora]: Yo, this has got to go.  <br> [dmm_auth_223278]: Why did you report me? <br> [LeviathanAurora]: Because rule 7 was broken and we get enough shit as it. Which I reported before the edit. ",Dude you are a fucking dweeb. What kind of asshole actually reports someone who is on their side politically? Fucking moron,160,___
a21_moron,True,False,collected gold 1,30483125327,The_Donald,President Donald J. Trump Proclaims June 2018 as African-American Music Appreciation Month,"[dmm_auth_176433]: They were bitching the other day that he didn't acknowledge gay month  <br> [secaedelcielo]: ""they"" lmao.  I'm gay and I'm not bitching about it. <br> [dmm_auth_480616]: /r/politics  <br> [LeviathanAurora]: Yo, this has got to go.  <br> [dmm_auth_223278]: Why did you report me? <br> [LeviathanAurora]: Because rule 7 was broken and we get enough shit as it. Which I reported before the edit. ",Dude you are a fucking dweeb. What kind of asshole actually reports someone who is on their side politically? Fucking moron,160,___
a2_suck,True,False,collected gold 1,30497355577,CringeAnarchy,Literally the EU.,"[Chipdogs]: This is obvious Russian propaganda  <br> [cubev10]: >""EVERYTHING I DON'T LIKE IS RUSSIAN PROPAGANDA""  Go back to /r/politics",hey suck my dick you fucking queer,13,___
