filename_1,comment_id_1,comment_id.1_1,title_id_1,community_id_1,title_text_1,context_1,comment_1,subthread_id_1,post_text_1,_unit_id,percentage_agreement_1,label_1,filename_2,comment_id_2,comment_id.1_2,title_id_2,community_id_2,title_text_2,context_2,comment_2,subthread_id_2,post_text_2,percentage_agreement_2,label_2
gold subthreads (2).csv,30527255330,30527255330,530396969,CringeAnarchy,"Homosexual artist criticizing his country's treatment of homosexuals gets doxxed by Leftists for ""Islamophobia""","[Pacify_]: [LINK]  Oh wow, what a Lefty!  Jesus fucking this sub is a joke. <br> [ArmOfMidas]: >Jesus fucking this sub is a joke.  Then why are you still here, you commie trash?","cause its on all feed, you bottom feeding shitbag lol",154,___,a7_bottom,0.8,False,gold subthreads (2).csv,30527255330,30527255330,530396969,CringeAnarchy,"Homosexual artist criticizing his country's treatment of homosexuals gets doxxed by Leftists for ""Islamophobia""","[Pacify_]: [LINK]  Oh wow, what a Lefty!  Jesus fucking this sub is a joke. <br> [ArmOfMidas]: >Jesus fucking this sub is a joke.  Then why are you still here, you commie trash?","cause its on all feed, you bottom feeding shitbag lol",154,___,0.6666666666666666,True
gold subthreads (2).csv,30527255330,30527255330,530396969,CringeAnarchy,"Homosexual artist criticizing his country's treatment of homosexuals gets doxxed by Leftists for ""Islamophobia""","[Pacify_]: [LINK]  Oh wow, what a Lefty!  Jesus fucking this sub is a joke. <br> [ArmOfMidas]: >Jesus fucking this sub is a joke.  Then why are you still here, you commie trash?","cause its on all feed, you bottom feeding shitbag lol",154,___,a8_feeding,0.8,False,gold subthreads (2).csv,30527255330,30527255330,530396969,CringeAnarchy,"Homosexual artist criticizing his country's treatment of homosexuals gets doxxed by Leftists for ""Islamophobia""","[Pacify_]: [LINK]  Oh wow, what a Lefty!  Jesus fucking this sub is a joke. <br> [ArmOfMidas]: >Jesus fucking this sub is a joke.  Then why are you still here, you commie trash?","cause its on all feed, you bottom feeding shitbag lol",154,___,0.6666666666666666,True
gold subthreads (2).csv,30529595051,30529595051,530213108,CringeAnarchy,MUH RACIST COLONIALISM,"[GreySeerCamps]: Only aid to Israel!  Please keep sending aid to Israel, a country who knows how to treat other races fairly! <br> [dmm_auth_59793]: AIDS to israel? You antisemite.",Ya sjw cuck cuck cuckcuckcuckcuckcuckcuckcuck error error reset cuck cuck cuck cuck cuck cuck,23,___,a3_cuck,0.6,False,gold subthreads (2).csv,30529595051,30529595051,530213108,CringeAnarchy,MUH RACIST COLONIALISM,"[GreySeerCamps]: Only aid to Israel!  Please keep sending aid to Israel, a country who knows how to treat other races fairly! <br> [dmm_auth_59793]: AIDS to israel? You antisemite.",Ya sjw cuck cuck cuckcuckcuckcuckcuckcuckcuck error error reset cuck cuck cuck cuck cuck cuck,23,___,1.0,True
gold subthreads (2).csv,30529595051,30529595051,530213108,CringeAnarchy,MUH RACIST COLONIALISM,"[GreySeerCamps]: Only aid to Israel!  Please keep sending aid to Israel, a country who knows how to treat other races fairly! <br> [dmm_auth_59793]: AIDS to israel? You antisemite.",Ya sjw cuck cuck cuckcuckcuckcuckcuckcuckcuck error error reset cuck cuck cuck cuck cuck cuck,23,___,a4_cuck,0.6,False,gold subthreads (2).csv,30529595051,30529595051,530213108,CringeAnarchy,MUH RACIST COLONIALISM,"[GreySeerCamps]: Only aid to Israel!  Please keep sending aid to Israel, a country who knows how to treat other races fairly! <br> [dmm_auth_59793]: AIDS to israel? You antisemite.",Ya sjw cuck cuck cuckcuckcuckcuckcuckcuckcuck error error reset cuck cuck cuck cuck cuck cuck,23,___,1.0,True
gold subthreads (2).csv,30529595051,30529595051,530213108,CringeAnarchy,MUH RACIST COLONIALISM,"[GreySeerCamps]: Only aid to Israel!  Please keep sending aid to Israel, a country who knows how to treat other races fairly! <br> [dmm_auth_59793]: AIDS to israel? You antisemite.",Ya sjw cuck cuck cuckcuckcuckcuckcuckcuckcuck error error reset cuck cuck cuck cuck cuck cuck,23,___,a5_cuckcuckcuckcuckcuckcuckcuck,0.6,False,gold subthreads (2).csv,30529595051,30529595051,530213108,CringeAnarchy,MUH RACIST COLONIALISM,"[GreySeerCamps]: Only aid to Israel!  Please keep sending aid to Israel, a country who knows how to treat other races fairly! <br> [dmm_auth_59793]: AIDS to israel? You antisemite.",Ya sjw cuck cuck cuckcuckcuckcuckcuckcuckcuck error error reset cuck cuck cuck cuck cuck cuck,23,___,1.0,True
gold subthreads (2).csv,30529595051,30529595051,530213108,CringeAnarchy,MUH RACIST COLONIALISM,"[GreySeerCamps]: Only aid to Israel!  Please keep sending aid to Israel, a country who knows how to treat other races fairly! <br> [dmm_auth_59793]: AIDS to israel? You antisemite.",Ya sjw cuck cuck cuckcuckcuckcuckcuckcuckcuck error error reset cuck cuck cuck cuck cuck cuck,23,___,a9_cuck,0.6,False,gold subthreads (2).csv,30529595051,30529595051,530213108,CringeAnarchy,MUH RACIST COLONIALISM,"[GreySeerCamps]: Only aid to Israel!  Please keep sending aid to Israel, a country who knows how to treat other races fairly! <br> [dmm_auth_59793]: AIDS to israel? You antisemite.",Ya sjw cuck cuck cuckcuckcuckcuckcuckcuckcuck error error reset cuck cuck cuck cuck cuck cuck,23,___,1.0,True
gold subthreads (2).csv,30529595051,30529595051,530213108,CringeAnarchy,MUH RACIST COLONIALISM,"[GreySeerCamps]: Only aid to Israel!  Please keep sending aid to Israel, a country who knows how to treat other races fairly! <br> [dmm_auth_59793]: AIDS to israel? You antisemite.",Ya sjw cuck cuck cuckcuckcuckcuckcuckcuckcuck error error reset cuck cuck cuck cuck cuck cuck,23,___,a10_cuck,0.6,False,gold subthreads (2).csv,30529595051,30529595051,530213108,CringeAnarchy,MUH RACIST COLONIALISM,"[GreySeerCamps]: Only aid to Israel!  Please keep sending aid to Israel, a country who knows how to treat other races fairly! <br> [dmm_auth_59793]: AIDS to israel? You antisemite.",Ya sjw cuck cuck cuckcuckcuckcuckcuckcuckcuck error error reset cuck cuck cuck cuck cuck cuck,23,___,1.0,True
gold subthreads (2).csv,30529595051,30529595051,530213108,CringeAnarchy,MUH RACIST COLONIALISM,"[GreySeerCamps]: Only aid to Israel!  Please keep sending aid to Israel, a country who knows how to treat other races fairly! <br> [dmm_auth_59793]: AIDS to israel? You antisemite.",Ya sjw cuck cuck cuckcuckcuckcuckcuckcuckcuck error error reset cuck cuck cuck cuck cuck cuck,23,___,a11_cuck,0.6,False,gold subthreads (2).csv,30529595051,30529595051,530213108,CringeAnarchy,MUH RACIST COLONIALISM,"[GreySeerCamps]: Only aid to Israel!  Please keep sending aid to Israel, a country who knows how to treat other races fairly! <br> [dmm_auth_59793]: AIDS to israel? You antisemite.",Ya sjw cuck cuck cuckcuckcuckcuckcuckcuckcuck error error reset cuck cuck cuck cuck cuck cuck,23,___,1.0,True
gold subthreads (2).csv,30529595051,30529595051,530213108,CringeAnarchy,MUH RACIST COLONIALISM,"[GreySeerCamps]: Only aid to Israel!  Please keep sending aid to Israel, a country who knows how to treat other races fairly! <br> [dmm_auth_59793]: AIDS to israel? You antisemite.",Ya sjw cuck cuck cuckcuckcuckcuckcuckcuckcuck error error reset cuck cuck cuck cuck cuck cuck,23,___,a12_cuck,0.6,False,gold subthreads (2).csv,30529595051,30529595051,530213108,CringeAnarchy,MUH RACIST COLONIALISM,"[GreySeerCamps]: Only aid to Israel!  Please keep sending aid to Israel, a country who knows how to treat other races fairly! <br> [dmm_auth_59793]: AIDS to israel? You antisemite.",Ya sjw cuck cuck cuckcuckcuckcuckcuckcuckcuck error error reset cuck cuck cuck cuck cuck cuck,23,___,1.0,True
gold subthreads (2).csv,30529595051,30529595051,530213108,CringeAnarchy,MUH RACIST COLONIALISM,"[GreySeerCamps]: Only aid to Israel!  Please keep sending aid to Israel, a country who knows how to treat other races fairly! <br> [dmm_auth_59793]: AIDS to israel? You antisemite.",Ya sjw cuck cuck cuckcuckcuckcuckcuckcuckcuck error error reset cuck cuck cuck cuck cuck cuck,23,___,a13_cuck,0.6,False,gold subthreads (2).csv,30529595051,30529595051,530213108,CringeAnarchy,MUH RACIST COLONIALISM,"[GreySeerCamps]: Only aid to Israel!  Please keep sending aid to Israel, a country who knows how to treat other races fairly! <br> [dmm_auth_59793]: AIDS to israel? You antisemite.",Ya sjw cuck cuck cuckcuckcuckcuckcuckcuckcuck error error reset cuck cuck cuck cuck cuck cuck,23,___,1.0,True
gold subthreads (2).csv,30529595051,30529595051,530213108,CringeAnarchy,MUH RACIST COLONIALISM,"[GreySeerCamps]: Only aid to Israel!  Please keep sending aid to Israel, a country who knows how to treat other races fairly! <br> [dmm_auth_59793]: AIDS to israel? You antisemite.",Ya sjw cuck cuck cuckcuckcuckcuckcuckcuckcuck error error reset cuck cuck cuck cuck cuck cuck,23,___,a14_cuck,0.6,False,gold subthreads (2).csv,30529595051,30529595051,530213108,CringeAnarchy,MUH RACIST COLONIALISM,"[GreySeerCamps]: Only aid to Israel!  Please keep sending aid to Israel, a country who knows how to treat other races fairly! <br> [dmm_auth_59793]: AIDS to israel? You antisemite.",Ya sjw cuck cuck cuckcuckcuckcuckcuckcuckcuck error error reset cuck cuck cuck cuck cuck cuck,23,___,1.0,True
gold subthreads (1).csv,30460146982,30460146982,522235385,CringeAnarchy,Butthurt femnazis,[ReasonableGlass]: Post the picture of Donald Jr with his kids. Jesus christ hes an ugly son of a bitch - that's the cringe <br> [IslamicStatePatriot]: go back to your fucking estro weed subs my dude. your rotten brain and shit comments belong with the other addicts,Lol freedom fighter. You're a redneck faggot bro foh,5,___,a6_redneck,0.8,False,gold subthreads (1).csv,30460146982,30460146982,522235385,CringeAnarchy,Butthurt femnazis,[ReasonableGlass]: Post the picture of Donald Jr with his kids. Jesus christ hes an ugly son of a bitch - that's the cringe <br> [IslamicStatePatriot]: go back to your fucking estro weed subs my dude. your rotten brain and shit comments belong with the other addicts,Lol freedom fighter. You're a redneck faggot bro foh,5,___,1.0,True
gold subthreads (2).csv,30525952794,30525952794,530396969,CringeAnarchy,"Homosexual artist criticizing his country's treatment of homosexuals gets doxxed by Leftists for ""Islamophobia""","[VoboTheHobo]: I'm all for gay rights, I love gay people. But recently with the Millie Bobby Brown thing, they've been painting themselves in a horrible light. <br> [surobyk]: whats with MBB? <br> [VoboTheHobo]: A lot of gay people made a ""meme"" about her being homophobic and creating fake stories about her so she closed her twitter account. <br> [surobyk]: fucking retards, they think they have moral highground just because they are homos <br> [VoboTheHobo]: That's not the right opinion but okay. <br> [surobyk]: so you do think they are morally superior just by being lgbt?",No but calling them retards and homos for just an incredibly small percentage of the lgbt community is pretty ignorant.,194,___,a7_homos,0.6,False,gold subthreads (2).csv,30525952794,30525952794,530396969,CringeAnarchy,"Homosexual artist criticizing his country's treatment of homosexuals gets doxxed by Leftists for ""Islamophobia""","[VoboTheHobo]: I'm all for gay rights, I love gay people. But recently with the Millie Bobby Brown thing, they've been painting themselves in a horrible light. <br> [surobyk]: whats with MBB? <br> [VoboTheHobo]: A lot of gay people made a ""meme"" about her being homophobic and creating fake stories about her so she closed her twitter account. <br> [surobyk]: fucking retards, they think they have moral highground just because they are homos <br> [VoboTheHobo]: That's not the right opinion but okay. <br> [surobyk]: so you do think they are morally superior just by being lgbt?",No but calling them retards and homos for just an incredibly small percentage of the lgbt community is pretty ignorant.,194,___,0.6666666666666666,True
gold subthreads (3).csv,30531488373,30531488373,531150958,CringeAnarchy,RIP,-,There's nothing worse than ugly chicks who think they're hot if they act slutty enough.,264,___,a6_chicks,0.75,False,gold subthreads (3).csv,30531488373,30531488373,531150958,CringeAnarchy,RIP,-,There's nothing worse than ugly chicks who think they're hot if they act slutty enough.,264,___,0.6666666666666666,True
gold subthreads (2).csv,30505431481,30505431481,527992432,CringeAnarchy,But he's a guy,-,Oh shit I meant to say that Obi Wan is a demiqueer human/Rancor pansexual hybrid,177,___,a12_demiqueer,1.0,False,gold subthreads (2).csv,30505431481,30505431481,527992432,CringeAnarchy,But he's a guy,-,Oh shit I meant to say that Obi Wan is a demiqueer human/Rancor pansexual hybrid,177,___,0.6666666666666666,True
gold subthreads (1).csv,30460923124,30460923124,522235385,CringeAnarchy,Butthurt femnazis,"[ReasonableGlass]: Post the picture of Donald Jr with his kids. Jesus christ hes an ugly son of a bitch - that's the cringe <br> [IslamicStatePatriot]: go back to your fucking estro weed subs my dude. your rotten brain and shit comments belong with the other addicts <br> [ReasonableGlass]: Lol freedom fighter. You're a redneck faggot bro foh <br> [CrashedonMars]: I mean the individual words appear to be English, most of them anyway, but I can't make out what this ghetto speak trash is even attempting to say.. <br> [ReasonableGlass]: Then learn to read asshole <br> [CrashedonMars]: Why the fuck would I need to know ebonics? <br> [Marmiteisgood]: How else you gonna know what these retards are saying? <br> [CrashedonMars]: I don't want to know. It's usually dribble. I'll stick with more conservative black people who value their education.","Truth be told, I'd rather stay away from them too. You'll probably end up needing to know it if a thug mugs you though.",5,___,a21_thug,0.8,False,gold subthreads (1).csv,30460923124,30460923124,522235385,CringeAnarchy,Butthurt femnazis,"[ReasonableGlass]: Post the picture of Donald Jr with his kids. Jesus christ hes an ugly son of a bitch - that's the cringe <br> [IslamicStatePatriot]: go back to your fucking estro weed subs my dude. your rotten brain and shit comments belong with the other addicts <br> [ReasonableGlass]: Lol freedom fighter. You're a redneck faggot bro foh <br> [CrashedonMars]: I mean the individual words appear to be English, most of them anyway, but I can't make out what this ghetto speak trash is even attempting to say.. <br> [ReasonableGlass]: Then learn to read asshole <br> [CrashedonMars]: Why the fuck would I need to know ebonics? <br> [Marmiteisgood]: How else you gonna know what these retards are saying? <br> [CrashedonMars]: I don't want to know. It's usually dribble. I'll stick with more conservative black people who value their education.","Truth be told, I'd rather stay away from them too. You'll probably end up needing to know it if a thug mugs you though.",5,___,0.6666666666666666,True
gold subthreads (3).csv,30535609751,30535609751,531365260,CringeAnarchy,Identity Evropa does weekend of service cleaning graffiti. Antifa response below,"[trppisdying]: Lmao you're a fucking kid, I'm Jewish and we very much are an identifiable ethnic group, please research a little before continuing to say stupid shit.  <br> [Sacklelotto]: what? <br> [trppisdying]: Lmao the guy was right, ""tactical nihilism"", it just means you're being retarded on purpose to muddy arguments. <br> [Sacklelotto]: on what argument? <br> [bspon001]: That moment when jews side with identitarians to tell you you're retarded. ","Im sure he is. Like you have a kid, braincel.",42,___,a10_braincel.,0.75,False,gold subthreads (3).csv,30535609751,30535609751,531365260,CringeAnarchy,Identity Evropa does weekend of service cleaning graffiti. Antifa response below,"[trppisdying]: Lmao you're a fucking kid, I'm Jewish and we very much are an identifiable ethnic group, please research a little before continuing to say stupid shit.  <br> [Sacklelotto]: what? <br> [trppisdying]: Lmao the guy was right, ""tactical nihilism"", it just means you're being retarded on purpose to muddy arguments. <br> [Sacklelotto]: on what argument? <br> [bspon001]: That moment when jews side with identitarians to tell you you're retarded. ","Im sure he is. Like you have a kid, braincel.",42,___,0.6666666666666666,True
gold subthreads (1).csv,30460101117,30460101117,522235385,CringeAnarchy,Butthurt femnazis,[ReasonableGlass]: Post the picture of Donald Jr with his kids. Jesus christ hes an ugly son of a bitch - that's the cringe,go back to your fucking estro weed subs my dude. your rotten brain and shit comments belong with the other addicts,5,___,a6_estro,1.0,False,gold subthreads (1).csv,30460101117,30460101117,522235385,CringeAnarchy,Butthurt femnazis,[ReasonableGlass]: Post the picture of Donald Jr with his kids. Jesus christ hes an ugly son of a bitch - that's the cringe,go back to your fucking estro weed subs my dude. your rotten brain and shit comments belong with the other addicts,5,___,0.6666666666666666,True
gold subthreads (2).csv,30507218830,30507218830,527992432,CringeAnarchy,But he's a guy,"[OniPotence]: Oh shit I meant to say that Obi Wan is a demiqueer human/Rancor pansexual hybrid <br> [avalanches]: Why did you submit a fakepost <br> [OniPotence]: Didn't know it was fake <br> [avalanches]: Haha okay so you're just dumb nvm <br> [OniPotence]: Haha you're really cool for pointing out that it's fake when fuckloads of others have already said it's fake <br> [avalanches]: and pointing out your stupid, is different <br> [OniPotence]: Mate if you're gonna criticise someone's intelligence, wouldn't it be good to have proper grammar? <br> [avalanches]: Naw no one is free from being a hypocrite. Better than being an idiot though haha <br> [OniPotence]: So just cause I didn't know an article was fake, that makes me an idiot?","uh, it's a bit more nuanced than that, but... yeah, yep. I don't just call people dumb for no reason, that's rude. ",177,___,a17_dumb,1.0,False,gold subthreads (2).csv,30507218830,30507218830,527992432,CringeAnarchy,But he's a guy,"[OniPotence]: Oh shit I meant to say that Obi Wan is a demiqueer human/Rancor pansexual hybrid <br> [avalanches]: Why did you submit a fakepost <br> [OniPotence]: Didn't know it was fake <br> [avalanches]: Haha okay so you're just dumb nvm <br> [OniPotence]: Haha you're really cool for pointing out that it's fake when fuckloads of others have already said it's fake <br> [avalanches]: and pointing out your stupid, is different <br> [OniPotence]: Mate if you're gonna criticise someone's intelligence, wouldn't it be good to have proper grammar? <br> [avalanches]: Naw no one is free from being a hypocrite. Better than being an idiot though haha <br> [OniPotence]: So just cause I didn't know an article was fake, that makes me an idiot?","uh, it's a bit more nuanced than that, but... yeah, yep. I don't just call people dumb for no reason, that's rude. ",177,___,0.6666666666666666,True
gold subthreads (2).csv,30507195824,30507195824,527992432,CringeAnarchy,But he's a guy,[OniPotence]: Oh shit I meant to say that Obi Wan is a demiqueer human/Rancor pansexual hybrid <br> [avalanches]: Why did you submit a fakepost <br> [OniPotence]: Didn't know it was fake,Haha okay so you're just dumb nvm,177,___,a6_dumb,0.6,False,gold subthreads (2).csv,30507195824,30507195824,527992432,CringeAnarchy,But he's a guy,[OniPotence]: Oh shit I meant to say that Obi Wan is a demiqueer human/Rancor pansexual hybrid <br> [avalanches]: Why did you submit a fakepost <br> [OniPotence]: Didn't know it was fake,Haha okay so you're just dumb nvm,177,___,1.0,True
gold subthreads (2).csv,30506946934,30506946934,528068068,The_Donald,WATCH PARTY: USA-NK Summit Coverage & Leader Arrivals,[GingerMinky]: I ignore them. Make them irrelevant  <br> [I-am-but-an-egg]: That's all well and good until he starts yelling stupid shit during a meeting of this magnitude,You know he was told to yell that too. Kim could send an assassin to him. I wouldn't fucking insult the leader of NK. What a dumb fuck. ,2027,"Hello all you awesome pedes. The time has finally arrived -- President Donald J. Trump's nuclear peace summit with Kim Jong Un.  The summit itself will not be broadcast, but below are videos from earlier in the day, as well as links for summit coverage livestreams, including the two leaders arrival at the venue. Additionally POTUS will give a press conference at 4am Eastern Time (one of our overnight mods will put up a livestream when available).  ---  **VIDEOS**  * [POTUS Arrives in Singapore \(NBC News\)]([LINK] * [Kim John Un takes late-night tour of Singapore \(Fox News\)]([LINK] * [POTUS Meets with the Prime Minister of Singapore]([LINK] * [Briefing by Secretary of State Michael Pompeo]([LINK]  **LIVESTREAMS**  * [Channel NewsAsia]([LINK] * [The Straits Times]([LINK] * [Fox 10 Phoenix]([LINK] * [Agenda-Free TV \(Steve Lookner\)]([LINK] * [ABC News]([LINK] * [NBC News]([LINK] * [RT]([LINK] * [C-SPAN.org]([LINK]  ---  #POTUS SUMMIT SCHEDULE (Eastern Time)  * 8:00 PM - Depart Shangri-La Hotel, Singapore, en route to the Capella Singapore Hotel * **8:20 PM - Arrive at Capella Singapore ‚Äì Sentosa Island, Singapore** * 9:00 PM - Participate in a greeting with North Korean leader Kim Jong Un * 9:15 PM - Participate in a 1:1 bilateral meeting with North Korean leader Kim Jong Un * 10:00 PM - Participate in an expanded bilateral meeting with North Korean leader Kim Jong Un * 11:30 PM - Participate in a working lunch with North Korean leader Kim Jong Un * **4:00 AM - Participate in a media availability ‚Äì Sentosa Island, Singapore** * 6:30 AM - Depart Capella Singapore en route to Paya Lebar Air Base Singapore * 6:50 AM - Arrive at Paya Lebar Air Base, Singapore ‚Äì Paya Lebar, Singapore * 7:00 AM - Depart Paya Lebar Air Base, Singapore, en route to Andersen Air Force Base, Guam",a27_dumb,0.8,False,gold subthreads (2).csv,30506946934,30506946934,528068068,The_Donald,WATCH PARTY: USA-NK Summit Coverage & Leader Arrivals,[GingerMinky]: I ignore them. Make them irrelevant  <br> [I-am-but-an-egg]: That's all well and good until he starts yelling stupid shit during a meeting of this magnitude,You know he was told to yell that too. Kim could send an assassin to him. I wouldn't fucking insult the leader of NK. What a dumb fuck. ,2027,"Hello all you awesome pedes. The time has finally arrived -- President Donald J. Trump's nuclear peace summit with Kim Jong Un.  The summit itself will not be broadcast, but below are videos from earlier in the day, as well as links for summit coverage livestreams, including the two leaders arrival at the venue. Additionally POTUS will give a press conference at 4am Eastern Time (one of our overnight mods will put up a livestream when available).  ---  **VIDEOS**  * [POTUS Arrives in Singapore \(NBC News\)]([LINK] * [Kim John Un takes late-night tour of Singapore \(Fox News\)]([LINK] * [POTUS Meets with the Prime Minister of Singapore]([LINK] * [Briefing by Secretary of State Michael Pompeo]([LINK]  **LIVESTREAMS**  * [Channel NewsAsia]([LINK] * [The Straits Times]([LINK] * [Fox 10 Phoenix]([LINK] * [Agenda-Free TV \(Steve Lookner\)]([LINK] * [ABC News]([LINK] * [NBC News]([LINK] * [RT]([LINK] * [C-SPAN.org]([LINK]  ---  #POTUS SUMMIT SCHEDULE (Eastern Time)  * 8:00 PM - Depart Shangri-La Hotel, Singapore, en route to the Capella Singapore Hotel * **8:20 PM - Arrive at Capella Singapore ‚Äì Sentosa Island, Singapore** * 9:00 PM - Participate in a greeting with North Korean leader Kim Jong Un * 9:15 PM - Participate in a 1:1 bilateral meeting with North Korean leader Kim Jong Un * 10:00 PM - Participate in an expanded bilateral meeting with North Korean leader Kim Jong Un * 11:30 PM - Participate in a working lunch with North Korean leader Kim Jong Un * **4:00 AM - Participate in a media availability ‚Äì Sentosa Island, Singapore** * 6:30 AM - Depart Capella Singapore en route to Paya Lebar Air Base Singapore * 6:50 AM - Arrive at Paya Lebar Air Base, Singapore ‚Äì Paya Lebar, Singapore * 7:00 AM - Depart Paya Lebar Air Base, Singapore, en route to Andersen Air Force Base, Guam",0.6666666666666666,True
gold subthreads (3).csv,30539049894,30539049894,532008819,CringeAnarchy,Reddit at its finest,"[MysticalElk]: You're a moron lmaooo <br> [dmm_auth_849078]: your threshold for humor is quite small. <br> [MysticalElk]: What you call humor is retarded <br> [dmm_auth_63010]: r/woosh  <br> [MysticalElk]: Trying the ol ""issa joke!"" <br> [dmm_auth_728195]: jesus christ you a thick. you laughed at yourself for calling me a moron. what are you 13? <br> [MysticalElk]: No I didn't? Your stupidity is what made me laugh",your threshold for what you consider stupid is painfully low.,164,___,a7_stupid,0.75,False,gold subthreads (3).csv,30539049894,30539049894,532008819,CringeAnarchy,Reddit at its finest,"[MysticalElk]: You're a moron lmaooo <br> [dmm_auth_849078]: your threshold for humor is quite small. <br> [MysticalElk]: What you call humor is retarded <br> [dmm_auth_63010]: r/woosh  <br> [MysticalElk]: Trying the ol ""issa joke!"" <br> [dmm_auth_728195]: jesus christ you a thick. you laughed at yourself for calling me a moron. what are you 13? <br> [MysticalElk]: No I didn't? Your stupidity is what made me laugh",your threshold for what you consider stupid is painfully low.,164,___,0.6666666666666666,True
gold subthreads (3).csv,30539035023,30539035023,532008819,CringeAnarchy,Reddit at its finest,"[MysticalElk]: You're a moron lmaooo <br> [dmm_auth_849078]: your threshold for humor is quite small. <br> [MysticalElk]: What you call humor is retarded <br> [dmm_auth_63010]: r/woosh  <br> [MysticalElk]: Trying the ol ""issa joke!"" <br> [dmm_auth_728195]: jesus christ you a thick. you laughed at yourself for calling me a moron. what are you 13?",No I didn't? Your stupidity is what made me laugh,164,___,a5_stupidity,0.75,False,gold subthreads (3).csv,30539035023,30539035023,532008819,CringeAnarchy,Reddit at its finest,"[MysticalElk]: You're a moron lmaooo <br> [dmm_auth_849078]: your threshold for humor is quite small. <br> [MysticalElk]: What you call humor is retarded <br> [dmm_auth_63010]: r/woosh  <br> [MysticalElk]: Trying the ol ""issa joke!"" <br> [dmm_auth_728195]: jesus christ you a thick. you laughed at yourself for calling me a moron. what are you 13?",No I didn't? Your stupidity is what made me laugh,164,___,0.6666666666666666,True
gold subthreads (3).csv,30534451873,30534451873,531198993,CringeAnarchy,"being ""racist"" has never looked so appealing","[Altherionftw]: I hate all people of <insert race> too, my fellow non-racist person! Those <insert race> are just pretending to be victims, lol!  <br> [RadPlomb]: The level of perceived victimhood white males from the Donald have is hilarious <br> [Excavateandfill]: Considering you are all pussies and cry babies your comment is fucking rich ","Considering you're white trash, I'll let you're fucking poor",16,___,"a4_trash,",0.75,False,gold subthreads (3).csv,30534451873,30534451873,531198993,CringeAnarchy,"being ""racist"" has never looked so appealing","[Altherionftw]: I hate all people of <insert race> too, my fellow non-racist person! Those <insert race> are just pretending to be victims, lol!  <br> [RadPlomb]: The level of perceived victimhood white males from the Donald have is hilarious <br> [Excavateandfill]: Considering you are all pussies and cry babies your comment is fucking rich ","Considering you're white trash, I'll let you're fucking poor",16,___,0.6666666666666666,True
gold subthreads (3).csv,30534460859,30534460859,531198993,CringeAnarchy,"being ""racist"" has never looked so appealing","[Altherionftw]: I hate all people of <insert race> too, my fellow non-racist person! Those <insert race> are just pretending to be victims, lol!  <br> [RadPlomb]: The level of perceived victimhood white males from the Donald have is hilarious <br> [Excavateandfill]: Considering you are all pussies and cry babies your comment is fucking rich  <br> [RadPlomb]: Considering you're white trash, I'll let you're fucking poor",I know you are trying to be funny but i didnt mean rich as in money rich. Dumbass  Such a shit attempt hahaha  ,16,___,a18_Dumbass,0.5,False,gold subthreads (3).csv,30534460859,30534460859,531198993,CringeAnarchy,"being ""racist"" has never looked so appealing","[Altherionftw]: I hate all people of <insert race> too, my fellow non-racist person! Those <insert race> are just pretending to be victims, lol!  <br> [RadPlomb]: The level of perceived victimhood white males from the Donald have is hilarious <br> [Excavateandfill]: Considering you are all pussies and cry babies your comment is fucking rich  <br> [RadPlomb]: Considering you're white trash, I'll let you're fucking poor",I know you are trying to be funny but i didnt mean rich as in money rich. Dumbass  Such a shit attempt hahaha  ,16,___,1.0,True
gold subthreads (3).csv,30537302754,30537302754,531750681,CringeAnarchy,Stupid white people,-,Stupid white people and their...  *shuffles deck*  **Lower rate of homicide!**,179,___,a1_Stupid,0.75,False,gold subthreads (3).csv,30537302754,30537302754,531750681,CringeAnarchy,Stupid white people,-,Stupid white people and their...  *shuffles deck*  **Lower rate of homicide!**,179,___,1.0,True
gold subthreads (1).csv,30460694692,30460694692,522235385,CringeAnarchy,Butthurt femnazis,"[ReasonableGlass]: Post the picture of Donald Jr with his kids. Jesus christ hes an ugly son of a bitch - that's the cringe <br> [IslamicStatePatriot]: go back to your fucking estro weed subs my dude. your rotten brain and shit comments belong with the other addicts <br> [ReasonableGlass]: Lol freedom fighter. You're a redneck faggot bro foh <br> [CrashedonMars]: I mean the individual words appear to be English, most of them anyway, but I can't make out what this ghetto speak trash is even attempting to say.. <br> [ReasonableGlass]: Then learn to read asshole",Why the fuck would I need to know ebonics?,5,___,a9_ebonics?,1.0,False,gold subthreads (1).csv,30460694692,30460694692,522235385,CringeAnarchy,Butthurt femnazis,"[ReasonableGlass]: Post the picture of Donald Jr with his kids. Jesus christ hes an ugly son of a bitch - that's the cringe <br> [IslamicStatePatriot]: go back to your fucking estro weed subs my dude. your rotten brain and shit comments belong with the other addicts <br> [ReasonableGlass]: Lol freedom fighter. You're a redneck faggot bro foh <br> [CrashedonMars]: I mean the individual words appear to be English, most of them anyway, but I can't make out what this ghetto speak trash is even attempting to say.. <br> [ReasonableGlass]: Then learn to read asshole",Why the fuck would I need to know ebonics?,5,___,0.6666666666666666,True
gold subthreads (2).csv,30507201701,30507201701,527992432,CringeAnarchy,But he's a guy,[OniPotence]: Oh shit I meant to say that Obi Wan is a demiqueer human/Rancor pansexual hybrid <br> [avalanches]: Why did you submit a fakepost <br> [OniPotence]: Didn't know it was fake <br> [avalanches]: Haha okay so you're just dumb nvm <br> [OniPotence]: Haha you're really cool for pointing out that it's fake when fuckloads of others have already said it's fake,"and pointing out your stupid, is different",177,___,"a5_stupid,",1.0,False,gold subthreads (2).csv,30507201701,30507201701,527992432,CringeAnarchy,But he's a guy,[OniPotence]: Oh shit I meant to say that Obi Wan is a demiqueer human/Rancor pansexual hybrid <br> [avalanches]: Why did you submit a fakepost <br> [OniPotence]: Didn't know it was fake <br> [avalanches]: Haha okay so you're just dumb nvm <br> [OniPotence]: Haha you're really cool for pointing out that it's fake when fuckloads of others have already said it's fake,"and pointing out your stupid, is different",177,___,0.6666666666666666,True
gold subthreads (3).csv,30533941799,30533941799,531198993,CringeAnarchy,"being ""racist"" has never looked so appealing","[Altherionftw]: I hate all people of <insert race> too, my fellow non-racist person! Those <insert race> are just pretending to be victims, lol!  <br> [RadPlomb]: The level of perceived victimhood white males from the Donald have is hilarious",Considering you are all pussies and cry babies your comment is fucking rich ,16,___,a7_cry,1.0,False,gold subthreads (3).csv,30533941799,30533941799,531198993,CringeAnarchy,"being ""racist"" has never looked so appealing","[Altherionftw]: I hate all people of <insert race> too, my fellow non-racist person! Those <insert race> are just pretending to be victims, lol!  <br> [RadPlomb]: The level of perceived victimhood white males from the Donald have is hilarious",Considering you are all pussies and cry babies your comment is fucking rich ,16,___,0.6666666666666666,True
gold subthreads (3).csv,30533941799,30533941799,531198993,CringeAnarchy,"being ""racist"" has never looked so appealing","[Altherionftw]: I hate all people of <insert race> too, my fellow non-racist person! Those <insert race> are just pretending to be victims, lol!  <br> [RadPlomb]: The level of perceived victimhood white males from the Donald have is hilarious",Considering you are all pussies and cry babies your comment is fucking rich ,16,___,a8_babies,1.0,False,gold subthreads (3).csv,30533941799,30533941799,531198993,CringeAnarchy,"being ""racist"" has never looked so appealing","[Altherionftw]: I hate all people of <insert race> too, my fellow non-racist person! Those <insert race> are just pretending to be victims, lol!  <br> [RadPlomb]: The level of perceived victimhood white males from the Donald have is hilarious",Considering you are all pussies and cry babies your comment is fucking rich ,16,___,0.6666666666666666,True
gold subthreads (2).csv,30507209206,30507209206,527992432,CringeAnarchy,But he's a guy,"[OniPotence]: Oh shit I meant to say that Obi Wan is a demiqueer human/Rancor pansexual hybrid <br> [avalanches]: Why did you submit a fakepost <br> [OniPotence]: Didn't know it was fake <br> [avalanches]: Haha okay so you're just dumb nvm <br> [OniPotence]: Haha you're really cool for pointing out that it's fake when fuckloads of others have already said it's fake <br> [avalanches]: and pointing out your stupid, is different <br> [OniPotence]: Mate if you're gonna criticise someone's intelligence, wouldn't it be good to have proper grammar?",Naw no one is free from being a hypocrite. Better than being an idiot though haha,177,___,a14_idiot,0.8,False,gold subthreads (2).csv,30507209206,30507209206,527992432,CringeAnarchy,But he's a guy,"[OniPotence]: Oh shit I meant to say that Obi Wan is a demiqueer human/Rancor pansexual hybrid <br> [avalanches]: Why did you submit a fakepost <br> [OniPotence]: Didn't know it was fake <br> [avalanches]: Haha okay so you're just dumb nvm <br> [OniPotence]: Haha you're really cool for pointing out that it's fake when fuckloads of others have already said it's fake <br> [avalanches]: and pointing out your stupid, is different <br> [OniPotence]: Mate if you're gonna criticise someone's intelligence, wouldn't it be good to have proper grammar?",Naw no one is free from being a hypocrite. Better than being an idiot though haha,177,___,1.0,True
gold subthreads (1).csv,30461355996,30461355996,522256565,The_Donald,Gamergate kids are great and this Vice propagandist sucks.,-,They awoke the sleeping neck-bearded giant by trying to fuck with his video games.  Now the angry neck-beard giant has found a new game - fucking up the SJW/Marxist/Globalist establishment. ,131,___,a27_up,1.0,False,gold subthreads (1).csv,30461355996,30461355996,522256565,The_Donald,Gamergate kids are great and this Vice propagandist sucks.,-,They awoke the sleeping neck-bearded giant by trying to fuck with his video games.  Now the angry neck-beard giant has found a new game - fucking up the SJW/Marxist/Globalist establishment. ,131,___,0.6666666666666666,True
gold subthreads (2).csv,30507220966,30507220966,527992432,CringeAnarchy,But he's a guy,"[OniPotence]: Oh shit I meant to say that Obi Wan is a demiqueer human/Rancor pansexual hybrid <br> [avalanches]: Why did you submit a fakepost <br> [OniPotence]: Didn't know it was fake <br> [avalanches]: Haha okay so you're just dumb nvm <br> [OniPotence]: Haha you're really cool for pointing out that it's fake when fuckloads of others have already said it's fake <br> [avalanches]: and pointing out your stupid, is different <br> [OniPotence]: Mate if you're gonna criticise someone's intelligence, wouldn't it be good to have proper grammar? <br> [avalanches]: Naw no one is free from being a hypocrite. Better than being an idiot though haha <br> [OniPotence]: So just cause I didn't know an article was fake, that makes me an idiot? <br> [avalanches]: uh, it's a bit more nuanced than that, but... yeah, yep. I don't just call people dumb for no reason, that's rude. ",I made a simple mistake and you call me idiotic 10/10 fuckin logic mate ,177,___,a10_idiotic,1.0,False,gold subthreads (2).csv,30507220966,30507220966,527992432,CringeAnarchy,But he's a guy,"[OniPotence]: Oh shit I meant to say that Obi Wan is a demiqueer human/Rancor pansexual hybrid <br> [avalanches]: Why did you submit a fakepost <br> [OniPotence]: Didn't know it was fake <br> [avalanches]: Haha okay so you're just dumb nvm <br> [OniPotence]: Haha you're really cool for pointing out that it's fake when fuckloads of others have already said it's fake <br> [avalanches]: and pointing out your stupid, is different <br> [OniPotence]: Mate if you're gonna criticise someone's intelligence, wouldn't it be good to have proper grammar? <br> [avalanches]: Naw no one is free from being a hypocrite. Better than being an idiot though haha <br> [OniPotence]: So just cause I didn't know an article was fake, that makes me an idiot? <br> [avalanches]: uh, it's a bit more nuanced than that, but... yeah, yep. I don't just call people dumb for no reason, that's rude. ",I made a simple mistake and you call me idiotic 10/10 fuckin logic mate ,177,___,0.6666666666666666,True
gold subthreads (2).csv,30527097625,30527097625,530330837,CringeAnarchy,"Vice ""news"" on Snapchat","[Miike78]: You could stop choosing to be gay and marry a woman- ever thought of that? <br> [EgeDal]: I live in middle east trust me if I could choose, I would.   You don't choose that stuff, you retarded fuck",You'r'e full of shit and you know it you sick pedophile ,9,___,a10_sick,1.0,False,gold subthreads (2).csv,30527097625,30527097625,530330837,CringeAnarchy,"Vice ""news"" on Snapchat","[Miike78]: You could stop choosing to be gay and marry a woman- ever thought of that? <br> [EgeDal]: I live in middle east trust me if I could choose, I would.   You don't choose that stuff, you retarded fuck",You'r'e full of shit and you know it you sick pedophile ,9,___,0.6666666666666666,True
gold subthreads (3).csv,30543244512,30543244512,531750681,CringeAnarchy,Stupid white people,"[TheRealBestAmerican]: Stupid white people and their...  *shuffles deck*  **Lower rate of homicide!** <br> [pls_coffee]: Haha so true, it's usually genocide instead <br> [TomatoPoodle]: Yeah black people have definitely ever genocided anyone  <br> [Literally_A_Shill]: Oh shit, did it just become a competition? <br> [blehrck]: Yes it is, and you're all losers. The title is still held by the mongols, more specifically Genghis Khan.  Step it up <br> [Ciao_patsy]: I think they prefer 'down syndrome' thanks <br> [blehrck]: u would know lmao","You didn't ""laugh your ass off""  Don't fucking lie on the internet you cunt ",179,___,a5_ass,0.75,False,gold subthreads (3).csv,30543244512,30543244512,531750681,CringeAnarchy,Stupid white people,"[TheRealBestAmerican]: Stupid white people and their...  *shuffles deck*  **Lower rate of homicide!** <br> [pls_coffee]: Haha so true, it's usually genocide instead <br> [TomatoPoodle]: Yeah black people have definitely ever genocided anyone  <br> [Literally_A_Shill]: Oh shit, did it just become a competition? <br> [blehrck]: Yes it is, and you're all losers. The title is still held by the mongols, more specifically Genghis Khan.  Step it up <br> [Ciao_patsy]: I think they prefer 'down syndrome' thanks <br> [blehrck]: u would know lmao","You didn't ""laugh your ass off""  Don't fucking lie on the internet you cunt ",179,___,1.0,True
gold subthreads (2).csv,30527270797,30527270797,530396969,CringeAnarchy,"Homosexual artist criticizing his country's treatment of homosexuals gets doxxed by Leftists for ""Islamophobia""","[Pacify_]: [LINK]  Oh wow, what a Lefty!  Jesus fucking this sub is a joke. <br> [ArmOfMidas]: >Jesus fucking this sub is a joke.  Then why are you still here, you commie trash? <br> [Pacify_]: cause its on all feed, you bottom feeding shitbag lol <br> [ArmOfMidas]: I feel the low IQ in this one. Back to your cave nig <br> [yourangermypleasure]: Right wing subs? check Edgy comments? check Racist comments? check  boy you just won the_donald user of the year! don't cut yourself on that edge now! <br> [ArmOfMidas]: Low IQ commies loitering the comments? **CHECK**","haha I love how easy you trumpets get mad, more comments pls :D",154,___,a7_trumpets,1.0,False,gold subthreads (2).csv,30527270797,30527270797,530396969,CringeAnarchy,"Homosexual artist criticizing his country's treatment of homosexuals gets doxxed by Leftists for ""Islamophobia""","[Pacify_]: [LINK]  Oh wow, what a Lefty!  Jesus fucking this sub is a joke. <br> [ArmOfMidas]: >Jesus fucking this sub is a joke.  Then why are you still here, you commie trash? <br> [Pacify_]: cause its on all feed, you bottom feeding shitbag lol <br> [ArmOfMidas]: I feel the low IQ in this one. Back to your cave nig <br> [yourangermypleasure]: Right wing subs? check Edgy comments? check Racist comments? check  boy you just won the_donald user of the year! don't cut yourself on that edge now! <br> [ArmOfMidas]: Low IQ commies loitering the comments? **CHECK**","haha I love how easy you trumpets get mad, more comments pls :D",154,___,0.6666666666666666,True
gold subthreads (3).csv,30531601507,30531601507,531178511,MGTOW,She's only asking for 10k.,[jeff_portnoy]: 10k? That's like 2 minutes of cam whore work. She'll be fine. <br> [I_like_PnutButter]: Though a high end whore could make that kind of cash in a few minutes.,"yeah but she prob looks like a prepubescent fat dyke lesbian, no one wants to pay to see that shit",47,___,a9_fat,0.75,False,gold subthreads (3).csv,30531601507,30531601507,531178511,MGTOW,She's only asking for 10k.,[jeff_portnoy]: 10k? That's like 2 minutes of cam whore work. She'll be fine. <br> [I_like_PnutButter]: Though a high end whore could make that kind of cash in a few minutes.,"yeah but she prob looks like a prepubescent fat dyke lesbian, no one wants to pay to see that shit",47,___,0.6666666666666666,True
gold subthreads (1).csv,30497601470,30497601470,526814882,CringeAnarchy,SO TRUE!!,"[dmm_auth_129096]: you're a cunt <br> [CrazyreverseR]: You're 14 <br> [dmm_auth_646557]: not only a cunt but a dullard too? is their no beginning to your talent? <br> [charisma6]: 12, then.","you weirdo liberal folks sure have an unhealthy interest in talking with young people, are you trying to groom me?",52,___,a2_weirdo,0.8,False,gold subthreads (1).csv,30497601470,30497601470,526814882,CringeAnarchy,SO TRUE!!,"[dmm_auth_129096]: you're a cunt <br> [CrazyreverseR]: You're 14 <br> [dmm_auth_646557]: not only a cunt but a dullard too? is their no beginning to your talent? <br> [charisma6]: 12, then.","you weirdo liberal folks sure have an unhealthy interest in talking with young people, are you trying to groom me?",52,___,0.6666666666666666,True
gold subthreads (1).csv,30497356837,30497356837,526827055,CringeAnarchy,Literally the EU.,"[Chipdogs]: This is obvious Russian propaganda  <br> [cubev10]: >""EVERYTHING I DON'T LIKE IS RUSSIAN PROPAGANDA""  Go back to /r/politics <br> [GuyFromGujarat]: hey suck my dick you fucking queer",Fuck off faggot,13,___,a2_off,0.8,False,gold subthreads (1).csv,30497356837,30497356837,526827055,CringeAnarchy,Literally the EU.,"[Chipdogs]: This is obvious Russian propaganda  <br> [cubev10]: >""EVERYTHING I DON'T LIKE IS RUSSIAN PROPAGANDA""  Go back to /r/politics <br> [GuyFromGujarat]: hey suck my dick you fucking queer",Fuck off faggot,13,___,1.0,True
gold subthreads (3).csv,30539027686,30539027686,532008819,CringeAnarchy,Reddit at its finest,"[MysticalElk]: You're a moron lmaooo <br> [dmm_auth_849078]: your threshold for humor is quite small. <br> [MysticalElk]: What you call humor is retarded <br> [dmm_auth_63010]: r/woosh  <br> [MysticalElk]: Trying the ol ""issa joke!""",jesus christ you a thick. you laughed at yourself for calling me a moron. what are you 13?,164,___,a5_thick.,0.75,False,gold subthreads (3).csv,30539027686,30539027686,532008819,CringeAnarchy,Reddit at its finest,"[MysticalElk]: You're a moron lmaooo <br> [dmm_auth_849078]: your threshold for humor is quite small. <br> [MysticalElk]: What you call humor is retarded <br> [dmm_auth_63010]: r/woosh  <br> [MysticalElk]: Trying the ol ""issa joke!""",jesus christ you a thick. you laughed at yourself for calling me a moron. what are you 13?,164,___,0.6666666666666666,True
gold subthreads (3).csv,30539027686,30539027686,532008819,CringeAnarchy,Reddit at its finest,"[MysticalElk]: You're a moron lmaooo <br> [dmm_auth_849078]: your threshold for humor is quite small. <br> [MysticalElk]: What you call humor is retarded <br> [dmm_auth_63010]: r/woosh  <br> [MysticalElk]: Trying the ol ""issa joke!""",jesus christ you a thick. you laughed at yourself for calling me a moron. what are you 13?,164,___,a14_moron.,0.5,False,gold subthreads (3).csv,30539027686,30539027686,532008819,CringeAnarchy,Reddit at its finest,"[MysticalElk]: You're a moron lmaooo <br> [dmm_auth_849078]: your threshold for humor is quite small. <br> [MysticalElk]: What you call humor is retarded <br> [dmm_auth_63010]: r/woosh  <br> [MysticalElk]: Trying the ol ""issa joke!""",jesus christ you a thick. you laughed at yourself for calling me a moron. what are you 13?,164,___,1.0,True
gold subthreads (1).csv,30460094396,30460094396,522235385,CringeAnarchy,Butthurt femnazis,-,Post the picture of Donald Jr with his kids. Jesus christ hes an ugly son of a bitch - that's the cringe,5,___,a15_son,1.0,False,gold subthreads (1).csv,30460094396,30460094396,522235385,CringeAnarchy,Butthurt femnazis,-,Post the picture of Donald Jr with his kids. Jesus christ hes an ugly son of a bitch - that's the cringe,5,___,0.6666666666666666,True
gold subthreads (1).csv,30460094396,30460094396,522235385,CringeAnarchy,Butthurt femnazis,-,Post the picture of Donald Jr with his kids. Jesus christ hes an ugly son of a bitch - that's the cringe,5,___,a16_of,1.0,False,gold subthreads (1).csv,30460094396,30460094396,522235385,CringeAnarchy,Butthurt femnazis,-,Post the picture of Donald Jr with his kids. Jesus christ hes an ugly son of a bitch - that's the cringe,5,___,0.6666666666666666,True
gold subthreads (1).csv,30460094396,30460094396,522235385,CringeAnarchy,Butthurt femnazis,-,Post the picture of Donald Jr with his kids. Jesus christ hes an ugly son of a bitch - that's the cringe,5,___,a17_a,1.0,False,gold subthreads (1).csv,30460094396,30460094396,522235385,CringeAnarchy,Butthurt femnazis,-,Post the picture of Donald Jr with his kids. Jesus christ hes an ugly son of a bitch - that's the cringe,5,___,0.6666666666666666,True
gold subthreads (1).csv,30460679126,30460679126,522235385,CringeAnarchy,Butthurt femnazis,[ReasonableGlass]: Post the picture of Donald Jr with his kids. Jesus christ hes an ugly son of a bitch - that's the cringe <br> [IslamicStatePatriot]: go back to your fucking estro weed subs my dude. your rotten brain and shit comments belong with the other addicts <br> [ReasonableGlass]: Lol freedom fighter. You're a redneck faggot bro foh,"I mean the individual words appear to be English, most of them anyway, but I can't make out what this ghetto speak trash is even attempting to say..",5,___,a23_trash,1.0,False,gold subthreads (1).csv,30460679126,30460679126,522235385,CringeAnarchy,Butthurt femnazis,[ReasonableGlass]: Post the picture of Donald Jr with his kids. Jesus christ hes an ugly son of a bitch - that's the cringe <br> [IslamicStatePatriot]: go back to your fucking estro weed subs my dude. your rotten brain and shit comments belong with the other addicts <br> [ReasonableGlass]: Lol freedom fighter. You're a redneck faggot bro foh,"I mean the individual words appear to be English, most of them anyway, but I can't make out what this ghetto speak trash is even attempting to say..",5,___,0.6666666666666666,True
gold subthreads (3).csv,30543252500,30543252500,532496784,CringeAnarchy,The naked truth about double standards,"[The_Rancor_lives]: Nor is it alive amirite? At least not until it spontaneously becomes a baby at 18 weeks RITE!?! <br> [CheeseburgerNecktie]: I really hope you dont jerk off dude <br> [The_Rancor_lives]: I hope you dont reproduce. <br> [CheeseburgerNecktie]: Okay mass murderer <br> [The_Rancor_lives]: Because I'm the one advocating abortion? Dont think so, planned murderer <br> [CheeseburgerNecktie]: Calm down killer. <br> [The_Rancor_lives]: No ^^^^^u fag <br> [CheeseburgerNecktie]: Settle down murderer  <br> [The_Rancor_lives]: Ok, you first stalin",Calm down sjw,57,___,a3_sjw,0.75,False,gold subthreads (3).csv,30543252500,30543252500,532496784,CringeAnarchy,The naked truth about double standards,"[The_Rancor_lives]: Nor is it alive amirite? At least not until it spontaneously becomes a baby at 18 weeks RITE!?! <br> [CheeseburgerNecktie]: I really hope you dont jerk off dude <br> [The_Rancor_lives]: I hope you dont reproduce. <br> [CheeseburgerNecktie]: Okay mass murderer <br> [The_Rancor_lives]: Because I'm the one advocating abortion? Dont think so, planned murderer <br> [CheeseburgerNecktie]: Calm down killer. <br> [The_Rancor_lives]: No ^^^^^u fag <br> [CheeseburgerNecktie]: Settle down murderer  <br> [The_Rancor_lives]: Ok, you first stalin",Calm down sjw,57,___,0.6666666666666666,True
gold subthreads (3).csv,30535511744,30535511744,531365260,CringeAnarchy,Identity Evropa does weekend of service cleaning graffiti. Antifa response below,-,"Lmao you're a fucking kid, I'm Jewish and we very much are an identifiable ethnic group, please research a little before continuing to say stupid shit. ",42,___,a25_stupid,0.75,False,gold subthreads (3).csv,30535511744,30535511744,531365260,CringeAnarchy,Identity Evropa does weekend of service cleaning graffiti. Antifa response below,-,"Lmao you're a fucking kid, I'm Jewish and we very much are an identifiable ethnic group, please research a little before continuing to say stupid shit. ",42,___,0.6666666666666666,True
gold subthreads (3).csv,30543255067,30543255067,532496784,CringeAnarchy,The naked truth about double standards,"[The_Rancor_lives]: Nor is it alive amirite? At least not until it spontaneously becomes a baby at 18 weeks RITE!?! <br> [CheeseburgerNecktie]: I really hope you dont jerk off dude <br> [The_Rancor_lives]: I hope you dont reproduce. <br> [CheeseburgerNecktie]: Okay mass murderer <br> [The_Rancor_lives]: Because I'm the one advocating abortion? Dont think so, planned murderer <br> [CheeseburgerNecktie]: Calm down killer. <br> [The_Rancor_lives]: No ^^^^^u fag <br> [CheeseburgerNecktie]: Settle down murderer  <br> [The_Rancor_lives]: Ok, you first stalin <br> [CheeseburgerNecktie]: Calm down sjw <br> [The_Rancor_lives]: Wtever hitler <br> [CheeseburgerNecktie]: Okay cuck",Yeetus cletus,57,___,a2_cletus,0.5,False,gold subthreads (3).csv,30543255067,30543255067,532496784,CringeAnarchy,The naked truth about double standards,"[The_Rancor_lives]: Nor is it alive amirite? At least not until it spontaneously becomes a baby at 18 weeks RITE!?! <br> [CheeseburgerNecktie]: I really hope you dont jerk off dude <br> [The_Rancor_lives]: I hope you dont reproduce. <br> [CheeseburgerNecktie]: Okay mass murderer <br> [The_Rancor_lives]: Because I'm the one advocating abortion? Dont think so, planned murderer <br> [CheeseburgerNecktie]: Calm down killer. <br> [The_Rancor_lives]: No ^^^^^u fag <br> [CheeseburgerNecktie]: Settle down murderer  <br> [The_Rancor_lives]: Ok, you first stalin <br> [CheeseburgerNecktie]: Calm down sjw <br> [The_Rancor_lives]: Wtever hitler <br> [CheeseburgerNecktie]: Okay cuck",Yeetus cletus,57,___,0.6666666666666666,True
gold subthreads (1).csv,30498034345,30498034345,527039815,CringeAnarchy,Me during fag pride month,[johnjohn120]: Why the hell do You Care if guys like dick instead of pussy. Relax dude,They're degenerate fucks.,13,___,a2_degenerate,0.8,False,gold subthreads (1).csv,30498034345,30498034345,527039815,CringeAnarchy,Me during fag pride month,[johnjohn120]: Why the hell do You Care if guys like dick instead of pussy. Relax dude,They're degenerate fucks.,13,___,0.6666666666666666,True
gold subthreads (2).csv,30526750738,30526750738,530396969,CringeAnarchy,"Homosexual artist criticizing his country's treatment of homosexuals gets doxxed by Leftists for ""Islamophobia""",-,"[LINK]  Oh wow, what a Lefty!  Jesus fucking this sub is a joke.",154,___,a6_Lefty!,1.0,False,gold subthreads (2).csv,30526750738,30526750738,530396969,CringeAnarchy,"Homosexual artist criticizing his country's treatment of homosexuals gets doxxed by Leftists for ""Islamophobia""",-,"[LINK]  Oh wow, what a Lefty!  Jesus fucking this sub is a joke.",154,___,0.6666666666666666,True
gold subthreads (1).csv,30499200621,30499200621,526827055,CringeAnarchy,Literally the EU.,"[Chipdogs]: This is obvious Russian propaganda  <br> [cubev10]: >""EVERYTHING I DON'T LIKE IS RUSSIAN PROPAGANDA""  Go back to /r/politics <br> [GuyFromGujarat]: hey suck my dick you fucking queer <br> [cubev10]: Fuck off faggot <br> [Ladenverzippelnogip]: Please never change <br> [cubev10]: >being this much of a retard  Imagine actually believing everything that is anti-EU is Russian propaganda. Please never change being a retard.",shut up bitch,13,___,a1_shut,0.6,False,gold subthreads (1).csv,30499200621,30499200621,526827055,CringeAnarchy,Literally the EU.,"[Chipdogs]: This is obvious Russian propaganda  <br> [cubev10]: >""EVERYTHING I DON'T LIKE IS RUSSIAN PROPAGANDA""  Go back to /r/politics <br> [GuyFromGujarat]: hey suck my dick you fucking queer <br> [cubev10]: Fuck off faggot <br> [Ladenverzippelnogip]: Please never change <br> [cubev10]: >being this much of a retard  Imagine actually believing everything that is anti-EU is Russian propaganda. Please never change being a retard.",shut up bitch,13,___,1.0,True
gold subthreads (1).csv,30499200621,30499200621,526827055,CringeAnarchy,Literally the EU.,"[Chipdogs]: This is obvious Russian propaganda  <br> [cubev10]: >""EVERYTHING I DON'T LIKE IS RUSSIAN PROPAGANDA""  Go back to /r/politics <br> [GuyFromGujarat]: hey suck my dick you fucking queer <br> [cubev10]: Fuck off faggot <br> [Ladenverzippelnogip]: Please never change <br> [cubev10]: >being this much of a retard  Imagine actually believing everything that is anti-EU is Russian propaganda. Please never change being a retard.",shut up bitch,13,___,a2_up,0.6,False,gold subthreads (1).csv,30499200621,30499200621,526827055,CringeAnarchy,Literally the EU.,"[Chipdogs]: This is obvious Russian propaganda  <br> [cubev10]: >""EVERYTHING I DON'T LIKE IS RUSSIAN PROPAGANDA""  Go back to /r/politics <br> [GuyFromGujarat]: hey suck my dick you fucking queer <br> [cubev10]: Fuck off faggot <br> [Ladenverzippelnogip]: Please never change <br> [cubev10]: >being this much of a retard  Imagine actually believing everything that is anti-EU is Russian propaganda. Please never change being a retard.",shut up bitch,13,___,1.0,True
gold subthreads (3).csv,30543241941,30543241941,532496784,CringeAnarchy,The naked truth about double standards,[The_Rancor_lives]: Nor is it alive amirite? At least not until it spontaneously becomes a baby at 18 weeks RITE!?!,I really hope you dont jerk off dude,57,___,a6_jerk,0.5,False,gold subthreads (3).csv,30543241941,30543241941,532496784,CringeAnarchy,The naked truth about double standards,[The_Rancor_lives]: Nor is it alive amirite? At least not until it spontaneously becomes a baby at 18 weeks RITE!?!,I really hope you dont jerk off dude,57,___,0.6666666666666666,True
gold subthreads (3).csv,30543241941,30543241941,532496784,CringeAnarchy,The naked truth about double standards,[The_Rancor_lives]: Nor is it alive amirite? At least not until it spontaneously becomes a baby at 18 weeks RITE!?!,I really hope you dont jerk off dude,57,___,a7_off,0.75,False,gold subthreads (3).csv,30543241941,30543241941,532496784,CringeAnarchy,The naked truth about double standards,[The_Rancor_lives]: Nor is it alive amirite? At least not until it spontaneously becomes a baby at 18 weeks RITE!?!,I really hope you dont jerk off dude,57,___,0.6666666666666666,True
gold subthreads (1).csv,30483125327,30483125327,525092060,The_Donald,President Donald J. Trump Proclaims June 2018 as African-American Music Appreciation Month,"[dmm_auth_176433]: They were bitching the other day that he didn't acknowledge gay month  <br> [secaedelcielo]: ""they"" lmao.  I'm gay and I'm not bitching about it. <br> [dmm_auth_480616]: /r/politics  <br> [LeviathanAurora]: Yo, this has got to go.  <br> [dmm_auth_223278]: Why did you report me? <br> [LeviathanAurora]: Because rule 7 was broken and we get enough shit as it. Which I reported before the edit. ",Dude you are a fucking dweeb. What kind of asshole actually reports someone who is on their side politically? Fucking moron,160,___,a6_dweeb.,0.8,False,gold subthreads (1).csv,30483125327,30483125327,525092060,The_Donald,President Donald J. Trump Proclaims June 2018 as African-American Music Appreciation Month,"[dmm_auth_176433]: They were bitching the other day that he didn't acknowledge gay month  <br> [secaedelcielo]: ""they"" lmao.  I'm gay and I'm not bitching about it. <br> [dmm_auth_480616]: /r/politics  <br> [LeviathanAurora]: Yo, this has got to go.  <br> [dmm_auth_223278]: Why did you report me? <br> [LeviathanAurora]: Because rule 7 was broken and we get enough shit as it. Which I reported before the edit. ",Dude you are a fucking dweeb. What kind of asshole actually reports someone who is on their side politically? Fucking moron,160,___,1.0,True
gold subthreads (1).csv,30483125327,30483125327,525092060,The_Donald,President Donald J. Trump Proclaims June 2018 as African-American Music Appreciation Month,"[dmm_auth_176433]: They were bitching the other day that he didn't acknowledge gay month  <br> [secaedelcielo]: ""they"" lmao.  I'm gay and I'm not bitching about it. <br> [dmm_auth_480616]: /r/politics  <br> [LeviathanAurora]: Yo, this has got to go.  <br> [dmm_auth_223278]: Why did you report me? <br> [LeviathanAurora]: Because rule 7 was broken and we get enough shit as it. Which I reported before the edit. ",Dude you are a fucking dweeb. What kind of asshole actually reports someone who is on their side politically? Fucking moron,160,___,a21_moron,0.6,False,gold subthreads (1).csv,30483125327,30483125327,525092060,The_Donald,President Donald J. Trump Proclaims June 2018 as African-American Music Appreciation Month,"[dmm_auth_176433]: They were bitching the other day that he didn't acknowledge gay month  <br> [secaedelcielo]: ""they"" lmao.  I'm gay and I'm not bitching about it. <br> [dmm_auth_480616]: /r/politics  <br> [LeviathanAurora]: Yo, this has got to go.  <br> [dmm_auth_223278]: Why did you report me? <br> [LeviathanAurora]: Because rule 7 was broken and we get enough shit as it. Which I reported before the edit. ",Dude you are a fucking dweeb. What kind of asshole actually reports someone who is on their side politically? Fucking moron,160,___,1.0,True
gold subthreads (2).csv,30527242151,30527242151,530396969,CringeAnarchy,"Homosexual artist criticizing his country's treatment of homosexuals gets doxxed by Leftists for ""Islamophobia""","[Pacify_]: [LINK]  Oh wow, what a Lefty!  Jesus fucking this sub is a joke.",">Jesus fucking this sub is a joke.  Then why are you still here, you commie trash?",154,___,a15_commie,0.8,False,gold subthreads (2).csv,30527242151,30527242151,530396969,CringeAnarchy,"Homosexual artist criticizing his country's treatment of homosexuals gets doxxed by Leftists for ""Islamophobia""","[Pacify_]: [LINK]  Oh wow, what a Lefty!  Jesus fucking this sub is a joke.",">Jesus fucking this sub is a joke.  Then why are you still here, you commie trash?",154,___,1.0,True
gold subthreads (2).csv,30527242151,30527242151,530396969,CringeAnarchy,"Homosexual artist criticizing his country's treatment of homosexuals gets doxxed by Leftists for ""Islamophobia""","[Pacify_]: [LINK]  Oh wow, what a Lefty!  Jesus fucking this sub is a joke.",">Jesus fucking this sub is a joke.  Then why are you still here, you commie trash?",154,___,a16_trash?,0.8,False,gold subthreads (2).csv,30527242151,30527242151,530396969,CringeAnarchy,"Homosexual artist criticizing his country's treatment of homosexuals gets doxxed by Leftists for ""Islamophobia""","[Pacify_]: [LINK]  Oh wow, what a Lefty!  Jesus fucking this sub is a joke.",">Jesus fucking this sub is a joke.  Then why are you still here, you commie trash?",154,___,0.6666666666666666,True
gold subthreads (2).csv,30527267506,30527267506,530396969,CringeAnarchy,"Homosexual artist criticizing his country's treatment of homosexuals gets doxxed by Leftists for ""Islamophobia""","[Pacify_]: [LINK]  Oh wow, what a Lefty!  Jesus fucking this sub is a joke. <br> [ArmOfMidas]: >Jesus fucking this sub is a joke.  Then why are you still here, you commie trash? <br> [Pacify_]: cause its on all feed, you bottom feeding shitbag lol <br> [ArmOfMidas]: I feel the low IQ in this one. Back to your cave nig <br> [yourangermypleasure]: Right wing subs? check Edgy comments? check Racist comments? check  boy you just won the_donald user of the year! don't cut yourself on that edge now!",Low IQ commies loitering the comments? **CHECK**,154,___,a3_commies,0.8,False,gold subthreads (2).csv,30527267506,30527267506,530396969,CringeAnarchy,"Homosexual artist criticizing his country's treatment of homosexuals gets doxxed by Leftists for ""Islamophobia""","[Pacify_]: [LINK]  Oh wow, what a Lefty!  Jesus fucking this sub is a joke. <br> [ArmOfMidas]: >Jesus fucking this sub is a joke.  Then why are you still here, you commie trash? <br> [Pacify_]: cause its on all feed, you bottom feeding shitbag lol <br> [ArmOfMidas]: I feel the low IQ in this one. Back to your cave nig <br> [yourangermypleasure]: Right wing subs? check Edgy comments? check Racist comments? check  boy you just won the_donald user of the year! don't cut yourself on that edge now!",Low IQ commies loitering the comments? **CHECK**,154,___,1.0,True
gold subthreads (2).csv,30513999529,30513999529,528777403,TheRedPill,Is this a feminism level Up ? What the hell is happening in the video game industry ??,-,Mofos ruined Mass Effect forever for me.,125,"As a proud Redpiller for years now I was literally shocked how much recent and especially upcoming video games are clearly becoming more and more feminist or at least very female oriented.   I was a dedicated gamer few years ago and I'm 30 by the way. I loved video games, still do but don't actually spend that much time playing anymore. I'm playing my own ""Red"" game now as a Redpill obviously. For years though I was seeking some kind of teaching and life inspiration in video games. It's been very helpful when I was a teen or even in my twenties.  You can say anything you want about video games but I do still believe that it's a pure male field ! It's a deep male fantasy about being in control in some kind of extraordinary situations. It's about dominance. We love to play war, to fight, to drive fast, to spell stuff, to be challenged, to win and achieve greatness ! It is a pure male drive ! It's no more than visualization.   There is more and more female gamers nowadays thanks to social media and fool beta orbiters who validate these chicks. It feels cheap though and somehow fake. It's always sounds like ""male experience emulation"".   Anyway, as some of you know it's E3 week. A lot of games have been announced and most of theme are as I said very female oriented to say the least. Take a look :   Battlefield V (EA): ""Here comes a new challenger"" and It's a woman soldier...in the battlefield... and in World war II fantasy   Control  (Remedy) : You play a chick who is in charge obviously and ""controls"" everything   Last of us 2 (Sony) : You play a girl, lesbian, and kick some ass  Sea of solitude (EA) :  quote ""...On her search to change, she soon finds out that her biggest enemies are not the huge monsters that she meets on her way through the Sea of Solitude""  ...and many others.   In some other games I also noticed that even if the hero is still a dude there is more and more female presence. In my opinion the video game industry is clearly promoting some feminism aspects like gender equality stuff and it seems like every developer out there feels like it has to be done whether they like it or not  What's your take on this guys ?",a1_Mofos,0.6,False,gold subthreads (2).csv,30513999529,30513999529,528777403,TheRedPill,Is this a feminism level Up ? What the hell is happening in the video game industry ??,-,Mofos ruined Mass Effect forever for me.,125,"As a proud Redpiller for years now I was literally shocked how much recent and especially upcoming video games are clearly becoming more and more feminist or at least very female oriented.   I was a dedicated gamer few years ago and I'm 30 by the way. I loved video games, still do but don't actually spend that much time playing anymore. I'm playing my own ""Red"" game now as a Redpill obviously. For years though I was seeking some kind of teaching and life inspiration in video games. It's been very helpful when I was a teen or even in my twenties.  You can say anything you want about video games but I do still believe that it's a pure male field ! It's a deep male fantasy about being in control in some kind of extraordinary situations. It's about dominance. We love to play war, to fight, to drive fast, to spell stuff, to be challenged, to win and achieve greatness ! It is a pure male drive ! It's no more than visualization.   There is more and more female gamers nowadays thanks to social media and fool beta orbiters who validate these chicks. It feels cheap though and somehow fake. It's always sounds like ""male experience emulation"".   Anyway, as some of you know it's E3 week. A lot of games have been announced and most of theme are as I said very female oriented to say the least. Take a look :   Battlefield V (EA): ""Here comes a new challenger"" and It's a woman soldier...in the battlefield... and in World war II fantasy   Control  (Remedy) : You play a chick who is in charge obviously and ""controls"" everything   Last of us 2 (Sony) : You play a girl, lesbian, and kick some ass  Sea of solitude (EA) :  quote ""...On her search to change, she soon finds out that her biggest enemies are not the huge monsters that she meets on her way through the Sea of Solitude""  ...and many others.   In some other games I also noticed that even if the hero is still a dude there is more and more female presence. In my opinion the video game industry is clearly promoting some feminism aspects like gender equality stuff and it seems like every developer out there feels like it has to be done whether they like it or not  What's your take on this guys ?",0.6666666666666666,True
gold subthreads (2).csv,30507210464,30507210464,527992432,CringeAnarchy,But he's a guy,"[OniPotence]: Oh shit I meant to say that Obi Wan is a demiqueer human/Rancor pansexual hybrid <br> [avalanches]: Why did you submit a fakepost <br> [OniPotence]: Didn't know it was fake <br> [avalanches]: Haha okay so you're just dumb nvm <br> [OniPotence]: Haha you're really cool for pointing out that it's fake when fuckloads of others have already said it's fake <br> [avalanches]: and pointing out your stupid, is different <br> [OniPotence]: Mate if you're gonna criticise someone's intelligence, wouldn't it be good to have proper grammar? <br> [avalanches]: Naw no one is free from being a hypocrite. Better than being an idiot though haha","So just cause I didn't know an article was fake, that makes me an idiot?",177,___,a15_idiot?,0.8,False,gold subthreads (2).csv,30507210464,30507210464,527992432,CringeAnarchy,But he's a guy,"[OniPotence]: Oh shit I meant to say that Obi Wan is a demiqueer human/Rancor pansexual hybrid <br> [avalanches]: Why did you submit a fakepost <br> [OniPotence]: Didn't know it was fake <br> [avalanches]: Haha okay so you're just dumb nvm <br> [OniPotence]: Haha you're really cool for pointing out that it's fake when fuckloads of others have already said it's fake <br> [avalanches]: and pointing out your stupid, is different <br> [OniPotence]: Mate if you're gonna criticise someone's intelligence, wouldn't it be good to have proper grammar? <br> [avalanches]: Naw no one is free from being a hypocrite. Better than being an idiot though haha","So just cause I didn't know an article was fake, that makes me an idiot?",177,___,1.0,True
gold subthreads (1).csv,30497355577,30497355577,526827055,CringeAnarchy,Literally the EU.,"[Chipdogs]: This is obvious Russian propaganda  <br> [cubev10]: >""EVERYTHING I DON'T LIKE IS RUSSIAN PROPAGANDA""  Go back to /r/politics",hey suck my dick you fucking queer,13,___,a2_suck,0.6,False,gold subthreads (1).csv,30497355577,30497355577,526827055,CringeAnarchy,Literally the EU.,"[Chipdogs]: This is obvious Russian propaganda  <br> [cubev10]: >""EVERYTHING I DON'T LIKE IS RUSSIAN PROPAGANDA""  Go back to /r/politics",hey suck my dick you fucking queer,13,___,0.6666666666666666,True
