Submission id,Participant id,Status,Started at,Completed at,Reviewed at,Archived at,Time taken,Completion code,Total approvals,Nationality (uk),Fluent languages,Primary language,Age,Sex,Ethnicity simplified,Country of birth,Country of residence,Nationality,Language,Student status,Employment status
64d38a45ab780e42f5058637,5bfec39e571cea00018aa783,APPROVED,2023-08-09T12:44:55.730000Z,2023-08-09T12:52:03.885000Z,2023-08-09T18:17:25.453000,2023-08-09T12:52:04.365002Z,429,91442ADD,519,England,English,English,39,Female,White,United Kingdom,United Kingdom,United Kingdom,English,No,Full-Time
64d38abaf9e9d39c52ab5564,6440588caf502b75b3fe71a2,APPROVED,2023-08-09T12:47:05.668000Z,2023-08-09T12:55:05.425000Z,2023-08-09T18:17:27.077000,2023-08-09T12:55:06.021219Z,480,91442ADD,92,Scotland,English,English,24,Male,White,United Kingdom,United Kingdom,United Kingdom,English,Yes,Other
64d38ace573eb0a78e2728af,5dfb6c4d19232d899d182cda,APPROVED,2023-08-09T12:48:29.416000Z,2023-08-09T13:04:25.982000Z,2023-08-09T18:17:29.178000,2023-08-09T13:04:26.830204Z,957,91442ADD,1168,England,English,English,62,Female,White,United Kingdom,United Kingdom,United Kingdom,English,No,Unemployed (and job seeking)
64d38b029c08e8fcf0ae296f,5e445310a0d6810635690358,APPROVED,2023-08-09T12:48:05.694000Z,2023-08-09T12:59:32.971000Z,2023-08-09T18:17:30.299000,2023-08-09T12:59:33.529377Z,688,91442ADD,121,Scotland,English,English,42,Female,White,United Kingdom,United Kingdom,United Kingdom,English,No,Full-Time
64d38b050c74d46cb65551b2,5d34411e9ca0ce001929384e,APPROVED,2023-08-09T12:48:09.382000Z,2023-08-09T12:55:11.311000Z,2023-08-09T18:17:28.207000,2023-08-09T12:55:11.824838Z,422,91442ADD,55,England,English,English,34,Female,White,United Kingdom,United Kingdom,United Kingdom,English,No,Full-Time
