"Submission id","Participant id","Status","Started at","Completed at","Reviewed at","Archived at","Time taken","Completion code","Total approvals","Nationality (uk)","Fluent languages","Primary language","Age","Sex","Ethnicity simplified","Country of birth","Country of residence","Nationality","Language","Student status","Employment status"
"64d38dbf15cdfef4a2ebadbb","5b6449eff7798c000182782a","APPROVED","2023-08-09T12:59:51.307000Z","2023-08-09T13:07:00.938000Z","2023-08-10T08:54:09.088000","2023-08-09T13:07:01.374475Z","430","91442ADD","226","England","English","English","43","Female","White","United Kingdom","United Kingdom","United Kingdom","English","No","DATA_EXPIRED"
"64d38dbff0d5eab07f29954a","5b6ee328bbc37000016a2e5c","APPROVED","2023-08-09T12:59:48.097000Z","2023-08-09T13:18:02.145000Z","2023-08-10T08:54:07.918000","2023-08-09T13:18:02.735501Z","1095","91442ADD","450","England","English","English","58","Female","White","United Kingdom","United Kingdom","United Kingdom","English","No","Other"
"64d38e16ef437f2b7700139e","55da0d9369dbc30005b684c3","APPROVED","2023-08-09T13:01:17.396000Z","2023-08-09T13:12:31.854000Z","2023-08-10T08:54:10.658000","2023-08-09T13:12:39.085101Z","675","91442ADD","647","England","English","English","60","Female","White","United Kingdom","United Kingdom","United Kingdom","English","No","Part-Time"
"64d38e33318b73dc962184a6","64491c7a994595c5ded09c80@email.prolific.co","APPROVED","2023-08-09T13:01:43.949000Z","2023-08-09T13:16:32.289000Z","2023-08-10T08:54:11.563000","2023-08-09T13:16:32.893271Z","889","91442ADD","30","England","English","English","52","Female","White","United Kingdom","United Kingdom","United Kingdom","English","No","Part-Time"
"64d39f73421902bc2b4aa473","5c3476a2f5ebd50001841284","APPROVED","2023-08-09T14:16:53.308000Z","2023-08-09T14:34:20.795000Z","2023-08-10T08:54:12.860000","2023-08-09T14:34:21.401507Z","1048","91442ADD","1884","England","English, Italian","English","42","Male","White","United Kingdom","United Kingdom","United Kingdom","English","No","Full-Time"