filename,comment_id,comment_id.1,title_id,community_id,title_text,context,comment,subthread_id,post_text,comment_label
gold subthreads (2).csv,30527255330,30527255330,530396969,CringeAnarchy,"Homosexual artist criticizing his country's treatment of homosexuals gets doxxed by Leftists for ""Islamophobia""","[Pacify_]: [LINK]  Oh wow, what a Lefty!  Jesus fucking this sub is a joke. <br> [ArmOfMidas]: >Jesus fucking this sub is a joke.  Then why are you still here, you commie trash?","cause its on all feed, you bottom feeding shitbag lol",154,___,True
gold subthreads (2).csv,30529595051,30529595051,530213108,CringeAnarchy,MUH RACIST COLONIALISM,"[GreySeerCamps]: Only aid to Israel!  Please keep sending aid to Israel, a country who knows how to treat other races fairly! <br> [dmm_auth_59793]: AIDS to israel? You antisemite.",Ya sjw cuck cuck cuckcuckcuckcuckcuckcuckcuck error error reset cuck cuck cuck cuck cuck cuck,23,___,True
gold subthreads (2).csv,30505923764,30505923764,527983119,CringeAnarchy,Interesting thing to say when you're objectively below average looking,[Woonachan]: Cause you can get called a rapist and get convicted if the girl regrets sleeping with you. ,"Real talk, pussy isn't worth my career ",25,___,True
gold subthreads (2).csv,30525952794,30525952794,530396969,CringeAnarchy,"Homosexual artist criticizing his country's treatment of homosexuals gets doxxed by Leftists for ""Islamophobia""","[VoboTheHobo]: I'm all for gay rights, I love gay people. But recently with the Millie Bobby Brown thing, they've been painting themselves in a horrible light. <br> [surobyk]: whats with MBB? <br> [VoboTheHobo]: A lot of gay people made a ""meme"" about her being homophobic and creating fake stories about her so she closed her twitter account. <br> [surobyk]: fucking retards, they think they have moral highground just because they are homos <br> [VoboTheHobo]: That's not the right opinion but okay. <br> [surobyk]: so you do think they are morally superior just by being lgbt?",No but calling them retards and homos for just an incredibly small percentage of the lgbt community is pretty ignorant.,194,___,True
gold subthreads (2).csv,30525710208,30525710208,530396969,CringeAnarchy,"Homosexual artist criticizing his country's treatment of homosexuals gets doxxed by Leftists for ""Islamophobia""",-,"I'm all for gay rights, I love gay people. But recently with the Millie Bobby Brown thing, they've been painting themselves in a horrible light.",194,___,True
gold subthreads (2).csv,30525903689,30525903689,530396969,CringeAnarchy,"Homosexual artist criticizing his country's treatment of homosexuals gets doxxed by Leftists for ""Islamophobia""","[VoboTheHobo]: I'm all for gay rights, I love gay people. But recently with the Millie Bobby Brown thing, they've been painting themselves in a horrible light. <br> [surobyk]: whats with MBB?","A lot of gay people made a ""meme"" about her being homophobic and creating fake stories about her so she closed her twitter account.",194,___,True
gold subthreads (2).csv,30505720784,30505720784,528019648,The_Donald,"‚òÖ Meetings between staffs and representatives are going well and quickly....but in the end, that doesn't matter. We will all know soon whether or not a real deal, unlike those of the past, can happen! ‚òÖ",-,Wait the meeting is tonight   YES ,65,___,False
gold subthreads (2).csv,30506940278,30506940278,528068068,The_Donald,WATCH PARTY: USA-NK Summit Coverage & Leader Arrivals,-,I ignore them. Make them irrelevant ,2027,"Hello all you awesome pedes. The time has finally arrived -- President Donald J. Trump's nuclear peace summit with Kim Jong Un.  The summit itself will not be broadcast, but below are videos from earlier in the day, as well as links for summit coverage livestreams, including the two leaders arrival at the venue. Additionally POTUS will give a press conference at 4am Eastern Time (one of our overnight mods will put up a livestream when available).  ---  **VIDEOS**  * [POTUS Arrives in Singapore \(NBC News\)]([LINK] * [Kim John Un takes late-night tour of Singapore \(Fox News\)]([LINK] * [POTUS Meets with the Prime Minister of Singapore]([LINK] * [Briefing by Secretary of State Michael Pompeo]([LINK]  **LIVESTREAMS**  * [Channel NewsAsia]([LINK] * [The Straits Times]([LINK] * [Fox 10 Phoenix]([LINK] * [Agenda-Free TV \(Steve Lookner\)]([LINK] * [ABC News]([LINK] * [NBC News]([LINK] * [RT]([LINK] * [C-SPAN.org]([LINK]  ---  #POTUS SUMMIT SCHEDULE (Eastern Time)  * 8:00 PM - Depart Shangri-La Hotel, Singapore, en route to the Capella Singapore Hotel * **8:20 PM - Arrive at Capella Singapore ‚Äì Sentosa Island, Singapore** * 9:00 PM - Participate in a greeting with North Korean leader Kim Jong Un * 9:15 PM - Participate in a 1:1 bilateral meeting with North Korean leader Kim Jong Un * 10:00 PM - Participate in an expanded bilateral meeting with North Korean leader Kim Jong Un * 11:30 PM - Participate in a working lunch with North Korean leader Kim Jong Un * **4:00 AM - Participate in a media availability ‚Äì Sentosa Island, Singapore** * 6:30 AM - Depart Capella Singapore en route to Paya Lebar Air Base Singapore * 6:50 AM - Arrive at Paya Lebar Air Base, Singapore ‚Äì Paya Lebar, Singapore * 7:00 AM - Depart Paya Lebar Air Base, Singapore, en route to Andersen Air Force Base, Guam",False
gold subthreads (2).csv,30506862441,30506862441,528068068,The_Donald,WATCH PARTY: USA-NK Summit Coverage & Leader Arrivals,[kreeper_6]: That fucker Acosta better keep his fucking mouth shut! He fucking had to shout at the president after the handshake earlier!!!! fucking  cunt that guy!!!!!!!,It'd be great if Kim told the North Korean secrete service to 'take him away',1631,"Hello all you awesome pedes. The time has finally arrived -- President Donald J. Trump's nuclear peace summit with Kim Jong Un.  The summit itself will not be broadcast, but below are videos from earlier in the day, as well as links for summit coverage livestreams, including the two leaders arrival at the venue. Additionally POTUS will give a press conference at 4am Eastern Time (one of our overnight mods will put up a livestream when available).  ---  **VIDEOS**  * [POTUS Arrives in Singapore \(NBC News\)]([LINK] * [Kim John Un takes late-night tour of Singapore \(Fox News\)]([LINK] * [POTUS Meets with the Prime Minister of Singapore]([LINK] * [Briefing by Secretary of State Michael Pompeo]([LINK]  **LIVESTREAMS**  * [Channel NewsAsia]([LINK] * [The Straits Times]([LINK] * [Fox 10 Phoenix]([LINK] * [Agenda-Free TV \(Steve Lookner\)]([LINK] * [ABC News]([LINK] * [NBC News]([LINK] * [RT]([LINK] * [C-SPAN.org]([LINK]  ---  #POTUS SUMMIT SCHEDULE (Eastern Time)  * 8:00 PM - Depart Shangri-La Hotel, Singapore, en route to the Capella Singapore Hotel * **8:20 PM - Arrive at Capella Singapore ‚Äì Sentosa Island, Singapore** * 9:00 PM - Participate in a greeting with North Korean leader Kim Jong Un * 9:15 PM - Participate in a 1:1 bilateral meeting with North Korean leader Kim Jong Un * 10:00 PM - Participate in an expanded bilateral meeting with North Korean leader Kim Jong Un * 11:30 PM - Participate in a working lunch with North Korean leader Kim Jong Un * **4:00 AM - Participate in a media availability ‚Äì Sentosa Island, Singapore** * 6:30 AM - Depart Capella Singapore en route to Paya Lebar Air Base Singapore * 6:50 AM - Arrive at Paya Lebar Air Base, Singapore ‚Äì Paya Lebar, Singapore * 7:00 AM - Depart Paya Lebar Air Base, Singapore, en route to Andersen Air Force Base, Guam",False
gold subthreads (2).csv,30507203717,30507203717,527992432,CringeAnarchy,But he's a guy,"[OniPotence]: Oh shit I meant to say that Obi Wan is a demiqueer human/Rancor pansexual hybrid <br> [avalanches]: Why did you submit a fakepost <br> [OniPotence]: Didn't know it was fake <br> [avalanches]: Haha okay so you're just dumb nvm <br> [OniPotence]: Haha you're really cool for pointing out that it's fake when fuckloads of others have already said it's fake <br> [avalanches]: and pointing out your stupid, is different","Mate if you're gonna criticise someone's intelligence, wouldn't it be good to have proper grammar?",177,___,False
gold subthreads (2).csv,30505431481,30505431481,527992432,CringeAnarchy,But he's a guy,-,Oh shit I meant to say that Obi Wan is a demiqueer human/Rancor pansexual hybrid,177,___,True
gold subthreads (2).csv,30506864947,30506864947,528068068,The_Donald,WATCH PARTY: USA-NK Summit Coverage & Leader Arrivals,[kreeper_6]: That fucker Acosta better keep his fucking mouth shut! He fucking had to shout at the president after the handshake earlier!!!! fucking  cunt that guy!!!!!!! <br> [votingforjohnson]: It'd be great if Kim told the North Korean secrete service to 'take him away',North Korea can keep him. No negotiations for his return.,1631,"Hello all you awesome pedes. The time has finally arrived -- President Donald J. Trump's nuclear peace summit with Kim Jong Un.  The summit itself will not be broadcast, but below are videos from earlier in the day, as well as links for summit coverage livestreams, including the two leaders arrival at the venue. Additionally POTUS will give a press conference at 4am Eastern Time (one of our overnight mods will put up a livestream when available).  ---  **VIDEOS**  * [POTUS Arrives in Singapore \(NBC News\)]([LINK] * [Kim John Un takes late-night tour of Singapore \(Fox News\)]([LINK] * [POTUS Meets with the Prime Minister of Singapore]([LINK] * [Briefing by Secretary of State Michael Pompeo]([LINK]  **LIVESTREAMS**  * [Channel NewsAsia]([LINK] * [The Straits Times]([LINK] * [Fox 10 Phoenix]([LINK] * [Agenda-Free TV \(Steve Lookner\)]([LINK] * [ABC News]([LINK] * [NBC News]([LINK] * [RT]([LINK] * [C-SPAN.org]([LINK]  ---  #POTUS SUMMIT SCHEDULE (Eastern Time)  * 8:00 PM - Depart Shangri-La Hotel, Singapore, en route to the Capella Singapore Hotel * **8:20 PM - Arrive at Capella Singapore ‚Äì Sentosa Island, Singapore** * 9:00 PM - Participate in a greeting with North Korean leader Kim Jong Un * 9:15 PM - Participate in a 1:1 bilateral meeting with North Korean leader Kim Jong Un * 10:00 PM - Participate in an expanded bilateral meeting with North Korean leader Kim Jong Un * 11:30 PM - Participate in a working lunch with North Korean leader Kim Jong Un * **4:00 AM - Participate in a media availability ‚Äì Sentosa Island, Singapore** * 6:30 AM - Depart Capella Singapore en route to Paya Lebar Air Base Singapore * 6:50 AM - Arrive at Paya Lebar Air Base, Singapore ‚Äì Paya Lebar, Singapore * 7:00 AM - Depart Paya Lebar Air Base, Singapore, en route to Andersen Air Force Base, Guam",False
gold subthreads (2).csv,30505751690,30505751690,528019648,The_Donald,"‚òÖ Meetings between staffs and representatives are going well and quickly....but in the end, that doesn't matter. We will all know soon whether or not a real deal, unlike those of the past, can happen! ‚òÖ",[SleepyIvy3311]: Wait the meeting is tonight   YES ,"In less than two hours. GEOTUS is getting in the limo to go there in 45 minutes.  Personally, this is the SUPERBOWL for me!  America First!",65,___,False
gold subthreads (2).csv,30527256960,30527256960,530396969,CringeAnarchy,"Homosexual artist criticizing his country's treatment of homosexuals gets doxxed by Leftists for ""Islamophobia""","[Pacify_]: [LINK]  Oh wow, what a Lefty!  Jesus fucking this sub is a joke. <br> [ArmOfMidas]: >Jesus fucking this sub is a joke.  Then why are you still here, you commie trash? <br> [Pacify_]: cause its on all feed, you bottom feeding shitbag lol",I feel the low IQ in this one. Back to your cave nig,154,___,True
gold subthreads (2).csv,30506942825,30506942825,528068068,The_Donald,WATCH PARTY: USA-NK Summit Coverage & Leader Arrivals,[GingerMinky]: I ignore them. Make them irrelevant ,That's all well and good until he starts yelling stupid shit during a meeting of this magnitude,2027,"Hello all you awesome pedes. The time has finally arrived -- President Donald J. Trump's nuclear peace summit with Kim Jong Un.  The summit itself will not be broadcast, but below are videos from earlier in the day, as well as links for summit coverage livestreams, including the two leaders arrival at the venue. Additionally POTUS will give a press conference at 4am Eastern Time (one of our overnight mods will put up a livestream when available).  ---  **VIDEOS**  * [POTUS Arrives in Singapore \(NBC News\)]([LINK] * [Kim John Un takes late-night tour of Singapore \(Fox News\)]([LINK] * [POTUS Meets with the Prime Minister of Singapore]([LINK] * [Briefing by Secretary of State Michael Pompeo]([LINK]  **LIVESTREAMS**  * [Channel NewsAsia]([LINK] * [The Straits Times]([LINK] * [Fox 10 Phoenix]([LINK] * [Agenda-Free TV \(Steve Lookner\)]([LINK] * [ABC News]([LINK] * [NBC News]([LINK] * [RT]([LINK] * [C-SPAN.org]([LINK]  ---  #POTUS SUMMIT SCHEDULE (Eastern Time)  * 8:00 PM - Depart Shangri-La Hotel, Singapore, en route to the Capella Singapore Hotel * **8:20 PM - Arrive at Capella Singapore ‚Äì Sentosa Island, Singapore** * 9:00 PM - Participate in a greeting with North Korean leader Kim Jong Un * 9:15 PM - Participate in a 1:1 bilateral meeting with North Korean leader Kim Jong Un * 10:00 PM - Participate in an expanded bilateral meeting with North Korean leader Kim Jong Un * 11:30 PM - Participate in a working lunch with North Korean leader Kim Jong Un * **4:00 AM - Participate in a media availability ‚Äì Sentosa Island, Singapore** * 6:30 AM - Depart Capella Singapore en route to Paya Lebar Air Base Singapore * 6:50 AM - Arrive at Paya Lebar Air Base, Singapore ‚Äì Paya Lebar, Singapore * 7:00 AM - Depart Paya Lebar Air Base, Singapore, en route to Andersen Air Force Base, Guam",True
gold subthreads (2).csv,30526996839,30526996839,530330837,CringeAnarchy,"Vice ""news"" on Snapchat",[Miike78]: You could stop choosing to be gay and marry a woman- ever thought of that?,"I live in middle east trust me if I could choose, I would.   You don't choose that stuff, you retarded fuck",9,___,True
gold subthreads (2).csv,30507218830,30507218830,527992432,CringeAnarchy,But he's a guy,"[OniPotence]: Oh shit I meant to say that Obi Wan is a demiqueer human/Rancor pansexual hybrid <br> [avalanches]: Why did you submit a fakepost <br> [OniPotence]: Didn't know it was fake <br> [avalanches]: Haha okay so you're just dumb nvm <br> [OniPotence]: Haha you're really cool for pointing out that it's fake when fuckloads of others have already said it's fake <br> [avalanches]: and pointing out your stupid, is different <br> [OniPotence]: Mate if you're gonna criticise someone's intelligence, wouldn't it be good to have proper grammar? <br> [avalanches]: Naw no one is free from being a hypocrite. Better than being an idiot though haha <br> [OniPotence]: So just cause I didn't know an article was fake, that makes me an idiot?","uh, it's a bit more nuanced than that, but... yeah, yep. I don't just call people dumb for no reason, that's rude. ",177,___,True
gold subthreads (2).csv,30506709704,30506709704,527983119,CringeAnarchy,Interesting thing to say when you're objectively below average looking,"[Woonachan]: Cause you can get called a rapist and get convicted if the girl regrets sleeping with you.  <br> [_0W0_]: Real talk, pussy isn't worth my career  <br> [54N74C2UZ]: Jesus what situations do you incels find yourselves in where the girl does that shit?  Maybe don't fuck rich drunk insane birches  you just met and you'll be good?",Incels fucking bitches? Nah...,25,___,True
gold subthreads (2).csv,30525698914,30525698914,528777403,TheRedPill,Is this a feminism level Up ? What the hell is happening in the video game industry ??,[archetypicalman]: Mofos ruined Mass Effect forever for me. <br> [EPArt]: True but I will always fondly remember punching that reporter bitch in the face on more than one occasion that bitch was askin for it everytime. A top moment in gaming for sure,Falcon Punch! Only renegade choice I made consistently in every game!,125,"As a proud Redpiller for years now I was literally shocked how much recent and especially upcoming video games are clearly becoming more and more feminist or at least very female oriented.   I was a dedicated gamer few years ago and I'm 30 by the way. I loved video games, still do but don't actually spend that much time playing anymore. I'm playing my own ""Red"" game now as a Redpill obviously. For years though I was seeking some kind of teaching and life inspiration in video games. It's been very helpful when I was a teen or even in my twenties.  You can say anything you want about video games but I do still believe that it's a pure male field ! It's a deep male fantasy about being in control in some kind of extraordinary situations. It's about dominance. We love to play war, to fight, to drive fast, to spell stuff, to be challenged, to win and achieve greatness ! It is a pure male drive ! It's no more than visualization.   There is more and more female gamers nowadays thanks to social media and fool beta orbiters who validate these chicks. It feels cheap though and somehow fake. It's always sounds like ""male experience emulation"".   Anyway, as some of you know it's E3 week. A lot of games have been announced and most of theme are as I said very female oriented to say the least. Take a look :   Battlefield V (EA): ""Here comes a new challenger"" and It's a woman soldier...in the battlefield... and in World war II fantasy   Control  (Remedy) : You play a chick who is in charge obviously and ""controls"" everything   Last of us 2 (Sony) : You play a girl, lesbian, and kick some ass  Sea of solitude (EA) :  quote ""...On her search to change, she soon finds out that her biggest enemies are not the huge monsters that she meets on her way through the Sea of Solitude""  ...and many others.   In some other games I also noticed that even if the hero is still a dude there is more and more female presence. In my opinion the video game industry is clearly promoting some feminism aspects like gender equality stuff and it seems like every developer out there feels like it has to be done whether they like it or not  What's your take on this guys ?",True
gold subthreads (2).csv,30527265626,30527265626,530396969,CringeAnarchy,"Homosexual artist criticizing his country's treatment of homosexuals gets doxxed by Leftists for ""Islamophobia""","[Pacify_]: [LINK]  Oh wow, what a Lefty!  Jesus fucking this sub is a joke. <br> [ArmOfMidas]: >Jesus fucking this sub is a joke.  Then why are you still here, you commie trash? <br> [Pacify_]: cause its on all feed, you bottom feeding shitbag lol <br> [ArmOfMidas]: I feel the low IQ in this one. Back to your cave nig",Right wing subs? check Edgy comments? check Racist comments? check  boy you just won the_donald user of the year! don't cut yourself on that edge now!,154,___,False
gold subthreads (2).csv,30507195824,30507195824,527992432,CringeAnarchy,But he's a guy,[OniPotence]: Oh shit I meant to say that Obi Wan is a demiqueer human/Rancor pansexual hybrid <br> [avalanches]: Why did you submit a fakepost <br> [OniPotence]: Didn't know it was fake,Haha okay so you're just dumb nvm,177,___,True
gold subthreads (2).csv,30529542340,30529542340,530213108,CringeAnarchy,MUH RACIST COLONIALISM,"[GreySeerCamps]: Only aid to Israel!  Please keep sending aid to Israel, a country who knows how to treat other races fairly!",AIDS to israel? You antisemite.,23,___,False
gold subthreads (2).csv,30526363530,30526363530,530213108,CringeAnarchy,MUH RACIST COLONIALISM,-,"Only aid to Israel!  Please keep sending aid to Israel, a country who knows how to treat other races fairly!",23,___,False
gold subthreads (2).csv,30527857640,30527857640,530330837,CringeAnarchy,"Vice ""news"" on Snapchat","[Miike78]: You could stop choosing to be gay and marry a woman- ever thought of that? <br> [EgeDal]: I live in middle east trust me if I could choose, I would.   You don't choose that stuff, you retarded fuck <br> [Miike78]: You'r'e full of shit and you know it you sick pedophile ","Why would I risk being killed if I could choose not to? There are big consequences to being gay in Middle East, you know that right? ",9,___,True
gold subthreads (2).csv,30506946934,30506946934,528068068,The_Donald,WATCH PARTY: USA-NK Summit Coverage & Leader Arrivals,[GingerMinky]: I ignore them. Make them irrelevant  <br> [I-am-but-an-egg]: That's all well and good until he starts yelling stupid shit during a meeting of this magnitude,You know he was told to yell that too. Kim could send an assassin to him. I wouldn't fucking insult the leader of NK. What a dumb fuck. ,2027,"Hello all you awesome pedes. The time has finally arrived -- President Donald J. Trump's nuclear peace summit with Kim Jong Un.  The summit itself will not be broadcast, but below are videos from earlier in the day, as well as links for summit coverage livestreams, including the two leaders arrival at the venue. Additionally POTUS will give a press conference at 4am Eastern Time (one of our overnight mods will put up a livestream when available).  ---  **VIDEOS**  * [POTUS Arrives in Singapore \(NBC News\)]([LINK] * [Kim John Un takes late-night tour of Singapore \(Fox News\)]([LINK] * [POTUS Meets with the Prime Minister of Singapore]([LINK] * [Briefing by Secretary of State Michael Pompeo]([LINK]  **LIVESTREAMS**  * [Channel NewsAsia]([LINK] * [The Straits Times]([LINK] * [Fox 10 Phoenix]([LINK] * [Agenda-Free TV \(Steve Lookner\)]([LINK] * [ABC News]([LINK] * [NBC News]([LINK] * [RT]([LINK] * [C-SPAN.org]([LINK]  ---  #POTUS SUMMIT SCHEDULE (Eastern Time)  * 8:00 PM - Depart Shangri-La Hotel, Singapore, en route to the Capella Singapore Hotel * **8:20 PM - Arrive at Capella Singapore ‚Äì Sentosa Island, Singapore** * 9:00 PM - Participate in a greeting with North Korean leader Kim Jong Un * 9:15 PM - Participate in a 1:1 bilateral meeting with North Korean leader Kim Jong Un * 10:00 PM - Participate in an expanded bilateral meeting with North Korean leader Kim Jong Un * 11:30 PM - Participate in a working lunch with North Korean leader Kim Jong Un * **4:00 AM - Participate in a media availability ‚Äì Sentosa Island, Singapore** * 6:30 AM - Depart Capella Singapore en route to Paya Lebar Air Base Singapore * 6:50 AM - Arrive at Paya Lebar Air Base, Singapore ‚Äì Paya Lebar, Singapore * 7:00 AM - Depart Paya Lebar Air Base, Singapore, en route to Andersen Air Force Base, Guam",True
gold subthreads (2).csv,30511609705,30511609705,528656932,CringeAnarchy,Huffington Post...,[dmm_auth_717072]: > was kinda miffed that the bride wore her heals on the green for photos.  As he should have been. How fucking entitled is that chick?,I mean... it's her wedding day,160,___,True
gold subthreads (2).csv,30511653481,30511653481,528656932,CringeAnarchy,Huffington Post...,[dmm_auth_717072]: > was kinda miffed that the bride wore her heals on the green for photos.  As he should have been. How fucking entitled is that chick? <br> [CokedUpWarlock]: I mean... it's her wedding day <br> [dmm_auth_807246]: Which doesn't mean you can tear shit up like a child.,Not what TLC taught me,160,___,True
gold subthreads (2).csv,30526995117,30526995117,530330837,CringeAnarchy,"Vice ""news"" on Snapchat",-,You could stop choosing to be gay and marry a woman- ever thought of that?,9,___,True
gold subthreads (2).csv,30525907713,30525907713,530396969,CringeAnarchy,"Homosexual artist criticizing his country's treatment of homosexuals gets doxxed by Leftists for ""Islamophobia""","[VoboTheHobo]: I'm all for gay rights, I love gay people. But recently with the Millie Bobby Brown thing, they've been painting themselves in a horrible light. <br> [surobyk]: whats with MBB? <br> [VoboTheHobo]: A lot of gay people made a ""meme"" about her being homophobic and creating fake stories about her so she closed her twitter account.","fucking retards, they think they have moral highground just because they are homos",194,___,True
gold subthreads (2).csv,30507198149,30507198149,527992432,CringeAnarchy,But he's a guy,[OniPotence]: Oh shit I meant to say that Obi Wan is a demiqueer human/Rancor pansexual hybrid <br> [avalanches]: Why did you submit a fakepost <br> [OniPotence]: Didn't know it was fake <br> [avalanches]: Haha okay so you're just dumb nvm,Haha you're really cool for pointing out that it's fake when fuckloads of others have already said it's fake,177,___,True
gold subthreads (2).csv,30507201701,30507201701,527992432,CringeAnarchy,But he's a guy,[OniPotence]: Oh shit I meant to say that Obi Wan is a demiqueer human/Rancor pansexual hybrid <br> [avalanches]: Why did you submit a fakepost <br> [OniPotence]: Didn't know it was fake <br> [avalanches]: Haha okay so you're just dumb nvm <br> [OniPotence]: Haha you're really cool for pointing out that it's fake when fuckloads of others have already said it's fake,"and pointing out your stupid, is different",177,___,True
gold subthreads (2).csv,30505320303,30505320303,527983119,CringeAnarchy,Interesting thing to say when you're objectively below average looking,-,Cause you can get called a rapist and get convicted if the girl regrets sleeping with you. ,25,___,True
gold subthreads (2).csv,30507209206,30507209206,527992432,CringeAnarchy,But he's a guy,"[OniPotence]: Oh shit I meant to say that Obi Wan is a demiqueer human/Rancor pansexual hybrid <br> [avalanches]: Why did you submit a fakepost <br> [OniPotence]: Didn't know it was fake <br> [avalanches]: Haha okay so you're just dumb nvm <br> [OniPotence]: Haha you're really cool for pointing out that it's fake when fuckloads of others have already said it's fake <br> [avalanches]: and pointing out your stupid, is different <br> [OniPotence]: Mate if you're gonna criticise someone's intelligence, wouldn't it be good to have proper grammar?",Naw no one is free from being a hypocrite. Better than being an idiot though haha,177,___,True
gold subthreads (2).csv,30511489804,30511489804,528656932,CringeAnarchy,Huffington Post...,-,> was kinda miffed that the bride wore her heals on the green for photos.  As he should have been. How fucking entitled is that chick?,160,___,True
gold subthreads (2).csv,30507220966,30507220966,527992432,CringeAnarchy,But he's a guy,"[OniPotence]: Oh shit I meant to say that Obi Wan is a demiqueer human/Rancor pansexual hybrid <br> [avalanches]: Why did you submit a fakepost <br> [OniPotence]: Didn't know it was fake <br> [avalanches]: Haha okay so you're just dumb nvm <br> [OniPotence]: Haha you're really cool for pointing out that it's fake when fuckloads of others have already said it's fake <br> [avalanches]: and pointing out your stupid, is different <br> [OniPotence]: Mate if you're gonna criticise someone's intelligence, wouldn't it be good to have proper grammar? <br> [avalanches]: Naw no one is free from being a hypocrite. Better than being an idiot though haha <br> [OniPotence]: So just cause I didn't know an article was fake, that makes me an idiot? <br> [avalanches]: uh, it's a bit more nuanced than that, but... yeah, yep. I don't just call people dumb for no reason, that's rude. ",I made a simple mistake and you call me idiotic 10/10 fuckin logic mate ,177,___,True
gold subthreads (2).csv,30527097625,30527097625,530330837,CringeAnarchy,"Vice ""news"" on Snapchat","[Miike78]: You could stop choosing to be gay and marry a woman- ever thought of that? <br> [EgeDal]: I live in middle east trust me if I could choose, I would.   You don't choose that stuff, you retarded fuck",You'r'e full of shit and you know it you sick pedophile ,9,___,True
gold subthreads (2).csv,30507190480,30507190480,527992432,CringeAnarchy,But he's a guy,[OniPotence]: Oh shit I meant to say that Obi Wan is a demiqueer human/Rancor pansexual hybrid <br> [avalanches]: Why did you submit a fakepost,Didn't know it was fake,177,___,True
gold subthreads (2).csv,30530056685,30530056685,530959912,CringeAnarchy,Fighting mechanical bigotry!,[YungestFrankie]: r/fatlogic,Got banned for stating i think fat people are ugly on another sub lol don't use /r/fatlogic its shit.,18,___,True
gold subthreads (2).csv,30525951283,30525951283,530396969,CringeAnarchy,"Homosexual artist criticizing his country's treatment of homosexuals gets doxxed by Leftists for ""Islamophobia""","[VoboTheHobo]: I'm all for gay rights, I love gay people. But recently with the Millie Bobby Brown thing, they've been painting themselves in a horrible light. <br> [surobyk]: whats with MBB? <br> [VoboTheHobo]: A lot of gay people made a ""meme"" about her being homophobic and creating fake stories about her so she closed her twitter account. <br> [surobyk]: fucking retards, they think they have moral highground just because they are homos <br> [VoboTheHobo]: That's not the right opinion but okay.",so you do think they are morally superior just by being lgbt?,194,___,True
gold subthreads (2).csv,30506859547,30506859547,528068068,The_Donald,WATCH PARTY: USA-NK Summit Coverage & Leader Arrivals,-,That fucker Acosta better keep his fucking mouth shut! He fucking had to shout at the president after the handshake earlier!!!! fucking  cunt that guy!!!!!!!,1631,"Hello all you awesome pedes. The time has finally arrived -- President Donald J. Trump's nuclear peace summit with Kim Jong Un.  The summit itself will not be broadcast, but below are videos from earlier in the day, as well as links for summit coverage livestreams, including the two leaders arrival at the venue. Additionally POTUS will give a press conference at 4am Eastern Time (one of our overnight mods will put up a livestream when available).  ---  **VIDEOS**  * [POTUS Arrives in Singapore \(NBC News\)]([LINK] * [Kim John Un takes late-night tour of Singapore \(Fox News\)]([LINK] * [POTUS Meets with the Prime Minister of Singapore]([LINK] * [Briefing by Secretary of State Michael Pompeo]([LINK]  **LIVESTREAMS**  * [Channel NewsAsia]([LINK] * [The Straits Times]([LINK] * [Fox 10 Phoenix]([LINK] * [Agenda-Free TV \(Steve Lookner\)]([LINK] * [ABC News]([LINK] * [NBC News]([LINK] * [RT]([LINK] * [C-SPAN.org]([LINK]  ---  #POTUS SUMMIT SCHEDULE (Eastern Time)  * 8:00 PM - Depart Shangri-La Hotel, Singapore, en route to the Capella Singapore Hotel * **8:20 PM - Arrive at Capella Singapore ‚Äì Sentosa Island, Singapore** * 9:00 PM - Participate in a greeting with North Korean leader Kim Jong Un * 9:15 PM - Participate in a 1:1 bilateral meeting with North Korean leader Kim Jong Un * 10:00 PM - Participate in an expanded bilateral meeting with North Korean leader Kim Jong Un * 11:30 PM - Participate in a working lunch with North Korean leader Kim Jong Un * **4:00 AM - Participate in a media availability ‚Äì Sentosa Island, Singapore** * 6:30 AM - Depart Capella Singapore en route to Paya Lebar Air Base Singapore * 6:50 AM - Arrive at Paya Lebar Air Base, Singapore ‚Äì Paya Lebar, Singapore * 7:00 AM - Depart Paya Lebar Air Base, Singapore, en route to Andersen Air Force Base, Guam",True
gold subthreads (2).csv,30518715151,30518715151,529642040,The_Donald,"Manafort ordered to jail, bail revoked on witness tampering charge",[MAGAallthetime]: They're fucking him He's no great guy but they are fuckin him,What really pisses me off about this is how the libs will just muh .. Trump Russia collusion,1,___,False
gold subthreads (2).csv,30530770182,30530770182,530959912,CringeAnarchy,Fighting mechanical bigotry!,[YungestFrankie]: r/fatlogic <br> [wetweyw45n5846umj235]: Got banned for stating i think fat people are ugly on another sub lol don't use /r/fatlogic its shit. <br> [aworon21]: Why is it shit? I'd never heard of the sub before but just spent some minutes browsing there and it's pretty good stuff. <br> [bwv1056]: At this point it's mostly obese people making fun of more obese people.,And?,18,___,False
gold subthreads (2).csv,30525947059,30525947059,530396969,CringeAnarchy,"Homosexual artist criticizing his country's treatment of homosexuals gets doxxed by Leftists for ""Islamophobia""","[VoboTheHobo]: I'm all for gay rights, I love gay people. But recently with the Millie Bobby Brown thing, they've been painting themselves in a horrible light. <br> [surobyk]: whats with MBB? <br> [VoboTheHobo]: A lot of gay people made a ""meme"" about her being homophobic and creating fake stories about her so she closed her twitter account. <br> [surobyk]: fucking retards, they think they have moral highground just because they are homos",That's not the right opinion but okay.,194,___,False
gold subthreads (2).csv,30518730167,30518730167,529642040,The_Donald,"Manafort ordered to jail, bail revoked on witness tampering charge",[MAGAallthetime]: They're fucking him He's no great guy but they are fuckin him <br> [ontothefuture]: What really pisses me off about this is how the libs will just muh .. Trump Russia collusion,This is a travesty The got the guy in insignificant stuff 15 years ago and they're just fuckin with him nonstop  It's disgusting third world type shit,1,___,True
gold subthreads (2).csv,30524472891,30524472891,528777403,TheRedPill,Is this a feminism level Up ? What the hell is happening in the video game industry ??,[archetypicalman]: Mofos ruined Mass Effect forever for me.,True but I will always fondly remember punching that reporter bitch in the face on more than one occasion that bitch was askin for it everytime. A top moment in gaming for sure,125,"As a proud Redpiller for years now I was literally shocked how much recent and especially upcoming video games are clearly becoming more and more feminist or at least very female oriented.   I was a dedicated gamer few years ago and I'm 30 by the way. I loved video games, still do but don't actually spend that much time playing anymore. I'm playing my own ""Red"" game now as a Redpill obviously. For years though I was seeking some kind of teaching and life inspiration in video games. It's been very helpful when I was a teen or even in my twenties.  You can say anything you want about video games but I do still believe that it's a pure male field ! It's a deep male fantasy about being in control in some kind of extraordinary situations. It's about dominance. We love to play war, to fight, to drive fast, to spell stuff, to be challenged, to win and achieve greatness ! It is a pure male drive ! It's no more than visualization.   There is more and more female gamers nowadays thanks to social media and fool beta orbiters who validate these chicks. It feels cheap though and somehow fake. It's always sounds like ""male experience emulation"".   Anyway, as some of you know it's E3 week. A lot of games have been announced and most of theme are as I said very female oriented to say the least. Take a look :   Battlefield V (EA): ""Here comes a new challenger"" and It's a woman soldier...in the battlefield... and in World war II fantasy   Control  (Remedy) : You play a chick who is in charge obviously and ""controls"" everything   Last of us 2 (Sony) : You play a girl, lesbian, and kick some ass  Sea of solitude (EA) :  quote ""...On her search to change, she soon finds out that her biggest enemies are not the huge monsters that she meets on her way through the Sea of Solitude""  ...and many others.   In some other games I also noticed that even if the hero is still a dude there is more and more female presence. In my opinion the video game industry is clearly promoting some feminism aspects like gender equality stuff and it seems like every developer out there feels like it has to be done whether they like it or not  What's your take on this guys ?",True
gold subthreads (2).csv,30511649115,30511649115,528656932,CringeAnarchy,Huffington Post...,[dmm_auth_717072]: > was kinda miffed that the bride wore her heals on the green for photos.  As he should have been. How fucking entitled is that chick? <br> [CokedUpWarlock]: I mean... it's her wedding day,Which doesn't mean you can tear shit up like a child.,160,___,True
gold subthreads (2).csv,30505754117,30505754117,528019648,The_Donald,"‚òÖ Meetings between staffs and representatives are going well and quickly....but in the end, that doesn't matter. We will all know soon whether or not a real deal, unlike those of the past, can happen! ‚òÖ","[SleepyIvy3311]: Wait the meeting is tonight   YES  <br> [whoscout]: In less than two hours. GEOTUS is getting in the limo to go there in 45 minutes.  Personally, this is the SUPERBOWL for me!  America First!","Is there going to be any coverage, obv not in the meeting but are we doing a discord tn ",65,___,False
gold subthreads (2).csv,30527270797,30527270797,530396969,CringeAnarchy,"Homosexual artist criticizing his country's treatment of homosexuals gets doxxed by Leftists for ""Islamophobia""","[Pacify_]: [LINK]  Oh wow, what a Lefty!  Jesus fucking this sub is a joke. <br> [ArmOfMidas]: >Jesus fucking this sub is a joke.  Then why are you still here, you commie trash? <br> [Pacify_]: cause its on all feed, you bottom feeding shitbag lol <br> [ArmOfMidas]: I feel the low IQ in this one. Back to your cave nig <br> [yourangermypleasure]: Right wing subs? check Edgy comments? check Racist comments? check  boy you just won the_donald user of the year! don't cut yourself on that edge now! <br> [ArmOfMidas]: Low IQ commies loitering the comments? **CHECK**","haha I love how easy you trumpets get mad, more comments pls :D",154,___,True
gold subthreads (2).csv,30529511872,30529511872,530959912,CringeAnarchy,Fighting mechanical bigotry!,-,r/fatlogic,18,___,False
gold subthreads (2).csv,30526750738,30526750738,530396969,CringeAnarchy,"Homosexual artist criticizing his country's treatment of homosexuals gets doxxed by Leftists for ""Islamophobia""",-,"[LINK]  Oh wow, what a Lefty!  Jesus fucking this sub is a joke.",154,___,True
gold subthreads (2).csv,30527242151,30527242151,530396969,CringeAnarchy,"Homosexual artist criticizing his country's treatment of homosexuals gets doxxed by Leftists for ""Islamophobia""","[Pacify_]: [LINK]  Oh wow, what a Lefty!  Jesus fucking this sub is a joke.",">Jesus fucking this sub is a joke.  Then why are you still here, you commie trash?",154,___,True
gold subthreads (2).csv,30525886339,30525886339,530396969,CringeAnarchy,"Homosexual artist criticizing his country's treatment of homosexuals gets doxxed by Leftists for ""Islamophobia""","[VoboTheHobo]: I'm all for gay rights, I love gay people. But recently with the Millie Bobby Brown thing, they've been painting themselves in a horrible light.",whats with MBB?,194,___,False
gold subthreads (2).csv,30507260468,30507260468,527992432,CringeAnarchy,But he's a guy,"[OniPotence]: Oh shit I meant to say that Obi Wan is a demiqueer human/Rancor pansexual hybrid <br> [avalanches]: Why did you submit a fakepost <br> [OniPotence]: Didn't know it was fake <br> [avalanches]: Haha okay so you're just dumb nvm <br> [OniPotence]: Haha you're really cool for pointing out that it's fake when fuckloads of others have already said it's fake <br> [avalanches]: and pointing out your stupid, is different <br> [OniPotence]: Mate if you're gonna criticise someone's intelligence, wouldn't it be good to have proper grammar? <br> [avalanches]: Naw no one is free from being a hypocrite. Better than being an idiot though haha <br> [OniPotence]: So just cause I didn't know an article was fake, that makes me an idiot? <br> [avalanches]: uh, it's a bit more nuanced than that, but... yeah, yep. I don't just call people dumb for no reason, that's rude.  <br> [OniPotence]: I made a simple mistake and you call me idiotic 10/10 fuckin logic mate ",haha keep on meming XD,177,___,False
gold subthreads (2).csv,30530436008,30530436008,530959912,CringeAnarchy,Fighting mechanical bigotry!,[YungestFrankie]: r/fatlogic <br> [wetweyw45n5846umj235]: Got banned for stating i think fat people are ugly on another sub lol don't use /r/fatlogic its shit.,Why is it shit? I'd never heard of the sub before but just spent some minutes browsing there and it's pretty good stuff.,18,___,True
gold subthreads (2).csv,30506138674,30506138674,527983119,CringeAnarchy,Interesting thing to say when you're objectively below average looking,"[Woonachan]: Cause you can get called a rapist and get convicted if the girl regrets sleeping with you.  <br> [_0W0_]: Real talk, pussy isn't worth my career ",Jesus what situations do you incels find yourselves in where the girl does that shit?  Maybe don't fuck rich drunk insane birches  you just met and you'll be good?,25,___,True
gold subthreads (2).csv,30507188826,30507188826,527992432,CringeAnarchy,But he's a guy,[OniPotence]: Oh shit I meant to say that Obi Wan is a demiqueer human/Rancor pansexual hybrid,Why did you submit a fakepost,177,___,False
gold subthreads (2).csv,30527267506,30527267506,530396969,CringeAnarchy,"Homosexual artist criticizing his country's treatment of homosexuals gets doxxed by Leftists for ""Islamophobia""","[Pacify_]: [LINK]  Oh wow, what a Lefty!  Jesus fucking this sub is a joke. <br> [ArmOfMidas]: >Jesus fucking this sub is a joke.  Then why are you still here, you commie trash? <br> [Pacify_]: cause its on all feed, you bottom feeding shitbag lol <br> [ArmOfMidas]: I feel the low IQ in this one. Back to your cave nig <br> [yourangermypleasure]: Right wing subs? check Edgy comments? check Racist comments? check  boy you just won the_donald user of the year! don't cut yourself on that edge now!",Low IQ commies loitering the comments? **CHECK**,154,___,True
gold subthreads (2).csv,30530612213,30530612213,530959912,CringeAnarchy,Fighting mechanical bigotry!,[YungestFrankie]: r/fatlogic <br> [wetweyw45n5846umj235]: Got banned for stating i think fat people are ugly on another sub lol don't use /r/fatlogic its shit. <br> [aworon21]: Why is it shit? I'd never heard of the sub before but just spent some minutes browsing there and it's pretty good stuff.,At this point it's mostly obese people making fun of more obese people.,18,___,True
gold subthreads (2).csv,30506876266,30506876266,528068068,The_Donald,WATCH PARTY: USA-NK Summit Coverage & Leader Arrivals,[kreeper_6]: That fucker Acosta better keep his fucking mouth shut! He fucking had to shout at the president after the handshake earlier!!!! fucking  cunt that guy!!!!!!! <br> [votingforjohnson]: It'd be great if Kim told the North Korean secrete service to 'take him away' <br> [NYRep72]: North Korea can keep him. No negotiations for his return.,taking him away is actually in the negotiation. ,1631,"Hello all you awesome pedes. The time has finally arrived -- President Donald J. Trump's nuclear peace summit with Kim Jong Un.  The summit itself will not be broadcast, but below are videos from earlier in the day, as well as links for summit coverage livestreams, including the two leaders arrival at the venue. Additionally POTUS will give a press conference at 4am Eastern Time (one of our overnight mods will put up a livestream when available).  ---  **VIDEOS**  * [POTUS Arrives in Singapore \(NBC News\)]([LINK] * [Kim John Un takes late-night tour of Singapore \(Fox News\)]([LINK] * [POTUS Meets with the Prime Minister of Singapore]([LINK] * [Briefing by Secretary of State Michael Pompeo]([LINK]  **LIVESTREAMS**  * [Channel NewsAsia]([LINK] * [The Straits Times]([LINK] * [Fox 10 Phoenix]([LINK] * [Agenda-Free TV \(Steve Lookner\)]([LINK] * [ABC News]([LINK] * [NBC News]([LINK] * [RT]([LINK] * [C-SPAN.org]([LINK]  ---  #POTUS SUMMIT SCHEDULE (Eastern Time)  * 8:00 PM - Depart Shangri-La Hotel, Singapore, en route to the Capella Singapore Hotel * **8:20 PM - Arrive at Capella Singapore ‚Äì Sentosa Island, Singapore** * 9:00 PM - Participate in a greeting with North Korean leader Kim Jong Un * 9:15 PM - Participate in a 1:1 bilateral meeting with North Korean leader Kim Jong Un * 10:00 PM - Participate in an expanded bilateral meeting with North Korean leader Kim Jong Un * 11:30 PM - Participate in a working lunch with North Korean leader Kim Jong Un * **4:00 AM - Participate in a media availability ‚Äì Sentosa Island, Singapore** * 6:30 AM - Depart Capella Singapore en route to Paya Lebar Air Base Singapore * 6:50 AM - Arrive at Paya Lebar Air Base, Singapore ‚Äì Paya Lebar, Singapore * 7:00 AM - Depart Paya Lebar Air Base, Singapore, en route to Andersen Air Force Base, Guam",False
gold subthreads (2).csv,30513999529,30513999529,528777403,TheRedPill,Is this a feminism level Up ? What the hell is happening in the video game industry ??,-,Mofos ruined Mass Effect forever for me.,125,"As a proud Redpiller for years now I was literally shocked how much recent and especially upcoming video games are clearly becoming more and more feminist or at least very female oriented.   I was a dedicated gamer few years ago and I'm 30 by the way. I loved video games, still do but don't actually spend that much time playing anymore. I'm playing my own ""Red"" game now as a Redpill obviously. For years though I was seeking some kind of teaching and life inspiration in video games. It's been very helpful when I was a teen or even in my twenties.  You can say anything you want about video games but I do still believe that it's a pure male field ! It's a deep male fantasy about being in control in some kind of extraordinary situations. It's about dominance. We love to play war, to fight, to drive fast, to spell stuff, to be challenged, to win and achieve greatness ! It is a pure male drive ! It's no more than visualization.   There is more and more female gamers nowadays thanks to social media and fool beta orbiters who validate these chicks. It feels cheap though and somehow fake. It's always sounds like ""male experience emulation"".   Anyway, as some of you know it's E3 week. A lot of games have been announced and most of theme are as I said very female oriented to say the least. Take a look :   Battlefield V (EA): ""Here comes a new challenger"" and It's a woman soldier...in the battlefield... and in World war II fantasy   Control  (Remedy) : You play a chick who is in charge obviously and ""controls"" everything   Last of us 2 (Sony) : You play a girl, lesbian, and kick some ass  Sea of solitude (EA) :  quote ""...On her search to change, she soon finds out that her biggest enemies are not the huge monsters that she meets on her way through the Sea of Solitude""  ...and many others.   In some other games I also noticed that even if the hero is still a dude there is more and more female presence. In my opinion the video game industry is clearly promoting some feminism aspects like gender equality stuff and it seems like every developer out there feels like it has to be done whether they like it or not  What's your take on this guys ?",True
gold subthreads (2).csv,30529663517,30529663517,530213108,CringeAnarchy,MUH RACIST COLONIALISM,"[GreySeerCamps]: Only aid to Israel!  Please keep sending aid to Israel, a country who knows how to treat other races fairly! <br> [dmm_auth_59793]: AIDS to israel? You antisemite. <br> [GreySeerCamps]: Ya sjw cuck cuck cuckcuckcuckcuckcuckcuckcuck error error reset cuck cuck cuck cuck cuck cuck",Nevah foget da 6 billion jews that were gassed and turned into ashes,23,___,True
gold subthreads (2).csv,30518710862,30518710862,529642040,The_Donald,"Manafort ordered to jail, bail revoked on witness tampering charge",-,They're fucking him He's no great guy but they are fuckin him,1,___,True
gold subthreads (2).csv,30507210464,30507210464,527992432,CringeAnarchy,But he's a guy,"[OniPotence]: Oh shit I meant to say that Obi Wan is a demiqueer human/Rancor pansexual hybrid <br> [avalanches]: Why did you submit a fakepost <br> [OniPotence]: Didn't know it was fake <br> [avalanches]: Haha okay so you're just dumb nvm <br> [OniPotence]: Haha you're really cool for pointing out that it's fake when fuckloads of others have already said it's fake <br> [avalanches]: and pointing out your stupid, is different <br> [OniPotence]: Mate if you're gonna criticise someone's intelligence, wouldn't it be good to have proper grammar? <br> [avalanches]: Naw no one is free from being a hypocrite. Better than being an idiot though haha","So just cause I didn't know an article was fake, that makes me an idiot?",177,___,True
