filename,comment_id,comment_id.1,title_id,community_id,title_text,context,comment,subthread_id,post_text,comment_label
gold subthreads (4).csv,30542803325,30542803325,532581613,The_Donald,Can I get some help from a mod?,"[chriztee]: Hey!!! That's my line!!!  Guess I'll share üòéüá∫üá∏üá∫üá∏ <br> [Iwasthey]: No way Sir!  No Absolutely, WAY, Sir!  That is my line.","Alright, in the interest of WINNING and all things MAGA, I will concede. However , if you call me sir again, I'll hit you with my purse. üòòüá∫üá∏üá∫üá∏üá∫üá∏",5,"Tried posting something and it didn't show up. Sent a request with a new account first with my real name, then posted it with this user and still can't get it to go.",False
gold subthreads (4).csv,30542763410,30542763410,532581613,The_Donald,Can I get some help from a mod?,[chriztee]: Hey!!! That's my line!!!  Guess I'll share üòéüá∫üá∏üá∫üá∏,"No way Sir!  No Absolutely, WAY, Sir!  That is my line.",5,"Tried posting something and it didn't show up. Sent a request with a new account first with my real name, then posted it with this user and still can't get it to go.",False
gold subthreads (4).csv,30554978984,30554978984,534005289,CringeAnarchy,Redditor vandalizes cars due to politics,"[Cryan_Branston]: Dude, let's be real, you're salivating at the slightest opportunity to shoot the fuck outta someone.  <br> [realGUN-NUT]: Simple solution, don't be a dick and wreck people's stuff, then you never have to worry about being shot.",I still worry about being shot ,250,___,False
gold subthreads (4).csv,30555263791,30555263791,534083976,CringeAnarchy,Black person: white people are a plague to the planet. prove me wrong.,"[szymanskii]: I can't, he's right. <br> [dmm_auth_289470]: Hey I see your cuck faggot ass in the pic on the left. <br> [szymanskii]: At least I'm not a racist loser, sweetie :\^) <br> [dmm_auth_164071]: Being a racist is far better than being a cuck faggot <br> [szymanskii]: Reevaluate your life, racist.",I fucking lost it after reading your post history.,7,___,True
gold subthreads (4).csv,30555460100,30555460100,534083976,CringeAnarchy,Black person: white people are a plague to the planet. prove me wrong.,"[szymanskii]: I can't, he's right. <br> [dmm_auth_289470]: Hey I see your cuck faggot ass in the pic on the left. <br> [szymanskii]: At least I'm not a racist loser, sweetie :\^) <br> [dmm_auth_164071]: Being a racist is far better than being a cuck faggot <br> [szymanskii]: Reevaluate your life, racist. <br> [Emperor-Valtorei]: I fucking lost it after reading your post history. <br> [szymanskii]: Pls be my gf ","You're not the sarcasm we need, but you're the sarcasm we deserve.",7,___,False
gold subthreads (4).csv,30554518480,30554518480,534083976,CringeAnarchy,Black person: white people are a plague to the planet. prove me wrong.,"[szymanskii]: I can't, he's right. <br> [dmm_auth_289470]: Hey I see your cuck faggot ass in the pic on the left.","At least I'm not a racist loser, sweetie :\^)",7,___,False
gold subthreads (4).csv,30554993628,30554993628,534005289,CringeAnarchy,Redditor vandalizes cars due to politics,"[Cryan_Branston]: Dude, let's be real, you're salivating at the slightest opportunity to shoot the fuck outta someone.  <br> [realGUN-NUT]: Simple solution, don't be a dick and wreck people's stuff, then you never have to worry about being shot. <br> [dyslexic_duck]: I still worry about being shot  <br> [lolol42]: Maybe don't be a pussy or a career criminal ",Sorry I'll always be a pussy criminal ,250,___,True
gold subthreads (4).csv,30555299266,30555299266,534083976,CringeAnarchy,Black person: white people are a plague to the planet. prove me wrong.,"[szymanskii]: I can't, he's right. <br> [dmm_auth_289470]: Hey I see your cuck faggot ass in the pic on the left. <br> [szymanskii]: At least I'm not a racist loser, sweetie :\^) <br> [dmm_auth_164071]: Being a racist is far better than being a cuck faggot <br> [szymanskii]: Reevaluate your life, racist. <br> [Emperor-Valtorei]: I fucking lost it after reading your post history.",Pls be my gf ,7,___,False
gold subthreads (4).csv,30554491109,30554491109,534083976,CringeAnarchy,Black person: white people are a plague to the planet. prove me wrong.,"[szymanskii]: I can't, he's right.",Hey I see your cuck faggot ass in the pic on the left.,7,___,True
gold subthreads (4).csv,30554684527,30554684527,534005289,CringeAnarchy,Redditor vandalizes cars due to politics,-,"Dude, let's be real, you're salivating at the slightest opportunity to shoot the fuck outta someone. ",250,___,True
gold subthreads (4).csv,30554934252,30554934252,534005289,CringeAnarchy,Redditor vandalizes cars due to politics,"[Cryan_Branston]: Dude, let's be real, you're salivating at the slightest opportunity to shoot the fuck outta someone. ","Simple solution, don't be a dick and wreck people's stuff, then you never have to worry about being shot.",250,___,True
gold subthreads (4).csv,30545255477,30545255477,532855126,The_Donald,The absolute state of the UK.,"[Johojo56]: No freedom of speech is ridiculous!  England you are fucked!  Fuck muslims, fuck their jihad, fuck alt-left, fuck social justice bullshit! All praise to God and America!",WEE WOO WEE WOO,7,___,False
gold subthreads (4).csv,30554527128,30554527128,534083976,CringeAnarchy,Black person: white people are a plague to the planet. prove me wrong.,"[szymanskii]: I can't, he's right. <br> [dmm_auth_289470]: Hey I see your cuck faggot ass in the pic on the left. <br> [szymanskii]: At least I'm not a racist loser, sweetie :\^)",Being a racist is far better than being a cuck faggot,7,___,True
gold subthreads (4).csv,30554986321,30554986321,534005289,CringeAnarchy,Redditor vandalizes cars due to politics,"[Cryan_Branston]: Dude, let's be real, you're salivating at the slightest opportunity to shoot the fuck outta someone.  <br> [realGUN-NUT]: Simple solution, don't be a dick and wreck people's stuff, then you never have to worry about being shot. <br> [dyslexic_duck]: I still worry about being shot ",Maybe don't be a pussy or a career criminal ,250,___,True
gold subthreads (4).csv,30554470259,30554470259,534083976,CringeAnarchy,Black person: white people are a plague to the planet. prove me wrong.,-,"I can't, he's right.",7,___,False
gold subthreads (4).csv,30554562587,30554562587,534083976,CringeAnarchy,Black person: white people are a plague to the planet. prove me wrong.,"[szymanskii]: I can't, he's right. <br> [dmm_auth_289470]: Hey I see your cuck faggot ass in the pic on the left. <br> [szymanskii]: At least I'm not a racist loser, sweetie :\^) <br> [dmm_auth_164071]: Being a racist is far better than being a cuck faggot","Reevaluate your life, racist.",7,___,False
gold subthreads (4).csv,30542643604,30542643604,532581613,The_Donald,Can I get some help from a mod?,-,Hey!!! That's my line!!!  Guess I'll share üòéüá∫üá∏üá∫üá∏,5,"Tried posting something and it didn't show up. Sent a request with a new account first with my real name, then posted it with this user and still can't get it to go.",False
gold subthreads (4).csv,30545329465,30545329465,532855126,The_Donald,The absolute state of the UK.,"[Johojo56]: No freedom of speech is ridiculous!  England you are fucked!  Fuck muslims, fuck their jihad, fuck alt-left, fuck social justice bullshit! All praise to God and America! <br> [TrumpTrainJune162015]: WEE WOO WEE WOO","the sound track of Paris! I was in France in March, they have the best asian sirens folks. ",7,___,True
gold subthreads (4).csv,30545203097,30545203097,532855126,The_Donald,The absolute state of the UK.,-,"No freedom of speech is ridiculous!  England you are fucked!  Fuck muslims, fuck their jihad, fuck alt-left, fuck social justice bullshit! All praise to God and America!",7,___,True
