token_id,comment_id,worker_answers,token,title_id,community_id,title_text,context,comment,subthread_id,post_text
a1,30506138674,"['Baran: false', 'IsaMaks: true', 'Piek: false']",Jesus,527983119,CringeAnarchy,Interesting thing to say when you're objectively below average looking,"[Woonachan]: Cause you can get called a rapist and get convicted if the girl regrets sleeping with you.  <br> [_0W0_]: Real talk, pussy isn't worth my career ",Jesus what situations do you incels find yourselves in where the girl does that shit?  Maybe don't fuck rich drunk insane birches  you just met and you'll be good?,25,___
a15,30506138674,"['Baran: true', 'IsaMaks: true', 'Piek: false']",shit?,527983119,CringeAnarchy,Interesting thing to say when you're objectively below average looking,"[Woonachan]: Cause you can get called a rapist and get convicted if the girl regrets sleeping with you.  <br> [_0W0_]: Real talk, pussy isn't worth my career ",Jesus what situations do you incels find yourselves in where the girl does that shit?  Maybe don't fuck rich drunk insane birches  you just met and you'll be good?,25,___
a19,30506138674,"['Baran: false', 'IsaMaks: false', 'Piek: true']",rich,527983119,CringeAnarchy,Interesting thing to say when you're objectively below average looking,"[Woonachan]: Cause you can get called a rapist and get convicted if the girl regrets sleeping with you.  <br> [_0W0_]: Real talk, pussy isn't worth my career ",Jesus what situations do you incels find yourselves in where the girl does that shit?  Maybe don't fuck rich drunk insane birches  you just met and you'll be good?,25,___
a20,30506138674,"['Baran: false', 'IsaMaks: false', 'Piek: true']",drunk,527983119,CringeAnarchy,Interesting thing to say when you're objectively below average looking,"[Woonachan]: Cause you can get called a rapist and get convicted if the girl regrets sleeping with you.  <br> [_0W0_]: Real talk, pussy isn't worth my career ",Jesus what situations do you incels find yourselves in where the girl does that shit?  Maybe don't fuck rich drunk insane birches  you just met and you'll be good?,25,___
a21,30506138674,"['Baran: false', 'IsaMaks: false', 'Piek: true']",insane,527983119,CringeAnarchy,Interesting thing to say when you're objectively below average looking,"[Woonachan]: Cause you can get called a rapist and get convicted if the girl regrets sleeping with you.  <br> [_0W0_]: Real talk, pussy isn't worth my career ",Jesus what situations do you incels find yourselves in where the girl does that shit?  Maybe don't fuck rich drunk insane birches  you just met and you'll be good?,25,___
a6,30506138674,"['Baran: false', 'IsaMaks: false', 'Piek: true']",incels,527983119,CringeAnarchy,Interesting thing to say when you're objectively below average looking,"[Woonachan]: Cause you can get called a rapist and get convicted if the girl regrets sleeping with you.  <br> [_0W0_]: Real talk, pussy isn't worth my career ",Jesus what situations do you incels find yourselves in where the girl does that shit?  Maybe don't fuck rich drunk insane birches  you just met and you'll be good?,25,___
a1,30506709704,"['Baran: false', 'IsaMaks: false', 'Piek: true']",Incels,527983119,CringeAnarchy,Interesting thing to say when you're objectively below average looking,"[Woonachan]: Cause you can get called a rapist and get convicted if the girl regrets sleeping with you.  <br> [_0W0_]: Real talk, pussy isn't worth my career  <br> [54N74C2UZ]: Jesus what situations do you incels find yourselves in where the girl does that shit?  Maybe don't fuck rich drunk insane birches  you just met and you'll be good?",Incels fucking bitches? Nah...,25,___
a12,30505431481,"['Baran: true', 'IsaMaks: false', 'Piek: true']",demiqueer,527992432,CringeAnarchy,But he's a guy,-,Oh shit I meant to say that Obi Wan is a demiqueer human/Rancor pansexual hybrid,177,___
a13,30505431481,"['Baran: false', 'IsaMaks: false', 'Piek: true']",human/Rancor,527992432,CringeAnarchy,But he's a guy,-,Oh shit I meant to say that Obi Wan is a demiqueer human/Rancor pansexual hybrid,177,___
a14,30505431481,"['Baran: false', 'IsaMaks: false', 'Piek: true']",pansexual,527992432,CringeAnarchy,But he's a guy,-,Oh shit I meant to say that Obi Wan is a demiqueer human/Rancor pansexual hybrid,177,___
a15,30505431481,"['Baran: false', 'IsaMaks: false', 'Piek: true']",hybrid,527992432,CringeAnarchy,But he's a guy,-,Oh shit I meant to say that Obi Wan is a demiqueer human/Rancor pansexual hybrid,177,___
a2,30505431481,"['Baran: true', 'IsaMaks: true', 'Piek: false']",shit,527992432,CringeAnarchy,But he's a guy,-,Oh shit I meant to say that Obi Wan is a demiqueer human/Rancor pansexual hybrid,177,___
a7,30507195824,"['Baran: false', 'IsaMaks: false', 'Piek: true']",nvm,527992432,CringeAnarchy,But he's a guy,[OniPotence]: Oh shit I meant to say that Obi Wan is a demiqueer human/Rancor pansexual hybrid <br> [avalanches]: Why did you submit a fakepost <br> [OniPotence]: Didn't know it was fake,Haha okay so you're just dumb nvm,177,___
a5,30507201701,"['Baran: true', 'IsaMaks: false', 'Piek: true']","stupid,",527992432,CringeAnarchy,But he's a guy,[OniPotence]: Oh shit I meant to say that Obi Wan is a demiqueer human/Rancor pansexual hybrid <br> [avalanches]: Why did you submit a fakepost <br> [OniPotence]: Didn't know it was fake <br> [avalanches]: Haha okay so you're just dumb nvm <br> [OniPotence]: Haha you're really cool for pointing out that it's fake when fuckloads of others have already said it's fake,"and pointing out your stupid, is different",177,___
a12,30507209206,"['Baran: false', 'IsaMaks: false', 'Piek: true']",being,527992432,CringeAnarchy,But he's a guy,"[OniPotence]: Oh shit I meant to say that Obi Wan is a demiqueer human/Rancor pansexual hybrid <br> [avalanches]: Why did you submit a fakepost <br> [OniPotence]: Didn't know it was fake <br> [avalanches]: Haha okay so you're just dumb nvm <br> [OniPotence]: Haha you're really cool for pointing out that it's fake when fuckloads of others have already said it's fake <br> [avalanches]: and pointing out your stupid, is different <br> [OniPotence]: Mate if you're gonna criticise someone's intelligence, wouldn't it be good to have proper grammar?",Naw no one is free from being a hypocrite. Better than being an idiot though haha,177,___
a13,30507209206,"['Baran: false', 'IsaMaks: false', 'Piek: true']",an,527992432,CringeAnarchy,But he's a guy,"[OniPotence]: Oh shit I meant to say that Obi Wan is a demiqueer human/Rancor pansexual hybrid <br> [avalanches]: Why did you submit a fakepost <br> [OniPotence]: Didn't know it was fake <br> [avalanches]: Haha okay so you're just dumb nvm <br> [OniPotence]: Haha you're really cool for pointing out that it's fake when fuckloads of others have already said it's fake <br> [avalanches]: and pointing out your stupid, is different <br> [OniPotence]: Mate if you're gonna criticise someone's intelligence, wouldn't it be good to have proper grammar?",Naw no one is free from being a hypocrite. Better than being an idiot though haha,177,___
a14,30507210464,"['Baran: false', 'IsaMaks: false', 'Piek: true']",an,527992432,CringeAnarchy,But he's a guy,"[OniPotence]: Oh shit I meant to say that Obi Wan is a demiqueer human/Rancor pansexual hybrid <br> [avalanches]: Why did you submit a fakepost <br> [OniPotence]: Didn't know it was fake <br> [avalanches]: Haha okay so you're just dumb nvm <br> [OniPotence]: Haha you're really cool for pointing out that it's fake when fuckloads of others have already said it's fake <br> [avalanches]: and pointing out your stupid, is different <br> [OniPotence]: Mate if you're gonna criticise someone's intelligence, wouldn't it be good to have proper grammar? <br> [avalanches]: Naw no one is free from being a hypocrite. Better than being an idiot though haha","So just cause I didn't know an article was fake, that makes me an idiot?",177,___
a15,30507218830,"['Baran: false', 'IsaMaks: false', 'Piek: true']",call,527992432,CringeAnarchy,But he's a guy,"[OniPotence]: Oh shit I meant to say that Obi Wan is a demiqueer human/Rancor pansexual hybrid <br> [avalanches]: Why did you submit a fakepost <br> [OniPotence]: Didn't know it was fake <br> [avalanches]: Haha okay so you're just dumb nvm <br> [OniPotence]: Haha you're really cool for pointing out that it's fake when fuckloads of others have already said it's fake <br> [avalanches]: and pointing out your stupid, is different <br> [OniPotence]: Mate if you're gonna criticise someone's intelligence, wouldn't it be good to have proper grammar? <br> [avalanches]: Naw no one is free from being a hypocrite. Better than being an idiot though haha <br> [OniPotence]: So just cause I didn't know an article was fake, that makes me an idiot?","uh, it's a bit more nuanced than that, but... yeah, yep. I don't just call people dumb for no reason, that's rude. ",177,___
a16,30507218830,"['Baran: false', 'IsaMaks: false', 'Piek: true']",people,527992432,CringeAnarchy,But he's a guy,"[OniPotence]: Oh shit I meant to say that Obi Wan is a demiqueer human/Rancor pansexual hybrid <br> [avalanches]: Why did you submit a fakepost <br> [OniPotence]: Didn't know it was fake <br> [avalanches]: Haha okay so you're just dumb nvm <br> [OniPotence]: Haha you're really cool for pointing out that it's fake when fuckloads of others have already said it's fake <br> [avalanches]: and pointing out your stupid, is different <br> [OniPotence]: Mate if you're gonna criticise someone's intelligence, wouldn't it be good to have proper grammar? <br> [avalanches]: Naw no one is free from being a hypocrite. Better than being an idiot though haha <br> [OniPotence]: So just cause I didn't know an article was fake, that makes me an idiot?","uh, it's a bit more nuanced than that, but... yeah, yep. I don't just call people dumb for no reason, that's rude. ",177,___
a17,30507218830,"['Baran: true', 'IsaMaks: false', 'Piek: true']",dumb,527992432,CringeAnarchy,But he's a guy,"[OniPotence]: Oh shit I meant to say that Obi Wan is a demiqueer human/Rancor pansexual hybrid <br> [avalanches]: Why did you submit a fakepost <br> [OniPotence]: Didn't know it was fake <br> [avalanches]: Haha okay so you're just dumb nvm <br> [OniPotence]: Haha you're really cool for pointing out that it's fake when fuckloads of others have already said it's fake <br> [avalanches]: and pointing out your stupid, is different <br> [OniPotence]: Mate if you're gonna criticise someone's intelligence, wouldn't it be good to have proper grammar? <br> [avalanches]: Naw no one is free from being a hypocrite. Better than being an idiot though haha <br> [OniPotence]: So just cause I didn't know an article was fake, that makes me an idiot?","uh, it's a bit more nuanced than that, but... yeah, yep. I don't just call people dumb for no reason, that's rude. ",177,___
a10,30507220966,"['Baran: true', 'IsaMaks: false', 'Piek: true']",idiotic,527992432,CringeAnarchy,But he's a guy,"[OniPotence]: Oh shit I meant to say that Obi Wan is a demiqueer human/Rancor pansexual hybrid <br> [avalanches]: Why did you submit a fakepost <br> [OniPotence]: Didn't know it was fake <br> [avalanches]: Haha okay so you're just dumb nvm <br> [OniPotence]: Haha you're really cool for pointing out that it's fake when fuckloads of others have already said it's fake <br> [avalanches]: and pointing out your stupid, is different <br> [OniPotence]: Mate if you're gonna criticise someone's intelligence, wouldn't it be good to have proper grammar? <br> [avalanches]: Naw no one is free from being a hypocrite. Better than being an idiot though haha <br> [OniPotence]: So just cause I didn't know an article was fake, that makes me an idiot? <br> [avalanches]: uh, it's a bit more nuanced than that, but... yeah, yep. I don't just call people dumb for no reason, that's rude. ",I made a simple mistake and you call me idiotic 10/10 fuckin logic mate ,177,___
a10,30506942825,"['Baran: true', 'IsaMaks: false', 'Piek: false']",stupid,528068068,The_Donald,WATCH PARTY: USA-NK Summit Coverage & Leader Arrivals,[GingerMinky]: I ignore them. Make them irrelevant ,That's all well and good until he starts yelling stupid shit during a meeting of this magnitude,2027,"Hello all you awesome pedes. The time has finally arrived -- President Donald J. Trump's nuclear peace summit with Kim Jong Un.  The summit itself will not be broadcast, but below are videos from earlier in the day, as well as links for summit coverage livestreams, including the two leaders arrival at the venue. Additionally POTUS will give a press conference at 4am Eastern Time (one of our overnight mods will put up a livestream when available).  ---  **VIDEOS**  * [POTUS Arrives in Singapore \(NBC News\)]([LINK] * [Kim John Un takes late-night tour of Singapore \(Fox News\)]([LINK] * [POTUS Meets with the Prime Minister of Singapore]([LINK] * [Briefing by Secretary of State Michael Pompeo]([LINK]  **LIVESTREAMS**  * [Channel NewsAsia]([LINK] * [The Straits Times]([LINK] * [Fox 10 Phoenix]([LINK] * [Agenda-Free TV \(Steve Lookner\)]([LINK] * [ABC News]([LINK] * [NBC News]([LINK] * [RT]([LINK] * [C-SPAN.org]([LINK]  ---  #POTUS SUMMIT SCHEDULE (Eastern Time)  * 8:00 PM - Depart Shangri-La Hotel, Singapore, en route to the Capella Singapore Hotel * **8:20 PM - Arrive at Capella Singapore ‚Äì Sentosa Island, Singapore** * 9:00 PM - Participate in a greeting with North Korean leader Kim Jong Un * 9:15 PM - Participate in a 1:1 bilateral meeting with North Korean leader Kim Jong Un * 10:00 PM - Participate in an expanded bilateral meeting with North Korean leader Kim Jong Un * 11:30 PM - Participate in a working lunch with North Korean leader Kim Jong Un * **4:00 AM - Participate in a media availability ‚Äì Sentosa Island, Singapore** * 6:30 AM - Depart Capella Singapore en route to Paya Lebar Air Base Singapore * 6:50 AM - Arrive at Paya Lebar Air Base, Singapore ‚Äì Paya Lebar, Singapore * 7:00 AM - Depart Paya Lebar Air Base, Singapore, en route to Andersen Air Force Base, Guam"
a11,30506942825,"['Baran: true', 'IsaMaks: true', 'Piek: false']",shit,528068068,The_Donald,WATCH PARTY: USA-NK Summit Coverage & Leader Arrivals,[GingerMinky]: I ignore them. Make them irrelevant ,That's all well and good until he starts yelling stupid shit during a meeting of this magnitude,2027,"Hello all you awesome pedes. The time has finally arrived -- President Donald J. Trump's nuclear peace summit with Kim Jong Un.  The summit itself will not be broadcast, but below are videos from earlier in the day, as well as links for summit coverage livestreams, including the two leaders arrival at the venue. Additionally POTUS will give a press conference at 4am Eastern Time (one of our overnight mods will put up a livestream when available).  ---  **VIDEOS**  * [POTUS Arrives in Singapore \(NBC News\)]([LINK] * [Kim John Un takes late-night tour of Singapore \(Fox News\)]([LINK] * [POTUS Meets with the Prime Minister of Singapore]([LINK] * [Briefing by Secretary of State Michael Pompeo]([LINK]  **LIVESTREAMS**  * [Channel NewsAsia]([LINK] * [The Straits Times]([LINK] * [Fox 10 Phoenix]([LINK] * [Agenda-Free TV \(Steve Lookner\)]([LINK] * [ABC News]([LINK] * [NBC News]([LINK] * [RT]([LINK] * [C-SPAN.org]([LINK]  ---  #POTUS SUMMIT SCHEDULE (Eastern Time)  * 8:00 PM - Depart Shangri-La Hotel, Singapore, en route to the Capella Singapore Hotel * **8:20 PM - Arrive at Capella Singapore ‚Äì Sentosa Island, Singapore** * 9:00 PM - Participate in a greeting with North Korean leader Kim Jong Un * 9:15 PM - Participate in a 1:1 bilateral meeting with North Korean leader Kim Jong Un * 10:00 PM - Participate in an expanded bilateral meeting with North Korean leader Kim Jong Un * 11:30 PM - Participate in a working lunch with North Korean leader Kim Jong Un * **4:00 AM - Participate in a media availability ‚Äì Sentosa Island, Singapore** * 6:30 AM - Depart Capella Singapore en route to Paya Lebar Air Base Singapore * 6:50 AM - Arrive at Paya Lebar Air Base, Singapore ‚Äì Paya Lebar, Singapore * 7:00 AM - Depart Paya Lebar Air Base, Singapore, en route to Andersen Air Force Base, Guam"
a26,30506946934,"['Baran: false', 'IsaMaks: false', 'Piek: true']",a,528068068,The_Donald,WATCH PARTY: USA-NK Summit Coverage & Leader Arrivals,[GingerMinky]: I ignore them. Make them irrelevant  <br> [I-am-but-an-egg]: That's all well and good until he starts yelling stupid shit during a meeting of this magnitude,You know he was told to yell that too. Kim could send an assassin to him. I wouldn't fucking insult the leader of NK. What a dumb fuck. ,2027,"Hello all you awesome pedes. The time has finally arrived -- President Donald J. Trump's nuclear peace summit with Kim Jong Un.  The summit itself will not be broadcast, but below are videos from earlier in the day, as well as links for summit coverage livestreams, including the two leaders arrival at the venue. Additionally POTUS will give a press conference at 4am Eastern Time (one of our overnight mods will put up a livestream when available).  ---  **VIDEOS**  * [POTUS Arrives in Singapore \(NBC News\)]([LINK] * [Kim John Un takes late-night tour of Singapore \(Fox News\)]([LINK] * [POTUS Meets with the Prime Minister of Singapore]([LINK] * [Briefing by Secretary of State Michael Pompeo]([LINK]  **LIVESTREAMS**  * [Channel NewsAsia]([LINK] * [The Straits Times]([LINK] * [Fox 10 Phoenix]([LINK] * [Agenda-Free TV \(Steve Lookner\)]([LINK] * [ABC News]([LINK] * [NBC News]([LINK] * [RT]([LINK] * [C-SPAN.org]([LINK]  ---  #POTUS SUMMIT SCHEDULE (Eastern Time)  * 8:00 PM - Depart Shangri-La Hotel, Singapore, en route to the Capella Singapore Hotel * **8:20 PM - Arrive at Capella Singapore ‚Äì Sentosa Island, Singapore** * 9:00 PM - Participate in a greeting with North Korean leader Kim Jong Un * 9:15 PM - Participate in a 1:1 bilateral meeting with North Korean leader Kim Jong Un * 10:00 PM - Participate in an expanded bilateral meeting with North Korean leader Kim Jong Un * 11:30 PM - Participate in a working lunch with North Korean leader Kim Jong Un * **4:00 AM - Participate in a media availability ‚Äì Sentosa Island, Singapore** * 6:30 AM - Depart Capella Singapore en route to Paya Lebar Air Base Singapore * 6:50 AM - Arrive at Paya Lebar Air Base, Singapore ‚Äì Paya Lebar, Singapore * 7:00 AM - Depart Paya Lebar Air Base, Singapore, en route to Andersen Air Force Base, Guam"
a27,30506946934,"['Baran: true', 'IsaMaks: false', 'Piek: true']",dumb,528068068,The_Donald,WATCH PARTY: USA-NK Summit Coverage & Leader Arrivals,[GingerMinky]: I ignore them. Make them irrelevant  <br> [I-am-but-an-egg]: That's all well and good until he starts yelling stupid shit during a meeting of this magnitude,You know he was told to yell that too. Kim could send an assassin to him. I wouldn't fucking insult the leader of NK. What a dumb fuck. ,2027,"Hello all you awesome pedes. The time has finally arrived -- President Donald J. Trump's nuclear peace summit with Kim Jong Un.  The summit itself will not be broadcast, but below are videos from earlier in the day, as well as links for summit coverage livestreams, including the two leaders arrival at the venue. Additionally POTUS will give a press conference at 4am Eastern Time (one of our overnight mods will put up a livestream when available).  ---  **VIDEOS**  * [POTUS Arrives in Singapore \(NBC News\)]([LINK] * [Kim John Un takes late-night tour of Singapore \(Fox News\)]([LINK] * [POTUS Meets with the Prime Minister of Singapore]([LINK] * [Briefing by Secretary of State Michael Pompeo]([LINK]  **LIVESTREAMS**  * [Channel NewsAsia]([LINK] * [The Straits Times]([LINK] * [Fox 10 Phoenix]([LINK] * [Agenda-Free TV \(Steve Lookner\)]([LINK] * [ABC News]([LINK] * [NBC News]([LINK] * [RT]([LINK] * [C-SPAN.org]([LINK]  ---  #POTUS SUMMIT SCHEDULE (Eastern Time)  * 8:00 PM - Depart Shangri-La Hotel, Singapore, en route to the Capella Singapore Hotel * **8:20 PM - Arrive at Capella Singapore ‚Äì Sentosa Island, Singapore** * 9:00 PM - Participate in a greeting with North Korean leader Kim Jong Un * 9:15 PM - Participate in a 1:1 bilateral meeting with North Korean leader Kim Jong Un * 10:00 PM - Participate in an expanded bilateral meeting with North Korean leader Kim Jong Un * 11:30 PM - Participate in a working lunch with North Korean leader Kim Jong Un * **4:00 AM - Participate in a media availability ‚Äì Sentosa Island, Singapore** * 6:30 AM - Depart Capella Singapore en route to Paya Lebar Air Base Singapore * 6:50 AM - Arrive at Paya Lebar Air Base, Singapore ‚Äì Paya Lebar, Singapore * 7:00 AM - Depart Paya Lebar Air Base, Singapore, en route to Andersen Air Force Base, Guam"
a23,30511489804,"['Baran: false', 'IsaMaks: false', 'Piek: true']",entitled,528656932,CringeAnarchy,Huffington Post...,-,> was kinda miffed that the bride wore her heals on the green for photos.  As he should have been. How fucking entitled is that chick?,160,___
a26,30511489804,"['Baran: false', 'IsaMaks: true', 'Piek: false']",chick?,528656932,CringeAnarchy,Huffington Post...,-,> was kinda miffed that the bride wore her heals on the green for photos.  As he should have been. How fucking entitled is that chick?,160,___
a6,30511649115,"['Baran: false', 'IsaMaks: false', 'Piek: true']",tear,528656932,CringeAnarchy,Huffington Post...,[dmm_auth_717072]: > was kinda miffed that the bride wore her heals on the green for photos.  As he should have been. How fucking entitled is that chick? <br> [CokedUpWarlock]: I mean... it's her wedding day,Which doesn't mean you can tear shit up like a child.,160,___
a8,30511649115,"['Baran: false', 'IsaMaks: false', 'Piek: true']",up,528656932,CringeAnarchy,Huffington Post...,[dmm_auth_717072]: > was kinda miffed that the bride wore her heals on the green for photos.  As he should have been. How fucking entitled is that chick? <br> [CokedUpWarlock]: I mean... it's her wedding day,Which doesn't mean you can tear shit up like a child.,160,___
a1,30513999529,"['Baran: false', 'IsaMaks: true', 'Piek: true']",Mofos,528777403,TheRedPill,Is this a feminism level Up ? What the hell is happening in the video game industry ??,-,Mofos ruined Mass Effect forever for me.,125,"As a proud Redpiller for years now I was literally shocked how much recent and especially upcoming video games are clearly becoming more and more feminist or at least very female oriented.   I was a dedicated gamer few years ago and I'm 30 by the way. I loved video games, still do but don't actually spend that much time playing anymore. I'm playing my own ""Red"" game now as a Redpill obviously. For years though I was seeking some kind of teaching and life inspiration in video games. It's been very helpful when I was a teen or even in my twenties.  You can say anything you want about video games but I do still believe that it's a pure male field ! It's a deep male fantasy about being in control in some kind of extraordinary situations. It's about dominance. We love to play war, to fight, to drive fast, to spell stuff, to be challenged, to win and achieve greatness ! It is a pure male drive ! It's no more than visualization.   There is more and more female gamers nowadays thanks to social media and fool beta orbiters who validate these chicks. It feels cheap though and somehow fake. It's always sounds like ""male experience emulation"".   Anyway, as some of you know it's E3 week. A lot of games have been announced and most of theme are as I said very female oriented to say the least. Take a look :   Battlefield V (EA): ""Here comes a new challenger"" and It's a woman soldier...in the battlefield... and in World war II fantasy   Control  (Remedy) : You play a chick who is in charge obviously and ""controls"" everything   Last of us 2 (Sony) : You play a girl, lesbian, and kick some ass  Sea of solitude (EA) :  quote ""...On her search to change, she soon finds out that her biggest enemies are not the huge monsters that she meets on her way through the Sea of Solitude""  ...and many others.   In some other games I also noticed that even if the hero is still a dude there is more and more female presence. In my opinion the video game industry is clearly promoting some feminism aspects like gender equality stuff and it seems like every developer out there feels like it has to be done whether they like it or not  What's your take on this guys ?"
a3,30518715151,"['Baran: true', 'IsaMaks: true', 'Piek: false']",pisses,529642040,The_Donald,"Manafort ordered to jail, bail revoked on witness tampering charge",[MAGAallthetime]: They're fucking him He's no great guy but they are fuckin him,What really pisses me off about this is how the libs will just muh .. Trump Russia collusion,1,___
a5,30518715151,"['Baran: true', 'IsaMaks: false', 'Piek: false']",off,529642040,The_Donald,"Manafort ordered to jail, bail revoked on witness tampering charge",[MAGAallthetime]: They're fucking him He's no great guy but they are fuckin him,What really pisses me off about this is how the libs will just muh .. Trump Russia collusion,1,___
a24,30518730167,"['Baran: false', 'IsaMaks: false', 'Piek: true']",third,529642040,The_Donald,"Manafort ordered to jail, bail revoked on witness tampering charge",[MAGAallthetime]: They're fucking him He's no great guy but they are fuckin him <br> [ontothefuture]: What really pisses me off about this is how the libs will just muh .. Trump Russia collusion,This is a travesty The got the guy in insignificant stuff 15 years ago and they're just fuckin with him nonstop  It's disgusting third world type shit,1,___
a25,30518730167,"['Baran: false', 'IsaMaks: false', 'Piek: true']",world,529642040,The_Donald,"Manafort ordered to jail, bail revoked on witness tampering charge",[MAGAallthetime]: They're fucking him He's no great guy but they are fuckin him <br> [ontothefuture]: What really pisses me off about this is how the libs will just muh .. Trump Russia collusion,This is a travesty The got the guy in insignificant stuff 15 years ago and they're just fuckin with him nonstop  It's disgusting third world type shit,1,___
a26,30518730167,"['Baran: false', 'IsaMaks: false', 'Piek: true']",type,529642040,The_Donald,"Manafort ordered to jail, bail revoked on witness tampering charge",[MAGAallthetime]: They're fucking him He's no great guy but they are fuckin him <br> [ontothefuture]: What really pisses me off about this is how the libs will just muh .. Trump Russia collusion,This is a travesty The got the guy in insignificant stuff 15 years ago and they're just fuckin with him nonstop  It's disgusting third world type shit,1,___
a5,30529542340,"['Baran: false', 'IsaMaks: false', 'Piek: true']",antisemite.,530213108,CringeAnarchy,MUH RACIST COLONIALISM,"[GreySeerCamps]: Only aid to Israel!  Please keep sending aid to Israel, a country who knows how to treat other races fairly!",AIDS to israel? You antisemite.,23,___
a2,30529595051,"['Baran: false', 'IsaMaks: true', 'Piek: false']",sjw,530213108,CringeAnarchy,MUH RACIST COLONIALISM,"[GreySeerCamps]: Only aid to Israel!  Please keep sending aid to Israel, a country who knows how to treat other races fairly! <br> [dmm_auth_59793]: AIDS to israel? You antisemite.",Ya sjw cuck cuck cuckcuckcuckcuckcuckcuckcuck error error reset cuck cuck cuck cuck cuck cuck,23,___
a19,30526996839,"['Baran: false', 'IsaMaks: false', 'Piek: true']",you,530330837,CringeAnarchy,"Vice ""news"" on Snapchat",[Miike78]: You could stop choosing to be gay and marry a woman- ever thought of that?,"I live in middle east trust me if I could choose, I would.   You don't choose that stuff, you retarded fuck",9,___
a10,30527097625,"['Baran: false', 'IsaMaks: true', 'Piek: true']",sick,530330837,CringeAnarchy,"Vice ""news"" on Snapchat","[Miike78]: You could stop choosing to be gay and marry a woman- ever thought of that? <br> [EgeDal]: I live in middle east trust me if I could choose, I would.   You don't choose that stuff, you retarded fuck",You'r'e full of shit and you know it you sick pedophile ,9,___
a11,30527097625,"['Baran: false', 'IsaMaks: true', 'Piek: true']",pedophile,530330837,CringeAnarchy,"Vice ""news"" on Snapchat","[Miike78]: You could stop choosing to be gay and marry a woman- ever thought of that? <br> [EgeDal]: I live in middle east trust me if I could choose, I would.   You don't choose that stuff, you retarded fuck",You'r'e full of shit and you know it you sick pedophile ,9,___
a2,30527097625,"['Baran: false', 'IsaMaks: false', 'Piek: true']",full,530330837,CringeAnarchy,"Vice ""news"" on Snapchat","[Miike78]: You could stop choosing to be gay and marry a woman- ever thought of that? <br> [EgeDal]: I live in middle east trust me if I could choose, I would.   You don't choose that stuff, you retarded fuck",You'r'e full of shit and you know it you sick pedophile ,9,___
a3,30527097625,"['Baran: false', 'IsaMaks: false', 'Piek: true']",of,530330837,CringeAnarchy,"Vice ""news"" on Snapchat","[Miike78]: You could stop choosing to be gay and marry a woman- ever thought of that? <br> [EgeDal]: I live in middle east trust me if I could choose, I would.   You don't choose that stuff, you retarded fuck",You'r'e full of shit and you know it you sick pedophile ,9,___
a6,30526750738,"['Baran: false', 'IsaMaks: true', 'Piek: true']",Lefty!,530396969,CringeAnarchy,"Homosexual artist criticizing his country's treatment of homosexuals gets doxxed by Leftists for ""Islamophobia""",-,"[LINK]  Oh wow, what a Lefty!  Jesus fucking this sub is a joke.",154,___
a7,30526750738,"['Baran: false', 'IsaMaks: true', 'Piek: false']",Jesus,530396969,CringeAnarchy,"Homosexual artist criticizing his country's treatment of homosexuals gets doxxed by Leftists for ""Islamophobia""",-,"[LINK]  Oh wow, what a Lefty!  Jesus fucking this sub is a joke.",154,___
a1,30527242151,"['Baran: false', 'IsaMaks: true', 'Piek: false']",>Jesus,530396969,CringeAnarchy,"Homosexual artist criticizing his country's treatment of homosexuals gets doxxed by Leftists for ""Islamophobia""","[Pacify_]: [LINK]  Oh wow, what a Lefty!  Jesus fucking this sub is a joke.",">Jesus fucking this sub is a joke.  Then why are you still here, you commie trash?",154,___
a16,30527242151,"['Baran: false', 'IsaMaks: true', 'Piek: true']",trash?,530396969,CringeAnarchy,"Homosexual artist criticizing his country's treatment of homosexuals gets doxxed by Leftists for ""Islamophobia""","[Pacify_]: [LINK]  Oh wow, what a Lefty!  Jesus fucking this sub is a joke.",">Jesus fucking this sub is a joke.  Then why are you still here, you commie trash?",154,___
a7,30527255330,"['Baran: false', 'IsaMaks: true', 'Piek: true']",bottom,530396969,CringeAnarchy,"Homosexual artist criticizing his country's treatment of homosexuals gets doxxed by Leftists for ""Islamophobia""","[Pacify_]: [LINK]  Oh wow, what a Lefty!  Jesus fucking this sub is a joke. <br> [ArmOfMidas]: >Jesus fucking this sub is a joke.  Then why are you still here, you commie trash?","cause its on all feed, you bottom feeding shitbag lol",154,___
a8,30527255330,"['Baran: false', 'IsaMaks: true', 'Piek: true']",feeding,530396969,CringeAnarchy,"Homosexual artist criticizing his country's treatment of homosexuals gets doxxed by Leftists for ""Islamophobia""","[Pacify_]: [LINK]  Oh wow, what a Lefty!  Jesus fucking this sub is a joke. <br> [ArmOfMidas]: >Jesus fucking this sub is a joke.  Then why are you still here, you commie trash?","cause its on all feed, you bottom feeding shitbag lol",154,___
a10,30527256960,"['Baran: false', 'IsaMaks: false', 'Piek: true']",to,530396969,CringeAnarchy,"Homosexual artist criticizing his country's treatment of homosexuals gets doxxed by Leftists for ""Islamophobia""","[Pacify_]: [LINK]  Oh wow, what a Lefty!  Jesus fucking this sub is a joke. <br> [ArmOfMidas]: >Jesus fucking this sub is a joke.  Then why are you still here, you commie trash? <br> [Pacify_]: cause its on all feed, you bottom feeding shitbag lol",I feel the low IQ in this one. Back to your cave nig,154,___
a11,30527256960,"['Baran: false', 'IsaMaks: false', 'Piek: true']",your,530396969,CringeAnarchy,"Homosexual artist criticizing his country's treatment of homosexuals gets doxxed by Leftists for ""Islamophobia""","[Pacify_]: [LINK]  Oh wow, what a Lefty!  Jesus fucking this sub is a joke. <br> [ArmOfMidas]: >Jesus fucking this sub is a joke.  Then why are you still here, you commie trash? <br> [Pacify_]: cause its on all feed, you bottom feeding shitbag lol",I feel the low IQ in this one. Back to your cave nig,154,___
a12,30527256960,"['Baran: false', 'IsaMaks: false', 'Piek: true']",cave,530396969,CringeAnarchy,"Homosexual artist criticizing his country's treatment of homosexuals gets doxxed by Leftists for ""Islamophobia""","[Pacify_]: [LINK]  Oh wow, what a Lefty!  Jesus fucking this sub is a joke. <br> [ArmOfMidas]: >Jesus fucking this sub is a joke.  Then why are you still here, you commie trash? <br> [Pacify_]: cause its on all feed, you bottom feeding shitbag lol",I feel the low IQ in this one. Back to your cave nig,154,___
a9,30527256960,"['Baran: false', 'IsaMaks: false', 'Piek: true']",Back,530396969,CringeAnarchy,"Homosexual artist criticizing his country's treatment of homosexuals gets doxxed by Leftists for ""Islamophobia""","[Pacify_]: [LINK]  Oh wow, what a Lefty!  Jesus fucking this sub is a joke. <br> [ArmOfMidas]: >Jesus fucking this sub is a joke.  Then why are you still here, you commie trash? <br> [Pacify_]: cause its on all feed, you bottom feeding shitbag lol",I feel the low IQ in this one. Back to your cave nig,154,___
a1,30527265626,"['Baran: false', 'IsaMaks: true', 'Piek: false']",Right,530396969,CringeAnarchy,"Homosexual artist criticizing his country's treatment of homosexuals gets doxxed by Leftists for ""Islamophobia""","[Pacify_]: [LINK]  Oh wow, what a Lefty!  Jesus fucking this sub is a joke. <br> [ArmOfMidas]: >Jesus fucking this sub is a joke.  Then why are you still here, you commie trash? <br> [Pacify_]: cause its on all feed, you bottom feeding shitbag lol <br> [ArmOfMidas]: I feel the low IQ in this one. Back to your cave nig",Right wing subs? check Edgy comments? check Racist comments? check  boy you just won the_donald user of the year! don't cut yourself on that edge now!,154,___
a2,30527265626,"['Baran: false', 'IsaMaks: true', 'Piek: false']",wing,530396969,CringeAnarchy,"Homosexual artist criticizing his country's treatment of homosexuals gets doxxed by Leftists for ""Islamophobia""","[Pacify_]: [LINK]  Oh wow, what a Lefty!  Jesus fucking this sub is a joke. <br> [ArmOfMidas]: >Jesus fucking this sub is a joke.  Then why are you still here, you commie trash? <br> [Pacify_]: cause its on all feed, you bottom feeding shitbag lol <br> [ArmOfMidas]: I feel the low IQ in this one. Back to your cave nig",Right wing subs? check Edgy comments? check Racist comments? check  boy you just won the_donald user of the year! don't cut yourself on that edge now!,154,___
a3,30527265626,"['Baran: false', 'IsaMaks: true', 'Piek: false']",subs?,530396969,CringeAnarchy,"Homosexual artist criticizing his country's treatment of homosexuals gets doxxed by Leftists for ""Islamophobia""","[Pacify_]: [LINK]  Oh wow, what a Lefty!  Jesus fucking this sub is a joke. <br> [ArmOfMidas]: >Jesus fucking this sub is a joke.  Then why are you still here, you commie trash? <br> [Pacify_]: cause its on all feed, you bottom feeding shitbag lol <br> [ArmOfMidas]: I feel the low IQ in this one. Back to your cave nig",Right wing subs? check Edgy comments? check Racist comments? check  boy you just won the_donald user of the year! don't cut yourself on that edge now!,154,___
a1,30527267506,"['Baran: false', 'IsaMaks: true', 'Piek: false']",Low,530396969,CringeAnarchy,"Homosexual artist criticizing his country's treatment of homosexuals gets doxxed by Leftists for ""Islamophobia""","[Pacify_]: [LINK]  Oh wow, what a Lefty!  Jesus fucking this sub is a joke. <br> [ArmOfMidas]: >Jesus fucking this sub is a joke.  Then why are you still here, you commie trash? <br> [Pacify_]: cause its on all feed, you bottom feeding shitbag lol <br> [ArmOfMidas]: I feel the low IQ in this one. Back to your cave nig <br> [yourangermypleasure]: Right wing subs? check Edgy comments? check Racist comments? check  boy you just won the_donald user of the year! don't cut yourself on that edge now!",Low IQ commies loitering the comments? **CHECK**,154,___
a2,30527267506,"['Baran: false', 'IsaMaks: true', 'Piek: false']",IQ,530396969,CringeAnarchy,"Homosexual artist criticizing his country's treatment of homosexuals gets doxxed by Leftists for ""Islamophobia""","[Pacify_]: [LINK]  Oh wow, what a Lefty!  Jesus fucking this sub is a joke. <br> [ArmOfMidas]: >Jesus fucking this sub is a joke.  Then why are you still here, you commie trash? <br> [Pacify_]: cause its on all feed, you bottom feeding shitbag lol <br> [ArmOfMidas]: I feel the low IQ in this one. Back to your cave nig <br> [yourangermypleasure]: Right wing subs? check Edgy comments? check Racist comments? check  boy you just won the_donald user of the year! don't cut yourself on that edge now!",Low IQ commies loitering the comments? **CHECK**,154,___
a7,30527270797,"['Baran: false', 'IsaMaks: true', 'Piek: true']",trumpets,530396969,CringeAnarchy,"Homosexual artist criticizing his country's treatment of homosexuals gets doxxed by Leftists for ""Islamophobia""","[Pacify_]: [LINK]  Oh wow, what a Lefty!  Jesus fucking this sub is a joke. <br> [ArmOfMidas]: >Jesus fucking this sub is a joke.  Then why are you still here, you commie trash? <br> [Pacify_]: cause its on all feed, you bottom feeding shitbag lol <br> [ArmOfMidas]: I feel the low IQ in this one. Back to your cave nig <br> [yourangermypleasure]: Right wing subs? check Edgy comments? check Racist comments? check  boy you just won the_donald user of the year! don't cut yourself on that edge now! <br> [ArmOfMidas]: Low IQ commies loitering the comments? **CHECK**","haha I love how easy you trumpets get mad, more comments pls :D",154,___
a13,30525907713,"['Baran: true', 'IsaMaks: false', 'Piek: true']",homos,530396969,CringeAnarchy,"Homosexual artist criticizing his country's treatment of homosexuals gets doxxed by Leftists for ""Islamophobia""","[VoboTheHobo]: I'm all for gay rights, I love gay people. But recently with the Millie Bobby Brown thing, they've been painting themselves in a horrible light. <br> [surobyk]: whats with MBB? <br> [VoboTheHobo]: A lot of gay people made a ""meme"" about her being homophobic and creating fake stories about her so she closed her twitter account.","fucking retards, they think they have moral highground just because they are homos",194,___
a5,30525952794,"['Baran: true', 'IsaMaks: true', 'Piek: false']",retards,530396969,CringeAnarchy,"Homosexual artist criticizing his country's treatment of homosexuals gets doxxed by Leftists for ""Islamophobia""","[VoboTheHobo]: I'm all for gay rights, I love gay people. But recently with the Millie Bobby Brown thing, they've been painting themselves in a horrible light. <br> [surobyk]: whats with MBB? <br> [VoboTheHobo]: A lot of gay people made a ""meme"" about her being homophobic and creating fake stories about her so she closed her twitter account. <br> [surobyk]: fucking retards, they think they have moral highground just because they are homos <br> [VoboTheHobo]: That's not the right opinion but okay. <br> [surobyk]: so you do think they are morally superior just by being lgbt?",No but calling them retards and homos for just an incredibly small percentage of the lgbt community is pretty ignorant.,194,___
a7,30525952794,"['Baran: true', 'IsaMaks: true', 'Piek: false']",homos,530396969,CringeAnarchy,"Homosexual artist criticizing his country's treatment of homosexuals gets doxxed by Leftists for ""Islamophobia""","[VoboTheHobo]: I'm all for gay rights, I love gay people. But recently with the Millie Bobby Brown thing, they've been painting themselves in a horrible light. <br> [surobyk]: whats with MBB? <br> [VoboTheHobo]: A lot of gay people made a ""meme"" about her being homophobic and creating fake stories about her so she closed her twitter account. <br> [surobyk]: fucking retards, they think they have moral highground just because they are homos <br> [VoboTheHobo]: That's not the right opinion but okay. <br> [surobyk]: so you do think they are morally superior just by being lgbt?",No but calling them retards and homos for just an incredibly small percentage of the lgbt community is pretty ignorant.,194,___
a17,30530056685,"['Baran: false', 'IsaMaks: true', 'Piek: false']",/r/fatlogic,530959912,CringeAnarchy,Fighting mechanical bigotry!,[YungestFrankie]: r/fatlogic,Got banned for stating i think fat people are ugly on another sub lol don't use /r/fatlogic its shit.,18,___
a19,30530056685,"['Baran: true', 'IsaMaks: false', 'Piek: true']",shit.,530959912,CringeAnarchy,Fighting mechanical bigotry!,[YungestFrankie]: r/fatlogic,Got banned for stating i think fat people are ugly on another sub lol don't use /r/fatlogic its shit.,18,___
