Submission id,Participant id,Status,Started at,Completed at,Reviewed at,Archived at,Time taken,Completion code,Total approvals,Nationality (uk),Fluent languages,Primary language,Age,Sex,Ethnicity simplified,Country of birth,Country of residence,Nationality,Language,Student status,Employment status
64d395fa35f8e3e46a47b370,641368339ef3b77a1993d109,APPROVED,2023-08-09T13:34:54.848000Z,2023-08-09T13:39:50.646000Z,2023-08-10T09:10:40.901000,2023-08-09T13:39:51.131827Z,296,91442ADD,150,Wales,English,English,31,Male,White,United Kingdom,United Kingdom,United Kingdom,English,No,Full-Time
64d396c211d1bbb9f952a797,60e5c9673a2d2a68a4efdc13,APPROVED,2023-08-09T13:38:16.044000Z,2023-08-09T13:42:04.165000Z,2023-08-10T09:10:42.709000,2023-08-09T13:42:04.621303Z,229,91442ADD,263,England,English,English,34,Female,White,United Kingdom,United Kingdom,United Kingdom,English,No,Full-Time
64d396ff7d8990e713943fdc,6148f254e3e9781ace195ec0,APPROVED,2023-08-09T13:39:14.940000Z,2023-08-09T13:49:01.321000Z,2023-08-10T09:10:43.809000,2023-08-09T13:49:01.818531Z,587,91442ADD,632,England,English,English,42,Female,White,United Kingdom,United Kingdom,United Kingdom,English,No,Part-Time
64d3970f0ce731c594d9f89a,5ea0eccdddea230fb0e4f1d6,APPROVED,2023-08-09T13:39:31.815000Z,2023-08-09T13:46:09.927000Z,2023-08-10T09:10:44.376000,2023-08-09T13:46:25.443491Z,399,91442ADD,203,England,English,English,34,Male,White,United States,United Kingdom,United Kingdom,English,DATA_EXPIRED,Full-Time
64d3a70d022108df2eee1f8d,5c5c8b70758f310001ed429a,APPROVED,2023-08-09T14:47:45.037000Z,2023-08-09T15:00:19.677000Z,2023-08-10T09:10:45.605000,2023-08-09T15:00:23.448402Z,755,91442ADD,1029,England,English,English,52,Male,White,United Kingdom,United Kingdom,United Kingdom,English,No,"Not in paid work (e.g. homemaker', 'retired or disabled)"
