Submission id,Participant id,Status,Started at,Completed at,Reviewed at,Archived at,Time taken,Completion code,Total approvals,Nationality (uk),Fluent languages,Primary language,Age,Sex,Ethnicity simplified,Country of birth,Country of residence,Nationality,Language,Student status,Employment status
64d38c202b8f01f05366ba30,62b4bc1f1ffc02be12abd283,APPROVED,2023-08-09T12:52:52.397000Z,2023-08-09T12:59:10.559000Z,2023-08-10T08:47:54.836000,2023-08-09T12:59:10.972347Z,379,91442ADD,272,England,"English, Urdu",English,44,Female,Asian,United Kingdom,United Kingdom,United Kingdom,English,Yes,DATA_EXPIRED
64d38cc1c45443d87ead9548,5d78cb8a44b0d10001a53485,APPROVED,2023-08-09T12:55:35.102000Z,2023-08-09T13:04:40.994000Z,2023-08-10T08:47:55.557000,2023-08-09T13:04:42.151737Z,546,91442ADD,566,England,English,English,34,Female,White,United Kingdom,United Kingdom,United Kingdom,English,DATA_EXPIRED,DATA_EXPIRED
64d38ce975eede94a6f8f1ab,5fefa78a509c7eb209f4b47e,APPROVED,2023-08-09T12:56:13.010000Z,2023-08-09T13:06:48.766000Z,2023-08-10T08:47:57.127000,2023-08-09T13:06:49.355512Z,636,91442ADD,1041,England,English,English,40,Male,White,United Kingdom,United Kingdom,United Kingdom,English,No,Part-Time
64d38d8c91d236744dab5537,5efb6ceaf3f69c0bf89d6fec,APPROVED,2023-08-09T12:58:55.399000Z,2023-08-09T13:17:20.510000Z,2023-08-10T08:47:58.056000,2023-08-09T13:17:21.284058Z,1106,91442ADD,343,Scotland,English,English,27,Female,White,United Kingdom,United Kingdom,United Kingdom,English,No,Full-Time
64d38df50e61c5a6f8cc5263,610fb8ff377a37c16a4edf38,APPROVED,2023-08-09T13:00:53.855000Z,2023-08-09T13:12:20.288000Z,2023-08-10T08:48:00.292000,2023-08-09T13:12:22.451693Z,687,91442ADD,383,England,English,English,42,Female,White,United Kingdom,United Kingdom,United Kingdom,English,No,DATA_EXPIRED
