token_id,comment_id,worker_answers,token,title_id,community_id,title_text,context,comment,subthread_id,post_text
a12,30554684527,"['Baran: false', 'IsaMaks: false', 'Piek: true']",shoot,534005289,CringeAnarchy,Redditor vandalizes cars due to politics,-,"Dude, let's be real, you're salivating at the slightest opportunity to shoot the fuck outta someone. ",250,___
a13,30554684527,"['Baran: false', 'IsaMaks: false', 'Piek: true']",the,534005289,CringeAnarchy,Redditor vandalizes cars due to politics,-,"Dude, let's be real, you're salivating at the slightest opportunity to shoot the fuck outta someone. ",250,___
a15,30554684527,"['Baran: false', 'IsaMaks: false', 'Piek: true']",outta,534005289,CringeAnarchy,Redditor vandalizes cars due to politics,-,"Dude, let's be real, you're salivating at the slightest opportunity to shoot the fuck outta someone. ",250,___
a16,30554684527,"['Baran: false', 'IsaMaks: false', 'Piek: true']",someone.,534005289,CringeAnarchy,Redditor vandalizes cars due to politics,-,"Dude, let's be real, you're salivating at the slightest opportunity to shoot the fuck outta someone. ",250,___
a4,30554934252,"['Baran: false', 'IsaMaks: false', 'Piek: true']",be,534005289,CringeAnarchy,Redditor vandalizes cars due to politics,"[Cryan_Branston]: Dude, let's be real, you're salivating at the slightest opportunity to shoot the fuck outta someone. ","Simple solution, don't be a dick and wreck people's stuff, then you never have to worry about being shot.",250,___
a5,30554934252,"['Baran: false', 'IsaMaks: false', 'Piek: true']",a,534005289,CringeAnarchy,Redditor vandalizes cars due to politics,"[Cryan_Branston]: Dude, let's be real, you're salivating at the slightest opportunity to shoot the fuck outta someone. ","Simple solution, don't be a dick and wreck people's stuff, then you never have to worry about being shot.",250,___
a3,30554986321,"['Baran: false', 'IsaMaks: false', 'Piek: true']",be,534005289,CringeAnarchy,Redditor vandalizes cars due to politics,"[Cryan_Branston]: Dude, let's be real, you're salivating at the slightest opportunity to shoot the fuck outta someone.  <br> [realGUN-NUT]: Simple solution, don't be a dick and wreck people's stuff, then you never have to worry about being shot. <br> [dyslexic_duck]: I still worry about being shot ",Maybe don't be a pussy or a career criminal ,250,___
a4,30554986321,"['Baran: false', 'IsaMaks: false', 'Piek: true']",a,534005289,CringeAnarchy,Redditor vandalizes cars due to politics,"[Cryan_Branston]: Dude, let's be real, you're salivating at the slightest opportunity to shoot the fuck outta someone.  <br> [realGUN-NUT]: Simple solution, don't be a dick and wreck people's stuff, then you never have to worry about being shot. <br> [dyslexic_duck]: I still worry about being shot ",Maybe don't be a pussy or a career criminal ,250,___
a7,30554986321,"['Baran: false', 'IsaMaks: false', 'Piek: true']",a,534005289,CringeAnarchy,Redditor vandalizes cars due to politics,"[Cryan_Branston]: Dude, let's be real, you're salivating at the slightest opportunity to shoot the fuck outta someone.  <br> [realGUN-NUT]: Simple solution, don't be a dick and wreck people's stuff, then you never have to worry about being shot. <br> [dyslexic_duck]: I still worry about being shot ",Maybe don't be a pussy or a career criminal ,250,___
a8,30554986321,"['Baran: false', 'IsaMaks: false', 'Piek: true']",career,534005289,CringeAnarchy,Redditor vandalizes cars due to politics,"[Cryan_Branston]: Dude, let's be real, you're salivating at the slightest opportunity to shoot the fuck outta someone.  <br> [realGUN-NUT]: Simple solution, don't be a dick and wreck people's stuff, then you never have to worry about being shot. <br> [dyslexic_duck]: I still worry about being shot ",Maybe don't be a pussy or a career criminal ,250,___
a9,30554986321,"['Baran: false', 'IsaMaks: false', 'Piek: true']",criminal,534005289,CringeAnarchy,Redditor vandalizes cars due to politics,"[Cryan_Branston]: Dude, let's be real, you're salivating at the slightest opportunity to shoot the fuck outta someone.  <br> [realGUN-NUT]: Simple solution, don't be a dick and wreck people's stuff, then you never have to worry about being shot. <br> [dyslexic_duck]: I still worry about being shot ",Maybe don't be a pussy or a career criminal ,250,___
a4,30554993628,"['Baran: false', 'IsaMaks: false', 'Piek: true']",be,534005289,CringeAnarchy,Redditor vandalizes cars due to politics,"[Cryan_Branston]: Dude, let's be real, you're salivating at the slightest opportunity to shoot the fuck outta someone.  <br> [realGUN-NUT]: Simple solution, don't be a dick and wreck people's stuff, then you never have to worry about being shot. <br> [dyslexic_duck]: I still worry about being shot  <br> [lolol42]: Maybe don't be a pussy or a career criminal ",Sorry I'll always be a pussy criminal ,250,___
a5,30554993628,"['Baran: false', 'IsaMaks: false', 'Piek: true']",a,534005289,CringeAnarchy,Redditor vandalizes cars due to politics,"[Cryan_Branston]: Dude, let's be real, you're salivating at the slightest opportunity to shoot the fuck outta someone.  <br> [realGUN-NUT]: Simple solution, don't be a dick and wreck people's stuff, then you never have to worry about being shot. <br> [dyslexic_duck]: I still worry about being shot  <br> [lolol42]: Maybe don't be a pussy or a career criminal ",Sorry I'll always be a pussy criminal ,250,___
a7,30554993628,"['Baran: false', 'IsaMaks: false', 'Piek: true']",criminal,534005289,CringeAnarchy,Redditor vandalizes cars due to politics,"[Cryan_Branston]: Dude, let's be real, you're salivating at the slightest opportunity to shoot the fuck outta someone.  <br> [realGUN-NUT]: Simple solution, don't be a dick and wreck people's stuff, then you never have to worry about being shot. <br> [dyslexic_duck]: I still worry about being shot  <br> [lolol42]: Maybe don't be a pussy or a career criminal ",Sorry I'll always be a pussy criminal ,250,___
a5,30554518480,"['Baran: false', 'IsaMaks: false', 'Piek: true']",a,534083976,CringeAnarchy,Black person: white people are a plague to the planet. prove me wrong.,"[szymanskii]: I can't, he's right. <br> [dmm_auth_289470]: Hey I see your cuck faggot ass in the pic on the left.","At least I'm not a racist loser, sweetie :\^)",7,___
a6,30554518480,"['Baran: false', 'IsaMaks: false', 'Piek: true']",racist,534083976,CringeAnarchy,Black person: white people are a plague to the planet. prove me wrong.,"[szymanskii]: I can't, he's right. <br> [dmm_auth_289470]: Hey I see your cuck faggot ass in the pic on the left.","At least I'm not a racist loser, sweetie :\^)",7,___
a7,30554518480,"['Baran: false', 'IsaMaks: false', 'Piek: true']","loser,",534083976,CringeAnarchy,Black person: white people are a plague to the planet. prove me wrong.,"[szymanskii]: I can't, he's right. <br> [dmm_auth_289470]: Hey I see your cuck faggot ass in the pic on the left.","At least I'm not a racist loser, sweetie :\^)",7,___
a8,30554527128,"['Baran: false', 'IsaMaks: false', 'Piek: true']",being,534083976,CringeAnarchy,Black person: white people are a plague to the planet. prove me wrong.,"[szymanskii]: I can't, he's right. <br> [dmm_auth_289470]: Hey I see your cuck faggot ass in the pic on the left. <br> [szymanskii]: At least I'm not a racist loser, sweetie :\^)",Being a racist is far better than being a cuck faggot,7,___
a9,30554527128,"['Baran: false', 'IsaMaks: false', 'Piek: true']",a,534083976,CringeAnarchy,Black person: white people are a plague to the planet. prove me wrong.,"[szymanskii]: I can't, he's right. <br> [dmm_auth_289470]: Hey I see your cuck faggot ass in the pic on the left. <br> [szymanskii]: At least I'm not a racist loser, sweetie :\^)",Being a racist is far better than being a cuck faggot,7,___
a4,30554562587,"['Baran: false', 'IsaMaks: false', 'Piek: true']",racist.,534083976,CringeAnarchy,Black person: white people are a plague to the planet. prove me wrong.,"[szymanskii]: I can't, he's right. <br> [dmm_auth_289470]: Hey I see your cuck faggot ass in the pic on the left. <br> [szymanskii]: At least I'm not a racist loser, sweetie :\^) <br> [dmm_auth_164071]: Being a racist is far better than being a cuck faggot","Reevaluate your life, racist.",7,___
a2,30555263791,"['Baran: false', 'IsaMaks: true', 'Piek: true']",fucking,534083976,CringeAnarchy,Black person: white people are a plague to the planet. prove me wrong.,"[szymanskii]: I can't, he's right. <br> [dmm_auth_289470]: Hey I see your cuck faggot ass in the pic on the left. <br> [szymanskii]: At least I'm not a racist loser, sweetie :\^) <br> [dmm_auth_164071]: Being a racist is far better than being a cuck faggot <br> [szymanskii]: Reevaluate your life, racist.",I fucking lost it after reading your post history.,7,___
a1,30555299266,"['Baran: false', 'IsaMaks: true', 'Piek: false']",Pls,534083976,CringeAnarchy,Black person: white people are a plague to the planet. prove me wrong.,"[szymanskii]: I can't, he's right. <br> [dmm_auth_289470]: Hey I see your cuck faggot ass in the pic on the left. <br> [szymanskii]: At least I'm not a racist loser, sweetie :\^) <br> [dmm_auth_164071]: Being a racist is far better than being a cuck faggot <br> [szymanskii]: Reevaluate your life, racist. <br> [Emperor-Valtorei]: I fucking lost it after reading your post history.",Pls be my gf ,7,___
a4,30555299266,"['Baran: false', 'IsaMaks: true', 'Piek: false']",gf,534083976,CringeAnarchy,Black person: white people are a plague to the planet. prove me wrong.,"[szymanskii]: I can't, he's right. <br> [dmm_auth_289470]: Hey I see your cuck faggot ass in the pic on the left. <br> [szymanskii]: At least I'm not a racist loser, sweetie :\^) <br> [dmm_auth_164071]: Being a racist is far better than being a cuck faggot <br> [szymanskii]: Reevaluate your life, racist. <br> [Emperor-Valtorei]: I fucking lost it after reading your post history.",Pls be my gf ,7,___
