Submission id,Participant id,Status,Started at,Completed at,Reviewed at,Archived at,Time taken,Completion code,Total approvals,Nationality (uk),Fluent languages,Primary language,Age,Sex,Ethnicity simplified,Country of birth,Country of residence,Nationality,Language,Student status,Employment status
64d393822ac965da0d001396,612e2295ae7fac39c7ad7150,APPROVED,2023-08-09T13:24:22.808000Z,2023-08-09T14:01:30.419000Z,2023-08-10T09:01:56.975000,2023-08-09T14:01:34.567921Z,2228,91442ADD,145,England,"Spanish, English",English,30,Male,Mixed,United Kingdom,United Kingdom,United Kingdom,English,No,Full-Time
64d393db4f5365b1102ea54e,5e86129f087c78224098c878,APPROVED,2023-08-09T13:26:01.164000Z,2023-08-09T13:42:28.925000Z,2023-08-10T09:01:58.201000,2023-08-09T13:42:30.965208Z,988,91442ADD,477,England,English,English,66,Male,White,United Kingdom,United Kingdom,United Kingdom,English,No,"Not in paid work (e.g. homemaker', 'retired or disabled)"
64d39423d47b790695c52455,60868644bc3f19d6d4f9a413,APPROVED,2023-08-09T13:27:04.526000Z,2023-08-09T13:41:30.733000Z,2023-08-10T09:01:59.029000,2023-08-09T13:41:35.682300Z,867,91442ADD,473,Wales,English,English,24,Female,White,United Kingdom,United Kingdom,United Kingdom,English,No,Unemployed (and job seeking)
64d3948b048cf2b9ae25f58d,5f9b1807e2ed9e2ebd0fdf73,APPROVED,2023-08-09T13:31:31.110000Z,2023-08-09T13:52:47.917000Z,2023-08-10T09:01:59.797000,2023-08-09T13:52:48.940887Z,1277,91442ADD,158,England,English,English,22,Male,White,United Kingdom,United Kingdom,United Kingdom,English,DATA_EXPIRED,DATA_EXPIRED
64d39519f2767d412025f583,5a4bd1533646f90001b43676,APPROVED,2023-08-09T13:34:34.245000Z,2023-08-09T13:44:34.414000Z,2023-08-10T09:02:02.276000,2023-08-09T13:44:34.893641Z,601,91442ADD,937,England,English,English,43,Female,White,United Kingdom,United Kingdom,United Kingdom,English,No,DATA_EXPIRED
