Submission id,Participant id,Status,Started at,Completed at,Reviewed at,Archived at,Time taken,Completion code,Total approvals,Nationality (uk),Fluent languages,Primary language,Age,Sex,Ethnicity simplified,Country of birth,Country of residence,Nationality,Language,Student status,Employment status
64d37d0c978772c1d102a8ce,5e4035996c09fc26cdd678f5,APPROVED,2023-08-09T11:48:50.423000Z,2023-08-09T12:22:17.635000Z,2023-08-09T14:29:23.726000,2023-08-09T12:22:18.380866Z,2008,91442ADD,1065,England,English,English,41,Female,Mixed,United Kingdom,United Kingdom,United Kingdom,English,No,Full-Time
64d37e052eadabc639ad7630,60034b722facd1405b09cb70,APPROVED,2023-08-09T11:52:50.749000Z,2023-08-09T12:03:39.504000Z,2023-08-09T16:29:53.757000,2023-08-09T12:03:40.582047Z,649,91442ADD,75,England,English,English,30,Female,White,United Kingdom,United Kingdom,United Kingdom,English,No,"Not in paid work (e.g. homemaker', 'retired or disabled)"
64d37e1d161ce2fc6722a425,59dc83d37f3d71000171d3cb,APPROVED,2023-08-09T11:53:05.151000Z,2023-08-09T12:06:49.786000Z,2023-08-09T16:29:54.837000,2023-08-09T12:06:50.298074Z,825,91442ADD,267,England,English,English,38,Female,White,United Kingdom,United Kingdom,United Kingdom,English,DATA_EXPIRED,DATA_EXPIRED
64d37e3e330113b19c9cde32,5f3113c7420629591ac9db15,REJECTED,2023-08-09T11:54:11.268000Z,2023-08-09T12:04:29.654000Z,2023-08-09T14:16:37.898000Z,2023-08-09T12:04:30.410000Z,619,91442ADD,690,CONSENT_REVOKED,CONSENT_REVOKED,CONSENT_REVOKED,CONSENT_REVOKED,CONSENT_REVOKED,CONSENT_REVOKED,CONSENT_REVOKED,CONSENT_REVOKED,CONSENT_REVOKED,CONSENT_REVOKED,CONSENT_REVOKED,CONSENT_REVOKED
64d37e56a749dd3c8374e8b3,5f172fe7c89bde065a7e120e,APPROVED,2023-08-09T11:54:01.574000Z,2023-08-09T12:07:10.793000Z,2023-08-09T16:29:55.642000,2023-08-09T12:07:11.291537Z,790,91442ADD,464,England,English,English,67,Male,White,United Kingdom,United Kingdom,United Kingdom,English,DATA_EXPIRED,DATA_EXPIRED
64d39ffe1ef11b334d10a245,6162cc4598fecddd2fcd70e9,REJECTED,2023-08-09T14:17:55.190000Z,2023-08-09T14:25:21.052000Z,2023-08-09T14:29:33.199000Z,2023-08-09T14:25:23.249000Z,446,91442ADD,509,CONSENT_REVOKED,CONSENT_REVOKED,CONSENT_REVOKED,CONSENT_REVOKED,CONSENT_REVOKED,CONSENT_REVOKED,CONSENT_REVOKED,CONSENT_REVOKED,CONSENT_REVOKED,CONSENT_REVOKED,CONSENT_REVOKED,CONSENT_REVOKED
64d3b8dd3c7fdbc7b0645b44,62e16e79326aa8ba7e6edeaf,APPROVED,2023-08-09T16:03:50.175000Z,2023-08-09T16:12:18.247000Z,2023-08-09T16:29:57.160000,2023-08-09T16:12:19.014096Z,509,91442ADD,491,England,English,English,43,Female,White,United Kingdom,United Kingdom,United Kingdom,English,No,DATA_EXPIRED
