filename,comment_id,comment_id.1,title_id,community_id,title_text,context,comment,subthread_id,post_text,comment_label
gold subthreads (3).csv,30538314582,30538314582,531814405,The_Donald,The left always goes too far. This isn't trolling!,"[sickofaltspin]: You, Bubbles, Julian and Ricky can come. Randy can keep his greasy ass there.",Randy is a good guy so long as Mr. Lahey is not listening to the liquor.,89,___,False
gold subthreads (3).csv,30543251957,30543251957,532496784,CringeAnarchy,The naked truth about double standards,"[The_Rancor_lives]: Nor is it alive amirite? At least not until it spontaneously becomes a baby at 18 weeks RITE!?! <br> [CheeseburgerNecktie]: I really hope you dont jerk off dude <br> [The_Rancor_lives]: I hope you dont reproduce. <br> [CheeseburgerNecktie]: Okay mass murderer <br> [The_Rancor_lives]: Because I'm the one advocating abortion? Dont think so, planned murderer <br> [CheeseburgerNecktie]: Calm down killer. <br> [The_Rancor_lives]: No ^^^^^u fag <br> [CheeseburgerNecktie]: Settle down murderer ","Ok, you first stalin",57,___,False
gold subthreads (3).csv,30543248335,30543248335,532496784,CringeAnarchy,The naked truth about double standards,[The_Rancor_lives]: Nor is it alive amirite? At least not until it spontaneously becomes a baby at 18 weeks RITE!?! <br> [CheeseburgerNecktie]: I really hope you dont jerk off dude <br> [The_Rancor_lives]: I hope you dont reproduce. <br> [CheeseburgerNecktie]: Okay mass murderer,"Because I'm the one advocating abortion? Dont think so, planned murderer",57,___,False
gold subthreads (3).csv,30543249900,30543249900,532496784,CringeAnarchy,The naked truth about double standards,"[The_Rancor_lives]: Nor is it alive amirite? At least not until it spontaneously becomes a baby at 18 weeks RITE!?! <br> [CheeseburgerNecktie]: I really hope you dont jerk off dude <br> [The_Rancor_lives]: I hope you dont reproduce. <br> [CheeseburgerNecktie]: Okay mass murderer <br> [The_Rancor_lives]: Because I'm the one advocating abortion? Dont think so, planned murderer <br> [CheeseburgerNecktie]: Calm down killer.",No ^^^^^u fag,57,___,True
gold subthreads (3).csv,30536138825,30536138825,531761049,MensRights,So Sad: 6-Year-Old-Boy Ripped From His Father & Grandparents After The Mother Who Been In Jail For 6 Years Got Awarded Custody First Day Out!,[DarthRoacho]: This is fucked.  100% fucked.  Fuck the courts and the cunts who agree with this shit.,And it happens way too often,5,___,False
gold subthreads (3).csv,30536219181,30536219181,531761049,MensRights,So Sad: 6-Year-Old-Boy Ripped From His Father & Grandparents After The Mother Who Been In Jail For 6 Years Got Awarded Custody First Day Out!,[DarthRoacho]: This is fucked.  100% fucked.  Fuck the courts and the cunts who agree with this shit. <br> [dmm_auth_668496]: And it happens way too often,"Its something i fear everyday.  I have custody of my daughter, and the thought of the courts giving her back to an addict because she has a vagina scares the fuck outta me.",5,___,True
gold subthreads (3).csv,30543254058,30543254058,532496784,CringeAnarchy,The naked truth about double standards,"[The_Rancor_lives]: Nor is it alive amirite? At least not until it spontaneously becomes a baby at 18 weeks RITE!?! <br> [CheeseburgerNecktie]: I really hope you dont jerk off dude <br> [The_Rancor_lives]: I hope you dont reproduce. <br> [CheeseburgerNecktie]: Okay mass murderer <br> [The_Rancor_lives]: Because I'm the one advocating abortion? Dont think so, planned murderer <br> [CheeseburgerNecktie]: Calm down killer. <br> [The_Rancor_lives]: No ^^^^^u fag <br> [CheeseburgerNecktie]: Settle down murderer  <br> [The_Rancor_lives]: Ok, you first stalin <br> [CheeseburgerNecktie]: Calm down sjw <br> [The_Rancor_lives]: Wtever hitler",Okay cuck,57,___,True
gold subthreads (3).csv,30531488373,30531488373,531150958,CringeAnarchy,RIP,-,There's nothing worse than ugly chicks who think they're hot if they act slutty enough.,264,___,True
gold subthreads (3).csv,30534492294,30534492294,531150958,CringeAnarchy,RIP,"[WhiskeyWeekends]: There's nothing worse than ugly chicks who think they're hot if they act slutty enough. <br> [Dimentive]: If you think Demi Lovato is ugly, you have probably never had sex with a human being before. Not even a gay guy would think she's ugly. <br> [WhiskeyWeekends]: Cool story, faggot. <br> [Dimentive]: Ouch, epic burn, my friend. How would I ever recover? <br> [WhiskeyWeekends]: Suicide.",That's the opposite of recovering.,264,___,False
gold subthreads (3).csv,30537823105,30537823105,531750681,CringeAnarchy,Stupid white people,"[TheRealBestAmerican]: Stupid white people and their...  *shuffles deck*  **Lower rate of homicide!** <br> [pls_coffee]: Haha so true, it's usually genocide instead <br> [TomatoPoodle]: Yeah black people have definitely ever genocided anyone  <br> [Literally_A_Shill]: Oh shit, did it just become a competition? <br> [blehrck]: Yes it is, and you're all losers. The title is still held by the mongols, more specifically Genghis Khan.  Step it up",I think they prefer 'down syndrome' thanks,179,___,False
gold subthreads (3).csv,30535526987,30535526987,531365260,CringeAnarchy,Identity Evropa does weekend of service cleaning graffiti. Antifa response below,"[trppisdying]: Lmao you're a fucking kid, I'm Jewish and we very much are an identifiable ethnic group, please research a little before continuing to say stupid shit.  <br> [Sacklelotto]: what?","Lmao the guy was right, ""tactical nihilism"", it just means you're being retarded on purpose to muddy arguments.",42,___,True
gold subthreads (3).csv,30535609751,30535609751,531365260,CringeAnarchy,Identity Evropa does weekend of service cleaning graffiti. Antifa response below,"[trppisdying]: Lmao you're a fucking kid, I'm Jewish and we very much are an identifiable ethnic group, please research a little before continuing to say stupid shit.  <br> [Sacklelotto]: what? <br> [trppisdying]: Lmao the guy was right, ""tactical nihilism"", it just means you're being retarded on purpose to muddy arguments. <br> [Sacklelotto]: on what argument? <br> [bspon001]: That moment when jews side with identitarians to tell you you're retarded. ","Im sure he is. Like you have a kid, braincel.",42,___,False
gold subthreads (3).csv,30534268554,30534268554,531150958,CringeAnarchy,RIP,[WhiskeyWeekends]: There's nothing worse than ugly chicks who think they're hot if they act slutty enough.,"If you think Demi Lovato is ugly, you have probably never had sex with a human being before. Not even a gay guy would think she's ugly.",264,___,False
gold subthreads (3).csv,30538977164,30538977164,532008819,CringeAnarchy,Reddit at its finest,[MysticalElk]: You're a moron lmaooo,your threshold for humor is quite small.,164,___,False
gold subthreads (3).csv,30537477244,30537477244,531750681,CringeAnarchy,Stupid white people,"[TheRealBestAmerican]: Stupid white people and their...  *shuffles deck*  **Lower rate of homicide!** <br> [pls_coffee]: Haha so true, it's usually genocide instead <br> [TomatoPoodle]: Yeah black people have definitely ever genocided anyone ","Oh shit, did it just become a competition?",179,___,True
gold subthreads (3).csv,30535524272,30535524272,531365260,CringeAnarchy,Identity Evropa does weekend of service cleaning graffiti. Antifa response below,"[trppisdying]: Lmao you're a fucking kid, I'm Jewish and we very much are an identifiable ethnic group, please research a little before continuing to say stupid shit. ",what?,42,___,False
gold subthreads (3).csv,30539007772,30539007772,532008819,CringeAnarchy,Reddit at its finest,[MysticalElk]: You're a moron lmaooo <br> [dmm_auth_849078]: your threshold for humor is quite small.,What you call humor is retarded,164,___,True
gold subthreads (3).csv,30534420771,30534420771,531150958,CringeAnarchy,RIP,"[WhiskeyWeekends]: There's nothing worse than ugly chicks who think they're hot if they act slutty enough. <br> [Dimentive]: If you think Demi Lovato is ugly, you have probably never had sex with a human being before. Not even a gay guy would think she's ugly. <br> [WhiskeyWeekends]: Cool story, faggot.","Ouch, epic burn, my friend. How would I ever recover?",264,___,False
gold subthreads (3).csv,30543253602,30543253602,532496784,CringeAnarchy,The naked truth about double standards,"[The_Rancor_lives]: Nor is it alive amirite? At least not until it spontaneously becomes a baby at 18 weeks RITE!?! <br> [CheeseburgerNecktie]: I really hope you dont jerk off dude <br> [The_Rancor_lives]: I hope you dont reproduce. <br> [CheeseburgerNecktie]: Okay mass murderer <br> [The_Rancor_lives]: Because I'm the one advocating abortion? Dont think so, planned murderer <br> [CheeseburgerNecktie]: Calm down killer. <br> [The_Rancor_lives]: No ^^^^^u fag <br> [CheeseburgerNecktie]: Settle down murderer  <br> [The_Rancor_lives]: Ok, you first stalin <br> [CheeseburgerNecktie]: Calm down sjw",Wtever hitler,57,___,True
gold subthreads (3).csv,30543246410,30543246410,532496784,CringeAnarchy,The naked truth about double standards,[The_Rancor_lives]: Nor is it alive amirite? At least not until it spontaneously becomes a baby at 18 weeks RITE!?! <br> [CheeseburgerNecktie]: I really hope you dont jerk off dude <br> [The_Rancor_lives]: I hope you dont reproduce.,Okay mass murderer,57,___,False
gold subthreads (3).csv,30537351994,30537351994,531750681,CringeAnarchy,Stupid white people,"[TheRealBestAmerican]: Stupid white people and their...  *shuffles deck*  **Lower rate of homicide!** <br> [pls_coffee]: Haha so true, it's usually genocide instead",Yeah black people have definitely ever genocided anyone ,179,___,False
gold subthreads (3).csv,30535612739,30535612739,531365260,CringeAnarchy,Identity Evropa does weekend of service cleaning graffiti. Antifa response below,"[trppisdying]: Lmao you're a fucking kid, I'm Jewish and we very much are an identifiable ethnic group, please research a little before continuing to say stupid shit.  <br> [Sacklelotto]: what? <br> [trppisdying]: Lmao the guy was right, ""tactical nihilism"", it just means you're being retarded on purpose to muddy arguments. <br> [Sacklelotto]: on what argument? <br> [bspon001]: That moment when jews side with identitarians to tell you you're retarded.  <br> [Sacklelotto]: Im sure he is. Like you have a kid, braincel.",He just stated you're retarded lol please continue embarrassing yourself,42,___,True
gold subthreads (3).csv,30539049894,30539049894,532008819,CringeAnarchy,Reddit at its finest,"[MysticalElk]: You're a moron lmaooo <br> [dmm_auth_849078]: your threshold for humor is quite small. <br> [MysticalElk]: What you call humor is retarded <br> [dmm_auth_63010]: r/woosh  <br> [MysticalElk]: Trying the ol ""issa joke!"" <br> [dmm_auth_728195]: jesus christ you a thick. you laughed at yourself for calling me a moron. what are you 13? <br> [MysticalElk]: No I didn't? Your stupidity is what made me laugh",your threshold for what you consider stupid is painfully low.,164,___,False
gold subthreads (3).csv,30539035023,30539035023,532008819,CringeAnarchy,Reddit at its finest,"[MysticalElk]: You're a moron lmaooo <br> [dmm_auth_849078]: your threshold for humor is quite small. <br> [MysticalElk]: What you call humor is retarded <br> [dmm_auth_63010]: r/woosh  <br> [MysticalElk]: Trying the ol ""issa joke!"" <br> [dmm_auth_728195]: jesus christ you a thick. you laughed at yourself for calling me a moron. what are you 13?",No I didn't? Your stupidity is what made me laugh,164,___,False
gold subthreads (3).csv,30534451873,30534451873,531198993,CringeAnarchy,"being ""racist"" has never looked so appealing","[Altherionftw]: I hate all people of <insert race> too, my fellow non-racist person! Those <insert race> are just pretending to be victims, lol!  <br> [RadPlomb]: The level of perceived victimhood white males from the Donald have is hilarious <br> [Excavateandfill]: Considering you are all pussies and cry babies your comment is fucking rich ","Considering you're white trash, I'll let you're fucking poor",16,___,True
gold subthreads (3).csv,30534460859,30534460859,531198993,CringeAnarchy,"being ""racist"" has never looked so appealing","[Altherionftw]: I hate all people of <insert race> too, my fellow non-racist person! Those <insert race> are just pretending to be victims, lol!  <br> [RadPlomb]: The level of perceived victimhood white males from the Donald have is hilarious <br> [Excavateandfill]: Considering you are all pussies and cry babies your comment is fucking rich  <br> [RadPlomb]: Considering you're white trash, I'll let you're fucking poor",I know you are trying to be funny but i didnt mean rich as in money rich. Dumbass  Such a shit attempt hahaha  ,16,___,True
gold subthreads (3).csv,30537302754,30537302754,531750681,CringeAnarchy,Stupid white people,-,Stupid white people and their...  *shuffles deck*  **Lower rate of homicide!**,179,___,False
gold subthreads (3).csv,30533941799,30533941799,531198993,CringeAnarchy,"being ""racist"" has never looked so appealing","[Altherionftw]: I hate all people of <insert race> too, my fellow non-racist person! Those <insert race> are just pretending to be victims, lol!  <br> [RadPlomb]: The level of perceived victimhood white males from the Donald have is hilarious",Considering you are all pussies and cry babies your comment is fucking rich ,16,___,True
gold subthreads (3).csv,30543240887,30543240887,532496784,CringeAnarchy,The naked truth about double standards,-,Nor is it alive amirite? At least not until it spontaneously becomes a baby at 18 weeks RITE!?!,57,___,False
gold subthreads (3).csv,30534463809,30534463809,531150958,CringeAnarchy,RIP,"[WhiskeyWeekends]: There's nothing worse than ugly chicks who think they're hot if they act slutty enough. <br> [Dimentive]: If you think Demi Lovato is ugly, you have probably never had sex with a human being before. Not even a gay guy would think she's ugly. <br> [WhiskeyWeekends]: Cool story, faggot. <br> [Dimentive]: Ouch, epic burn, my friend. How would I ever recover?",Suicide.,264,___,False
gold subthreads (3).csv,30543250935,30543250935,532496784,CringeAnarchy,The naked truth about double standards,"[The_Rancor_lives]: Nor is it alive amirite? At least not until it spontaneously becomes a baby at 18 weeks RITE!?! <br> [CheeseburgerNecktie]: I really hope you dont jerk off dude <br> [The_Rancor_lives]: I hope you dont reproduce. <br> [CheeseburgerNecktie]: Okay mass murderer <br> [The_Rancor_lives]: Because I'm the one advocating abortion? Dont think so, planned murderer <br> [CheeseburgerNecktie]: Calm down killer. <br> [The_Rancor_lives]: No ^^^^^u fag",Settle down murderer ,57,___,False
gold subthreads (3).csv,30538956223,30538956223,532008819,CringeAnarchy,Reddit at its finest,-,You're a moron lmaooo,164,___,True
gold subthreads (3).csv,30543244512,30543244512,531750681,CringeAnarchy,Stupid white people,"[TheRealBestAmerican]: Stupid white people and their...  *shuffles deck*  **Lower rate of homicide!** <br> [pls_coffee]: Haha so true, it's usually genocide instead <br> [TomatoPoodle]: Yeah black people have definitely ever genocided anyone  <br> [Literally_A_Shill]: Oh shit, did it just become a competition? <br> [blehrck]: Yes it is, and you're all losers. The title is still held by the mongols, more specifically Genghis Khan.  Step it up <br> [Ciao_patsy]: I think they prefer 'down syndrome' thanks <br> [blehrck]: u would know lmao","You didn't ""laugh your ass off""  Don't fucking lie on the internet you cunt ",179,___,True
gold subthreads (3).csv,30535536754,30535536754,531365260,CringeAnarchy,Identity Evropa does weekend of service cleaning graffiti. Antifa response below,"[trppisdying]: Lmao you're a fucking kid, I'm Jewish and we very much are an identifiable ethnic group, please research a little before continuing to say stupid shit.  <br> [Sacklelotto]: what? <br> [trppisdying]: Lmao the guy was right, ""tactical nihilism"", it just means you're being retarded on purpose to muddy arguments.",on what argument?,42,___,False
gold subthreads (3).csv,30537304957,30537304957,531750681,CringeAnarchy,Stupid white people,[TheRealBestAmerican]: Stupid white people and their...  *shuffles deck*  **Lower rate of homicide!**,"Haha so true, it's usually genocide instead",179,___,False
gold subthreads (3).csv,30539016924,30539016924,532008819,CringeAnarchy,Reddit at its finest,[MysticalElk]: You're a moron lmaooo <br> [dmm_auth_849078]: your threshold for humor is quite small. <br> [MysticalElk]: What you call humor is retarded <br> [dmm_auth_63010]: r/woosh ,"Trying the ol ""issa joke!""",164,___,False
gold subthreads (3).csv,30531601507,30531601507,531178511,MGTOW,She's only asking for 10k.,[jeff_portnoy]: 10k? That's like 2 minutes of cam whore work. She'll be fine. <br> [I_like_PnutButter]: Though a high end whore could make that kind of cash in a few minutes.,"yeah but she prob looks like a prepubescent fat dyke lesbian, no one wants to pay to see that shit",47,___,True
gold subthreads (3).csv,30539014237,30539014237,532008819,CringeAnarchy,Reddit at its finest,[MysticalElk]: You're a moron lmaooo <br> [dmm_auth_849078]: your threshold for humor is quite small. <br> [MysticalElk]: What you call humor is retarded,r/woosh ,164,___,False
gold subthreads (3).csv,30530478584,30530478584,531064748,TheRedPill,Girl honestly speaks about importance of men's looks.,-,"Apparently I hit the wall a few years back, I guess somebody forget to tell me.  And all the girls I've fucked since. Oops. ",1,"These are glimpses of youtube comments of what I call ""honest woman"". Raw and unedited:  ----------------------------------------------------------------------------------------  Women being attracted to male looks shouldn't even be an issue. It only is because men can't handle the truth. Men talk about female looks all the time, but we women haven't been granted such freedom throughout history. Why? Because men hate feeling powerless. And knowing that your sexual value depends on something you cannot change - your looks - makes men boiling mad. And that's why we women have evolved to shut up about it, and not create problems. But biology can't be silenced, and we women will forever be sexually attracted to looks, and only looks. Just like you men are.  Sorry, should have clarified. :) Women and men are attracted to looks, and only looks, when it comes to the superficial stuff. Of course people make partner choices based on personality as well. But the reason I stated that it is only about looks for women, sexually, is because men tend to think that female hearts beat faster because of money, status, skills, actions.... no, they don't. Our hearts race, just like male hearts, because of looks. And we all fall in love with the combination of looks+personality. Hope I've made myself clear this time. :)  Yeah, I get what you're saying. But I really think that even the women who want to be with famous men, and men of high status, are in it for the attention. The glimpse and shadow of the man's spotlight. Because again, it's just not genuine sexual attraction. Sexual attraction is synonymous with physical attraction. That's why those women divorce those famous men in a heartbeat when they actually do fall in love with the beautiful poolboy.... Trump's second wife cheated on him with a bodyguard. And if anyone has status, even back then, it's that man. And Melania has never been in love with him. He's not even ugly, far from it. He's average looking, totally normal looking. But he's not physically beautiful, and that is what causes sparks.  Yes, unfortunately. We all hit the wall at around 35, men don't age like wine. I'll repeat my statement from the first comment I've made here: men can't accept powerlessness. And knowing that your sexual power depends on something you can't control makes men boiling mad. That's why they want to live in the myth that looks don't matter to women, or that, even if they matter, men age like wine. No.....sadly, no. And I say sadly, because just like you men hate seeing beautiful women age, I too hate seeing men like Tom Hardy age. He looked great for so long, but then at about 37 he just hit the wall hard. Now he's 40, and I see that his film ""Venom"" is coming out...I'm not attracted to him anymore. He'll soon become just another old geezer. And that is so sad. I'm not being sarcastic at all.... Just like Sean Connery (another of my all time favorite male beauties) was beautiful in his 30s, but became unattractive in his 40s.  PS I don't think beautiful men have problems with understanding and accepting what truly makes women wild with desire. It is the average and ugly guys who can't handle the truth, and that's about 95% of the population. Just like 95% of women don't like how attraction functions.... Well, we all desire the 5%. That is the God's honest truth. Nothing but physical looks will get a woman to desire to do anything and everything in bed with you. If you're a rockstar, sure, she'll give you oral sex backstage. But that's just to brag to her female friends, believing that she's actually accomplished something other than degrading herself. However, if a woman is madly in love with you (because of the combo of looks+ compatible personality) she will want sex all day, every day, in every way.",True
gold subthreads (3).csv,30537739826,30537739826,531750681,CringeAnarchy,Stupid white people,"[TheRealBestAmerican]: Stupid white people and their...  *shuffles deck*  **Lower rate of homicide!** <br> [pls_coffee]: Haha so true, it's usually genocide instead <br> [TomatoPoodle]: Yeah black people have definitely ever genocided anyone  <br> [Literally_A_Shill]: Oh shit, did it just become a competition?","Yes it is, and you're all losers. The title is still held by the mongols, more specifically Genghis Khan.  Step it up",179,___,False
gold subthreads (3).csv,30542739650,30542739650,531814405,The_Donald,The left always goes too far. This isn't trolling!,"[sickofaltspin]: You, Bubbles, Julian and Ricky can come. Randy can keep his greasy ass there. <br> [Damienkn1ght]: Randy is a good guy so long as Mr. Lahey is not listening to the liquor. <br> [sickofaltspin]: He needs a fucking shirt, so he's out. <br> [Damienkn1ght]: He looks like he has a solid half inch thick layer of grease, does that count?",fucking greasy...,89,___,True
gold subthreads (3).csv,30532813106,30532813106,531198993,CringeAnarchy,"being ""racist"" has never looked so appealing","[Altherionftw]: I hate all people of <insert race> too, my fellow non-racist person! Those <insert race> are just pretending to be victims, lol! ",The level of perceived victimhood white males from the Donald have is hilarious,16,___,False
gold subthreads (3).csv,30539027686,30539027686,532008819,CringeAnarchy,Reddit at its finest,"[MysticalElk]: You're a moron lmaooo <br> [dmm_auth_849078]: your threshold for humor is quite small. <br> [MysticalElk]: What you call humor is retarded <br> [dmm_auth_63010]: r/woosh  <br> [MysticalElk]: Trying the ol ""issa joke!""",jesus christ you a thick. you laughed at yourself for calling me a moron. what are you 13?,164,___,False
gold subthreads (3).csv,30531160390,30531160390,531178511,MGTOW,She's only asking for 10k.,[jeff_portnoy]: 10k? That's like 2 minutes of cam whore work. She'll be fine.,Though a high end whore could make that kind of cash in a few minutes.,47,___,True
gold subthreads (3).csv,30543252500,30543252500,532496784,CringeAnarchy,The naked truth about double standards,"[The_Rancor_lives]: Nor is it alive amirite? At least not until it spontaneously becomes a baby at 18 weeks RITE!?! <br> [CheeseburgerNecktie]: I really hope you dont jerk off dude <br> [The_Rancor_lives]: I hope you dont reproduce. <br> [CheeseburgerNecktie]: Okay mass murderer <br> [The_Rancor_lives]: Because I'm the one advocating abortion? Dont think so, planned murderer <br> [CheeseburgerNecktie]: Calm down killer. <br> [The_Rancor_lives]: No ^^^^^u fag <br> [CheeseburgerNecktie]: Settle down murderer  <br> [The_Rancor_lives]: Ok, you first stalin",Calm down sjw,57,___,False
gold subthreads (3).csv,30542662763,30542662763,531814405,The_Donald,The left always goes too far. This isn't trolling!,"[sickofaltspin]: You, Bubbles, Julian and Ricky can come. Randy can keep his greasy ass there. <br> [Damienkn1ght]: Randy is a good guy so long as Mr. Lahey is not listening to the liquor. <br> [sickofaltspin]: He needs a fucking shirt, so he's out.","He looks like he has a solid half inch thick layer of grease, does that count?",89,___,False
gold subthreads (3).csv,30534522498,30534522498,531150958,CringeAnarchy,RIP,"[WhiskeyWeekends]: There's nothing worse than ugly chicks who think they're hot if they act slutty enough. <br> [Dimentive]: If you think Demi Lovato is ugly, you have probably never had sex with a human being before. Not even a gay guy would think she's ugly. <br> [WhiskeyWeekends]: Cool story, faggot. <br> [Dimentive]: Ouch, epic burn, my friend. How would I ever recover? <br> [WhiskeyWeekends]: Suicide. <br> [Dimentive]: That's the opposite of recovering.","Well, it's your only option.",264,___,False
gold subthreads (3).csv,30535511744,30535511744,531365260,CringeAnarchy,Identity Evropa does weekend of service cleaning graffiti. Antifa response below,-,"Lmao you're a fucking kid, I'm Jewish and we very much are an identifiable ethnic group, please research a little before continuing to say stupid shit. ",42,___,True
gold subthreads (3).csv,30543255067,30543255067,532496784,CringeAnarchy,The naked truth about double standards,"[The_Rancor_lives]: Nor is it alive amirite? At least not until it spontaneously becomes a baby at 18 weeks RITE!?! <br> [CheeseburgerNecktie]: I really hope you dont jerk off dude <br> [The_Rancor_lives]: I hope you dont reproduce. <br> [CheeseburgerNecktie]: Okay mass murderer <br> [The_Rancor_lives]: Because I'm the one advocating abortion? Dont think so, planned murderer <br> [CheeseburgerNecktie]: Calm down killer. <br> [The_Rancor_lives]: No ^^^^^u fag <br> [CheeseburgerNecktie]: Settle down murderer  <br> [The_Rancor_lives]: Ok, you first stalin <br> [CheeseburgerNecktie]: Calm down sjw <br> [The_Rancor_lives]: Wtever hitler <br> [CheeseburgerNecktie]: Okay cuck",Yeetus cletus,57,___,False
gold subthreads (3).csv,30530546583,30530546583,531064748,TheRedPill,Girl honestly speaks about importance of men's looks.,"[Blackhawk2479]: Apparently I hit the wall a few years back, I guess somebody forget to tell me.  And all the girls I've fucked since. Oops. ","Yes, because you see ""fucking"" as black and white thing. Read the part about rockstar blowjob. With this attitude, you can just fuck prostitutes and feel like a fucking Alpha king",1,"These are glimpses of youtube comments of what I call ""honest woman"". Raw and unedited:  ----------------------------------------------------------------------------------------  Women being attracted to male looks shouldn't even be an issue. It only is because men can't handle the truth. Men talk about female looks all the time, but we women haven't been granted such freedom throughout history. Why? Because men hate feeling powerless. And knowing that your sexual value depends on something you cannot change - your looks - makes men boiling mad. And that's why we women have evolved to shut up about it, and not create problems. But biology can't be silenced, and we women will forever be sexually attracted to looks, and only looks. Just like you men are.  Sorry, should have clarified. :) Women and men are attracted to looks, and only looks, when it comes to the superficial stuff. Of course people make partner choices based on personality as well. But the reason I stated that it is only about looks for women, sexually, is because men tend to think that female hearts beat faster because of money, status, skills, actions.... no, they don't. Our hearts race, just like male hearts, because of looks. And we all fall in love with the combination of looks+personality. Hope I've made myself clear this time. :)  Yeah, I get what you're saying. But I really think that even the women who want to be with famous men, and men of high status, are in it for the attention. The glimpse and shadow of the man's spotlight. Because again, it's just not genuine sexual attraction. Sexual attraction is synonymous with physical attraction. That's why those women divorce those famous men in a heartbeat when they actually do fall in love with the beautiful poolboy.... Trump's second wife cheated on him with a bodyguard. And if anyone has status, even back then, it's that man. And Melania has never been in love with him. He's not even ugly, far from it. He's average looking, totally normal looking. But he's not physically beautiful, and that is what causes sparks.  Yes, unfortunately. We all hit the wall at around 35, men don't age like wine. I'll repeat my statement from the first comment I've made here: men can't accept powerlessness. And knowing that your sexual power depends on something you can't control makes men boiling mad. That's why they want to live in the myth that looks don't matter to women, or that, even if they matter, men age like wine. No.....sadly, no. And I say sadly, because just like you men hate seeing beautiful women age, I too hate seeing men like Tom Hardy age. He looked great for so long, but then at about 37 he just hit the wall hard. Now he's 40, and I see that his film ""Venom"" is coming out...I'm not attracted to him anymore. He'll soon become just another old geezer. And that is so sad. I'm not being sarcastic at all.... Just like Sean Connery (another of my all time favorite male beauties) was beautiful in his 30s, but became unattractive in his 40s.  PS I don't think beautiful men have problems with understanding and accepting what truly makes women wild with desire. It is the average and ugly guys who can't handle the truth, and that's about 95% of the population. Just like 95% of women don't like how attraction functions.... Well, we all desire the 5%. That is the God's honest truth. Nothing but physical looks will get a woman to desire to do anything and everything in bed with you. If you're a rockstar, sure, she'll give you oral sex backstage. But that's just to brag to her female friends, believing that she's actually accomplished something other than degrading herself. However, if a woman is madly in love with you (because of the combo of looks+ compatible personality) she will want sex all day, every day, in every way.",True
gold subthreads (3).csv,30534396335,30534396335,531150958,CringeAnarchy,RIP,"[WhiskeyWeekends]: There's nothing worse than ugly chicks who think they're hot if they act slutty enough. <br> [Dimentive]: If you think Demi Lovato is ugly, you have probably never had sex with a human being before. Not even a gay guy would think she's ugly.","Cool story, faggot.",264,___,True
gold subthreads (3).csv,30543249053,30543249053,532496784,CringeAnarchy,The naked truth about double standards,"[The_Rancor_lives]: Nor is it alive amirite? At least not until it spontaneously becomes a baby at 18 weeks RITE!?! <br> [CheeseburgerNecktie]: I really hope you dont jerk off dude <br> [The_Rancor_lives]: I hope you dont reproduce. <br> [CheeseburgerNecktie]: Okay mass murderer <br> [The_Rancor_lives]: Because I'm the one advocating abortion? Dont think so, planned murderer",Calm down killer.,57,___,False
gold subthreads (3).csv,30539151095,30539151095,532008819,CringeAnarchy,Reddit at its finest,"[MysticalElk]: You're a moron lmaooo <br> [dmm_auth_849078]: your threshold for humor is quite small. <br> [MysticalElk]: What you call humor is retarded <br> [dmm_auth_63010]: r/woosh  <br> [MysticalElk]: Trying the ol ""issa joke!"" <br> [dmm_auth_728195]: jesus christ you a thick. you laughed at yourself for calling me a moron. what are you 13? <br> [MysticalElk]: No I didn't? Your stupidity is what made me laugh <br> [dmm_auth_335770]: your threshold for what you consider stupid is painfully low.",Depends on the day. Today's not a good day so my threshold is considerably lower,164,___,False
gold subthreads (3).csv,30543241941,30543241941,532496784,CringeAnarchy,The naked truth about double standards,[The_Rancor_lives]: Nor is it alive amirite? At least not until it spontaneously becomes a baby at 18 weeks RITE!?!,I really hope you dont jerk off dude,57,___,False
gold subthreads (3).csv,30543245542,30543245542,532496784,CringeAnarchy,The naked truth about double standards,[The_Rancor_lives]: Nor is it alive amirite? At least not until it spontaneously becomes a baby at 18 weeks RITE!?! <br> [CheeseburgerNecktie]: I really hope you dont jerk off dude,I hope you dont reproduce.,57,___,False
gold subthreads (3).csv,30536022568,30536022568,531761049,MensRights,So Sad: 6-Year-Old-Boy Ripped From His Father & Grandparents After The Mother Who Been In Jail For 6 Years Got Awarded Custody First Day Out!,-,This is fucked.  100% fucked.  Fuck the courts and the cunts who agree with this shit.,5,___,True
gold subthreads (3).csv,30532758414,30532758414,531198993,CringeAnarchy,"being ""racist"" has never looked so appealing",-,"I hate all people of <insert race> too, my fellow non-racist person! Those <insert race> are just pretending to be victims, lol! ",16,___,False
gold subthreads (3).csv,30531097895,30531097895,531178511,MGTOW,She's only asking for 10k.,-,10k? That's like 2 minutes of cam whore work. She'll be fine.,47,___,True
gold subthreads (3).csv,30537525987,30537525987,531814405,The_Donald,The left always goes too far. This isn't trolling!,-,"You, Bubbles, Julian and Ricky can come. Randy can keep his greasy ass there.",89,___,True
gold subthreads (3).csv,30534322537,30534322537,531064748,TheRedPill,Girl honestly speaks about importance of men's looks.,"[Blackhawk2479]: Apparently I hit the wall a few years back, I guess somebody forget to tell me.  And all the girls I've fucked since. Oops.  <br> [amedeo_modigliani]: Yes, because you see ""fucking"" as black and white thing. Read the part about rockstar blowjob. With this attitude, you can just fuck prostitutes and feel like a fucking Alpha king",Fucking **is** black and white.   You're either fucking a girl or you're not. ,1,"These are glimpses of youtube comments of what I call ""honest woman"". Raw and unedited:  ----------------------------------------------------------------------------------------  Women being attracted to male looks shouldn't even be an issue. It only is because men can't handle the truth. Men talk about female looks all the time, but we women haven't been granted such freedom throughout history. Why? Because men hate feeling powerless. And knowing that your sexual value depends on something you cannot change - your looks - makes men boiling mad. And that's why we women have evolved to shut up about it, and not create problems. But biology can't be silenced, and we women will forever be sexually attracted to looks, and only looks. Just like you men are.  Sorry, should have clarified. :) Women and men are attracted to looks, and only looks, when it comes to the superficial stuff. Of course people make partner choices based on personality as well. But the reason I stated that it is only about looks for women, sexually, is because men tend to think that female hearts beat faster because of money, status, skills, actions.... no, they don't. Our hearts race, just like male hearts, because of looks. And we all fall in love with the combination of looks+personality. Hope I've made myself clear this time. :)  Yeah, I get what you're saying. But I really think that even the women who want to be with famous men, and men of high status, are in it for the attention. The glimpse and shadow of the man's spotlight. Because again, it's just not genuine sexual attraction. Sexual attraction is synonymous with physical attraction. That's why those women divorce those famous men in a heartbeat when they actually do fall in love with the beautiful poolboy.... Trump's second wife cheated on him with a bodyguard. And if anyone has status, even back then, it's that man. And Melania has never been in love with him. He's not even ugly, far from it. He's average looking, totally normal looking. But he's not physically beautiful, and that is what causes sparks.  Yes, unfortunately. We all hit the wall at around 35, men don't age like wine. I'll repeat my statement from the first comment I've made here: men can't accept powerlessness. And knowing that your sexual power depends on something you can't control makes men boiling mad. That's why they want to live in the myth that looks don't matter to women, or that, even if they matter, men age like wine. No.....sadly, no. And I say sadly, because just like you men hate seeing beautiful women age, I too hate seeing men like Tom Hardy age. He looked great for so long, but then at about 37 he just hit the wall hard. Now he's 40, and I see that his film ""Venom"" is coming out...I'm not attracted to him anymore. He'll soon become just another old geezer. And that is so sad. I'm not being sarcastic at all.... Just like Sean Connery (another of my all time favorite male beauties) was beautiful in his 30s, but became unattractive in his 40s.  PS I don't think beautiful men have problems with understanding and accepting what truly makes women wild with desire. It is the average and ugly guys who can't handle the truth, and that's about 95% of the population. Just like 95% of women don't like how attraction functions.... Well, we all desire the 5%. That is the God's honest truth. Nothing but physical looks will get a woman to desire to do anything and everything in bed with you. If you're a rockstar, sure, she'll give you oral sex backstage. But that's just to brag to her female friends, believing that she's actually accomplished something other than degrading herself. However, if a woman is madly in love with you (because of the combo of looks+ compatible personality) she will want sex all day, every day, in every way.",True
gold subthreads (3).csv,30535578881,30535578881,531365260,CringeAnarchy,Identity Evropa does weekend of service cleaning graffiti. Antifa response below,"[trppisdying]: Lmao you're a fucking kid, I'm Jewish and we very much are an identifiable ethnic group, please research a little before continuing to say stupid shit.  <br> [Sacklelotto]: what? <br> [trppisdying]: Lmao the guy was right, ""tactical nihilism"", it just means you're being retarded on purpose to muddy arguments. <br> [Sacklelotto]: on what argument?",That moment when jews side with identitarians to tell you you're retarded. ,42,___,True
gold subthreads (3).csv,30542331641,30542331641,531750681,CringeAnarchy,Stupid white people,"[TheRealBestAmerican]: Stupid white people and their...  *shuffles deck*  **Lower rate of homicide!** <br> [pls_coffee]: Haha so true, it's usually genocide instead <br> [TomatoPoodle]: Yeah black people have definitely ever genocided anyone  <br> [Literally_A_Shill]: Oh shit, did it just become a competition? <br> [blehrck]: Yes it is, and you're all losers. The title is still held by the mongols, more specifically Genghis Khan.  Step it up <br> [Ciao_patsy]: I think they prefer 'down syndrome' thanks",u would know lmao,179,___,False
gold subthreads (3).csv,30538829570,30538829570,531814405,The_Donald,The left always goes too far. This isn't trolling!,"[sickofaltspin]: You, Bubbles, Julian and Ricky can come. Randy can keep his greasy ass there. <br> [Damienkn1ght]: Randy is a good guy so long as Mr. Lahey is not listening to the liquor.","He needs a fucking shirt, so he's out.",89,___,True
