Submission id,Participant id,Status,Started at,Completed at,Reviewed at,Archived at,Time taken,Completion code,Total approvals,Nationality (uk),Fluent languages,Primary language,Age,Sex,Ethnicity simplified,Country of birth,Country of residence,Nationality,Language,Student status,Employment status
64d363297e3c048bea9cde69,5cbf6908d074ee00016accb2,APPROVED,2023-08-09T09:58:06.232000Z,2023-08-09T10:13:30.334000Z,2023-08-09T13:55:55.170000,2023-08-09T10:13:30.792856Z,925,91442ADD,307,England,English,English,38,Female,White,United Kingdom,United Kingdom,United Kingdom,English,No,Full-Time
64d3632e222c417ef1e0b97d,63d7b7e1dc8c7557238590dc,APPROVED,2023-08-09T09:58:09.447000Z,2023-08-09T10:15:10.806000Z,2023-08-09T13:55:57.054000,2023-08-09T10:15:11.493104Z,1022,91442ADD,192,England,English,English,38,Female,White,United Kingdom,United Kingdom,United Kingdom,English,No,Full-Time
64d36421389a7252b39cde61,60ad47245d61f9a76954184c,APPROVED,2023-08-09T10:02:19.404000Z,2023-08-09T10:14:28.329000Z,2023-08-09T13:56:08.499000,2023-08-09T10:14:28.890556Z,729,91442ADD,577,Northern Ireland,English,English,44,Male,White,United Kingdom,United Kingdom,United Kingdom,English,Yes,Full-Time
64d3642ac8c2ed5fa13b9440,6161c5b876b7ca4193163149,APPROVED,2023-08-09T10:02:22.609000Z,2023-08-09T10:14:42.352000Z,2023-08-09T13:55:59.532000,2023-08-09T10:14:42.825200Z,740,91442ADD,185,England,English,English,25,Female,White,United Kingdom,United Kingdom,United Kingdom,English,No,Full-Time
64d36437f92f4b966ea2e2dc,6066ce6c5c3b9314853fe047,APPROVED,2023-08-09T10:02:35.913000Z,2023-08-09T10:13:45.784000Z,2023-08-09T13:56:00.753000,2023-08-09T10:13:46.335831Z,670,91442ADD,226,England,"English, French, German, Spanish","English, French, German",29,Female,White,United Kingdom,United Kingdom,United Kingdom,English,No,Full-Time
