Submission id,Participant id,Status,Started at,Completed at,Reviewed at,Archived at,Time taken,Completion code,Total approvals,Nationality (uk),Fluent languages,Primary language,Age,Sex,Ethnicity simplified,Country of birth,Country of residence,Nationality,Language,Student status,Employment status
64d38455c347fd9b966d4838,63d803cc0a95c3f6a2197aba,APPROVED,2023-08-09T12:19:38.752000Z,2023-08-09T12:27:14.927000Z,2023-08-09T14:50:51.356000,2023-08-09T12:27:15.412330Z,457,91442ADD,263,England,English,English,31,Male,White,United Kingdom,United Kingdom,United Kingdom,English,No,Full-Time
64d3846a34ebbe802a2728dd,61681e42c312caa3051e5079,APPROVED,2023-08-09T12:19:58.059000Z,2023-08-09T12:29:23.026000Z,2023-08-09T14:50:58.484000,2023-08-09T12:29:23.563692Z,565,91442ADD,184,England,English,English,32,Female,White,United Kingdom,United Kingdom,United Kingdom,English,No,Full-Time
64d38485fbd8887b5455516c,62029b31ef1cb18a1337c7be,APPROVED,2023-08-09T12:20:26.281000Z,2023-08-09T12:30:30.720000Z,2023-08-09T14:51:00.608000,2023-08-09T12:30:32.075504Z,605,91442ADD,557,England,English,English,49,Female,White,United Kingdom,United Kingdom,United Kingdom,English,No,"Not in paid work (e.g. homemaker', 'retired or disabled)"
64d384d96fa60fff8a0ef579,5c5c202f96dff4000135e9a7,APPROVED,2023-08-09T12:21:51.383000Z,2023-08-09T12:31:48.710000Z,2023-08-09T14:50:53.424000,2023-08-09T12:31:50.204819Z,598,91442ADD,418,England,English,English,35,Female,White,United Kingdom,United Kingdom,United Kingdom,English,No,"Not in paid work (e.g. homemaker', 'retired or disabled)"
64d3866d07d0ee8593645b80,5cff9bfa99284f00194f1990,APPROVED,2023-08-09T12:29:27.760000Z,2023-08-09T12:47:56.273000Z,2023-08-09T14:50:55.651000,2023-08-09T12:47:57.345924Z,1109,91442ADD,659,England,English,English,42,Male,White,United Kingdom,United Kingdom,United Kingdom,English,No,"Not in paid work (e.g. homemaker', 'retired or disabled)"
