Submission id,Participant id,Status,Started at,Completed at,Reviewed at,Archived at,Time taken,Completion code,Total approvals,Nationality (uk),Fluent languages,Primary language,Age,Sex,Ethnicity simplified,Country of birth,Country of residence,Nationality,Language,Student status,Employment status
64d3629be7b90649451cc29a,615cadfd28f979972b163c65,REJECTED,2023-08-09T09:55:43.472000Z,2023-08-09T10:02:43.209000Z,2023-08-09T13:48:53.583000Z,2023-08-09T10:02:43.823000Z,420,91442ADD,68,CONSENT_REVOKED,CONSENT_REVOKED,CONSENT_REVOKED,CONSENT_REVOKED,CONSENT_REVOKED,CONSENT_REVOKED,CONSENT_REVOKED,CONSENT_REVOKED,CONSENT_REVOKED,CONSENT_REVOKED,CONSENT_REVOKED,CONSENT_REVOKED
64d36346ec7bcd8518f53e07,5cae5f9c48514600183d8fac,APPROVED,2023-08-09T09:58:40.449000Z,2023-08-09T10:06:32.620000Z,2023-08-09T14:18:57.818000,2023-08-09T10:06:33.117522Z,473,91442ADD,721,England,English,English,41,Male,Black,United Kingdom,United Kingdom,United Kingdom,English,No,DATA_EXPIRED
64d363475413d9374011e87b,5f8f0340bc748a0e5d416f2b,REJECTED,2023-08-09T09:58:34.401000Z,2023-08-09T10:05:03.934000Z,2023-08-09T14:07:37.076000Z,2023-08-09T10:05:05.127000Z,390,91442ADD,629,CONSENT_REVOKED,CONSENT_REVOKED,CONSENT_REVOKED,CONSENT_REVOKED,CONSENT_REVOKED,CONSENT_REVOKED,CONSENT_REVOKED,CONSENT_REVOKED,CONSENT_REVOKED,CONSENT_REVOKED,CONSENT_REVOKED,CONSENT_REVOKED
64d363585413d9374011e87c,5ff85cb8d2ca6f03514e637a,APPROVED,2023-08-09T09:58:52.244000Z,2023-08-09T10:21:27.550000Z,2023-08-09T13:48:41.296000,2023-08-09T10:21:28.961765Z,1356,91442ADD,652,England,English,English,44,Female,White,United Kingdom,United Kingdom,United Kingdom,English,No,"Not in paid work (e.g. homemaker', 'retired or disabled)"
64d363759ca25aee8746a257,63b0446fb36462cc35c213be,APPROVED,2023-08-09T09:59:17.181000Z,2023-08-09T10:10:12.680000Z,2023-08-09T13:48:45.349000,2023-08-09T10:10:17.853597Z,656,91442ADD,308,England,English,English,50,Female,White,United Kingdom,United Kingdom,United Kingdom,English,DATA_EXPIRED,DATA_EXPIRED
64d399f7bc32bf16dcba8411,60fd439d2024f55d946966ab,APPROVED,2023-08-09T13:51:56.001000Z,2023-08-09T14:00:20.271000Z,2023-08-09T14:18:59.330000,2023-08-09T14:00:20.965222Z,505,91442ADD,541,England,English,English,26,Female,White,United Kingdom,United Kingdom,United Kingdom,English,DATA_EXPIRED,DATA_EXPIRED
64d39e14da7e30a99aff651f,5999aa3805a0e30001f1ffa6,APPROVED,2023-08-09T14:09:28.150000Z,2023-08-09T14:15:43.983000Z,2023-08-09T14:19:00.793000,2023-08-09T14:15:44.633015Z,376,91442ADD,374,England,English,English,34,Female,White,United Kingdom,United Kingdom,United Kingdom,English,No,Full-Time
