Submission id,Participant id,Status,Started at,Completed at,Reviewed at,Archived at,Time taken,Completion code,Total approvals,Nationality (uk),Fluent languages,Primary language,Age,Sex,Ethnicity simplified,Country of birth,Country of residence,Nationality,Language,Student status,Employment status
64d39644ea083ab77b4aa46f,611c30ef4dc9cb3af0e42186,APPROVED,2023-08-09T13:36:08.247000Z,2023-08-09T13:49:36.062000Z,2023-08-10T09:07:51.336000,2023-08-09T13:49:36.557158Z,808,91442ADD,172,England,English,English,42,Female,White,United Kingdom,United Kingdom,United Kingdom,English,DATA_EXPIRED,DATA_EXPIRED
64d3965f1f15a752c6bb058c,5f16ccc87d339d0008e08016,APPROVED,2023-08-09T13:36:53.356000Z,2023-08-09T13:49:54.361000Z,2023-08-10T09:07:46.554000,2023-08-09T13:49:55.103530Z,782,91442ADD,719,England,English,English,35,Female,White,United Kingdom,United Kingdom,United Kingdom,English,No,"Not in paid work (e.g. homemaker', 'retired or disabled)"
64d396e5bfbd1e945a349e81,5e6e6df77fa76d000ba0f155,APPROVED,2023-08-09T13:38:55.589000Z,2023-08-09T13:44:12.404000Z,2023-08-10T09:07:47.250000,2023-08-09T13:44:14.267423Z,317,91442ADD,1364,Scotland,English,English,37,Female,White,United Kingdom,United Kingdom,United Kingdom,English,DATA_EXPIRED,Other
64d396f9adaaccffdfcf54dc,5c168ae5c241170001c463a6,APPROVED,2023-08-09T13:39:08.844000Z,2023-08-09T13:47:40.406000Z,2023-08-10T09:07:48.070000,2023-08-09T13:47:41.312980Z,512,91442ADD,417,Scotland,"English, French",English,30,Female,White,United Kingdom,United Kingdom,United Kingdom,English,No,Due to start a new job within the next month
64d39700bac4fa017844e275,5ed4de8880b2eb000ab28a70,APPROVED,2023-08-09T13:39:15.849000Z,2023-08-09T13:48:25.056000Z,2023-08-10T09:07:48.747000,2023-08-09T13:48:25.586901Z,550,91442ADD,412,England,English,English,42,Female,White,United Kingdom,United Kingdom,United Kingdom,English,No,Full-Time
