Submission id,Participant id,Status,Started at,Completed at,Reviewed at,Archived at,Time taken,Completion code,Total approvals,Nationality (uk),Fluent languages,Primary language,Age,Sex,Ethnicity simplified,Country of birth,Country of residence,Nationality,Language,Student status,Employment status
64d380e8ffb23dffcb2efaf2,5ca0b040a8b73d00010a27db,APPROVED,2023-08-09T12:04:56.464000Z,2023-08-09T12:22:31.301000Z,2023-08-09T14:45:17.064000,2023-08-09T12:22:32.050400Z,1055,91442ADD,1299,England,English,English,65,Female,White,United Kingdom,United Kingdom,United Kingdom,English,No,Part-Time
64d38193c6568e9088f523a5,610844ff4722acde3d26be7b,APPROVED,2023-08-09T12:07:53.103000Z,2023-08-09T12:22:22.933000Z,2023-08-09T14:45:19.835000,2023-08-09T12:22:24.960077Z,870,91442ADD,577,England,English,English,25,Female,Black,United Kingdom,United Kingdom,United Kingdom,English,DATA_EXPIRED,Due to start a new job within the next month
64d381ddf1e99b22dc739816,5c8cf105dfa22f00129081a0,APPROVED,2023-08-09T12:09:05.719000Z,2023-08-09T12:18:27.670000Z,2023-08-09T14:45:29.715000,2023-08-09T12:18:28.143947Z,562,91442ADD,191,England,English,English,57,Male,White,United Kingdom,United Kingdom,United Kingdom,English,No,Full-Time
64d382924df6e70b0e1e108f,5d261eaf9ade730019b9c25c,APPROVED,2023-08-09T12:12:06.900000Z,2023-08-09T12:22:43.669000Z,2023-08-09T14:45:21.020000,2023-08-09T12:22:44.294870Z,637,91442ADD,1007,England,English,English,63,Female,White,United Kingdom,United Kingdom,United Kingdom,English,No,Part-Time
64d394e7768de0c0c529955c,62f3b543dce069211e8e982c,APPROVED,2023-08-09T13:30:15.721000Z,2023-08-09T13:40:01.535000Z,2023-08-09T14:45:21.897000,2023-08-09T13:40:02.831556Z,586,91442ADD,735,England,English,English,63,Male,White,United Kingdom,United Kingdom,United Kingdom,English,No,"Not in paid work (e.g. homemaker', 'retired or disabled)"
