Submission id,Participant id,Status,Started at,Completed at,Reviewed at,Archived at,Time taken,Completion code,Total approvals,Nationality (uk),Fluent languages,Primary language,Age,Sex,Ethnicity simplified,Country of birth,Country of residence,Nationality,Language,Student status,Employment status
64d393e4020a7d8ee57c2171,5d092c1f7dad2200193be669,APPROVED,2023-08-09T13:26:02.759000Z,2023-08-09T13:34:07.059000Z,2023-08-10T08:59:24.208000,2023-08-09T13:34:07.710918Z,485,91442ADD,247,England,English,English,35,Female,White,United Kingdom,United Kingdom,United Kingdom,English,No,Full-Time
64d39494e4eed4ce3dadb1b6,5da8a58d9e1fb40013d40583,APPROVED,2023-08-09T13:31:28.294000Z,2023-08-09T13:47:28.911000Z,2023-08-10T08:59:27.274000,2023-08-09T13:47:30.345670Z,961,91442ADD,955,England,English,English,39,Male,White,United Kingdom,United Kingdom,United Kingdom,English,No,Part-Time
64d394b8dc918deebdd16f7f,629f9d0e292a1846040223b7,APPROVED,2023-08-09T13:29:32.037000Z,2023-08-09T13:45:46.999000Z,2023-08-10T08:59:28.927000,2023-08-09T13:45:49.395493Z,975,91442ADD,484,England,"English, French, Spanish",English,34,Female,White,United Kingdom,United Kingdom,United Kingdom,English,No,Full-Time
64d394d722823b9dbbca3b5a,5dff767f69a117bc2fbd4be8,APPROVED,2023-08-09T13:30:03.520000Z,2023-08-09T13:36:45.444000Z,2023-08-10T08:59:25.977000,2023-08-09T13:36:46.498154Z,402,91442ADD,770,England,English,English,42,Male,White,United Kingdom,United Kingdom,United Kingdom,English,No,Unemployed (and job seeking)
64d394ef1ae4d2a0045a8ae5,599600af7c41bc00012e5eb4,APPROVED,2023-08-09T13:30:26.765000Z,2023-08-09T13:44:54.426000Z,2023-08-10T08:59:26.766000,2023-08-09T13:44:55.292102Z,868,91442ADD,1001,Scotland,English,English,64,Female,White,United Kingdom,United Kingdom,United Kingdom,English,No,"Not in paid work (e.g. homemaker', 'retired or disabled)"
