Submission id,Participant id,Status,Started at,Completed at,Reviewed at,Archived at,Time taken,Completion code,Total approvals,Nationality (uk),Fluent languages,Primary language,Age,Sex,Ethnicity simplified,Country of birth,Country of residence,Nationality,Language,Student status,Employment status
64d387ac6030cf346902b5ee,59987d310ed7ae0001991afa,APPROVED,2023-08-09T12:33:57.204000Z,2023-08-09T13:37:11.189000Z,2023-08-09T17:20:54.130000,2023-08-09T13:37:12.194253Z,3794,91442ADD,350,England,English,English,49,Female,White,United Kingdom,United Kingdom,United Kingdom,English,DATA_EXPIRED,DATA_EXPIRED
64d3880406b0ca8ae1677cf4,60cb0ce6c8de266cd160b31f,REJECTED,2023-08-09T12:35:20.520000Z,2023-08-09T12:43:50.195000Z,2023-08-09T18:00:42.884000Z,2023-08-09T12:43:51.292000Z,510,91442ADD,976,CONSENT_REVOKED,CONSENT_REVOKED,CONSENT_REVOKED,CONSENT_REVOKED,CONSENT_REVOKED,CONSENT_REVOKED,CONSENT_REVOKED,CONSENT_REVOKED,CONSENT_REVOKED,CONSENT_REVOKED,CONSENT_REVOKED,CONSENT_REVOKED
64d38839a61e43c4cff922a2,60e4a8d8c309ce8e870da3e2,APPROVED,2023-08-09T12:36:15.545000Z,2023-08-09T12:50:06.777000Z,2023-08-10T08:34:17.630000,2023-08-09T12:50:09.639316Z,832,91442ADD,205,Wales,English,English,64,Male,White,United Kingdom,United Kingdom,United Kingdom,English,DATA_EXPIRED,Full-Time
64d388483f24456951edbd07,60141b6091c56f38e4dd85e0,RETURNED,2023-08-09T12:36:27.053000Z,2023-08-09T12:44:38.893000Z,2023-08-09T17:20:43.496000Z,2023-08-09T12:44:39.666000Z,,91442ADD,1046,CONSENT_REVOKED,CONSENT_REVOKED,CONSENT_REVOKED,CONSENT_REVOKED,CONSENT_REVOKED,CONSENT_REVOKED,CONSENT_REVOKED,CONSENT_REVOKED,CONSENT_REVOKED,CONSENT_REVOKED,CONSENT_REVOKED,CONSENT_REVOKED
64d388600f8c9e9e90f65563,62fe6aa8f383436a4b5bb25d,REJECTED,2023-08-09T12:37:01.525000Z,2023-08-09T12:46:40.027000Z,2023-08-09T18:15:38.032000Z,2023-08-09T12:46:41.023000Z,579,91442ADD,16,CONSENT_REVOKED,CONSENT_REVOKED,CONSENT_REVOKED,CONSENT_REVOKED,CONSENT_REVOKED,CONSENT_REVOKED,CONSENT_REVOKED,CONSENT_REVOKED,CONSENT_REVOKED,CONSENT_REVOKED,CONSENT_REVOKED,CONSENT_REVOKED
64d3cbe61adb7cafb2482c85,5cab2a9a7cad090013633130,APPROVED,2023-08-09T17:24:57.583000Z,2023-08-09T17:42:23.484000Z,2023-08-10T08:34:21.163000,2023-08-09T17:42:25.020191Z,1046,91442ADD,526,England,English,English,33,Female,White,United Kingdom,United Kingdom,United Kingdom,English,No,"Not in paid work (e.g. homemaker', 'retired or disabled)"
64d3d4c0b830ec22cd4aa484,5979e223a0b66b0001ea6ebf,APPROVED,2023-08-09T18:02:46.284000Z,2023-08-09T18:12:49.047000Z,2023-08-10T08:34:19.936000,2023-08-09T18:12:49.861885Z,603,91442ADD,578,Scotland,English,English,42,Female,White,United Kingdom,United Kingdom,United Kingdom,English,No,"Not in paid work (e.g. homemaker', 'retired or disabled)"
64d3d7eebb63ca2628a77bdd,57bc60fd79c5a70001eb9b02,APPROVED,2023-08-09T18:16:18.146000Z,2023-08-09T18:28:15.466000Z,2023-08-10T08:34:22.304000,2023-08-09T18:28:16.148264Z,718,91442ADD,488,England,English,English,43,Female,White,United Kingdom,United Kingdom,United Kingdom,English,No,Full-Time
