filename,comment_id,comment_id.1,title_id,community_id,title_text,context,comment,subthread_id,post_text,comment_label
gold subthreads (1).csv,30460146982,30460146982,522235385,CringeAnarchy,Butthurt femnazis,[ReasonableGlass]: Post the picture of Donald Jr with his kids. Jesus christ hes an ugly son of a bitch - that's the cringe <br> [IslamicStatePatriot]: go back to your fucking estro weed subs my dude. your rotten brain and shit comments belong with the other addicts,Lol freedom fighter. You're a redneck faggot bro foh,5,___,True
gold subthreads (1).csv,30478419344,30478419344,524431921,The_Donald,That's my President!,[Forgototherpassword]: LOL remeber how triggered they were when he got the nomination?   [LINK] <br> [SleepyIvy3311]: Dude they are so triggered every day it's glorious....winning!!!! <br> [Forgototherpassword]: [LINK],Lol. So funny cause it's true. Especially on Reddit.....üòÇüòÇüòÇ,5,___,False
gold subthreads (1).csv,30460919040,30460919040,522235385,CringeAnarchy,Butthurt femnazis,"[ReasonableGlass]: Post the picture of Donald Jr with his kids. Jesus christ hes an ugly son of a bitch - that's the cringe <br> [IslamicStatePatriot]: go back to your fucking estro weed subs my dude. your rotten brain and shit comments belong with the other addicts <br> [ReasonableGlass]: Lol freedom fighter. You're a redneck faggot bro foh <br> [CrashedonMars]: I mean the individual words appear to be English, most of them anyway, but I can't make out what this ghetto speak trash is even attempting to say.. <br> [ReasonableGlass]: Then learn to read asshole <br> [CrashedonMars]: Why the fuck would I need to know ebonics? <br> [Marmiteisgood]: How else you gonna know what these retards are saying?",I don't want to know. It's usually dribble. I'll stick with more conservative black people who value their education.,5,___,False
gold subthreads (1).csv,30482826758,30482826758,525092060,The_Donald,President Donald J. Trump Proclaims June 2018 as African-American Music Appreciation Month,"[dmm_auth_176433]: They were bitching the other day that he didn't acknowledge gay month  <br> [secaedelcielo]: ""they"" lmao.  I'm gay and I'm not bitching about it. <br> [dmm_auth_480616]: /r/politics ","Yo, this has got to go. ",160,___,False
gold subthreads (1).csv,30482606767,30482606767,525092060,The_Donald,President Donald J. Trump Proclaims June 2018 as African-American Music Appreciation Month,-,They were bitching the other day that he didn't acknowledge gay month ,160,___,True
gold subthreads (1).csv,30499721533,30499721533,526827055,CringeAnarchy,Literally the EU.,"[Chipdogs]: This is obvious Russian propaganda  <br> [cubev10]: >""EVERYTHING I DON'T LIKE IS RUSSIAN PROPAGANDA""  Go back to /r/politics <br> [GuyFromGujarat]: hey suck my dick you fucking queer <br> [cubev10]: Fuck off faggot <br> [Ladenverzippelnogip]: Please never change <br> [cubev10]: >being this much of a retard  Imagine actually believing everything that is anti-EU is Russian propaganda. Please never change being a retard. <br> [GuyFromGujarat]: shut up bitch <br> [cubev10]: Edgy",Youre an mde fan so i thought you would appreciate it,13,___,False
gold subthreads (1).csv,30460923124,30460923124,522235385,CringeAnarchy,Butthurt femnazis,"[ReasonableGlass]: Post the picture of Donald Jr with his kids. Jesus christ hes an ugly son of a bitch - that's the cringe <br> [IslamicStatePatriot]: go back to your fucking estro weed subs my dude. your rotten brain and shit comments belong with the other addicts <br> [ReasonableGlass]: Lol freedom fighter. You're a redneck faggot bro foh <br> [CrashedonMars]: I mean the individual words appear to be English, most of them anyway, but I can't make out what this ghetto speak trash is even attempting to say.. <br> [ReasonableGlass]: Then learn to read asshole <br> [CrashedonMars]: Why the fuck would I need to know ebonics? <br> [Marmiteisgood]: How else you gonna know what these retards are saying? <br> [CrashedonMars]: I don't want to know. It's usually dribble. I'll stick with more conservative black people who value their education.","Truth be told, I'd rather stay away from them too. You'll probably end up needing to know it if a thug mugs you though.",5,___,True
gold subthreads (1).csv,30478155081,30478155081,524533387,The_Donald,Sunday Gunday: Self-Defense,-, The Mystery Of Stopping Power,5,___,False
gold subthreads (1).csv,30483016965,30483016965,525092060,The_Donald,President Donald J. Trump Proclaims June 2018 as African-American Music Appreciation Month,"[dmm_auth_176433]: They were bitching the other day that he didn't acknowledge gay month  <br> [secaedelcielo]: ""they"" lmao.  I'm gay and I'm not bitching about it. <br> [dmm_auth_480616]: /r/politics  <br> [LeviathanAurora]: Yo, this has got to go. ",Why did you report me?,160,___,False
gold subthreads (1).csv,30478193967,30478193967,524533387,The_Donald,Sunday Gunday: Self-Defense,[HILLARYPROLAPSEDANUS]:  The Mystery Of Stopping Power, The Mystery Of Stopping Power,5,___,False
gold subthreads (1).csv,30498210178,30498210178,527039815,CringeAnarchy,Me during fag pride month,"[johnjohn120]: Why the hell do You Care if guys like dick instead of pussy. Relax dude <br> [Generic_Comrade]: They're degenerate fucks. <br> [TheEgabIsStranded]: Dann, how long it take you to write that thesis?",you don't need a thesis to see something so simple,13,___,False
gold subthreads (1).csv,30459759124,30459759124,522120736,CringeAnarchy,followed by david duke....ü§îü§î,[Slide-job-down-low]: Furries should be in the same mental institutions as trannies. What in the fuck happened to this country.,You do realize most furries aren't this insane right?,7,___,False
gold subthreads (1).csv,30460101117,30460101117,522235385,CringeAnarchy,Butthurt femnazis,[ReasonableGlass]: Post the picture of Donald Jr with his kids. Jesus christ hes an ugly son of a bitch - that's the cringe,go back to your fucking estro weed subs my dude. your rotten brain and shit comments belong with the other addicts,5,___,True
gold subthreads (1).csv,30484359600,30484359600,525219028,The_Donald,"The Air Force cancels its $24 million contract for 2 new Air Force One refrigerators. ""Even with the understanding that the Air Force One mission brings with it unique requirements and challenges, a $24 million sole-source contract just didn't pass the smell test.""",-,747-8 is the newest generation. The current AF1s are 747-200s.,31,___,False
gold subthreads (1).csv,30497469962,30497469962,526814882,CringeAnarchy,SO TRUE!!,-,you're a cunt,52,___,True
gold subthreads (1).csv,30460691269,30460691269,522235385,CringeAnarchy,Butthurt femnazis,"[ReasonableGlass]: Post the picture of Donald Jr with his kids. Jesus christ hes an ugly son of a bitch - that's the cringe <br> [IslamicStatePatriot]: go back to your fucking estro weed subs my dude. your rotten brain and shit comments belong with the other addicts <br> [ReasonableGlass]: Lol freedom fighter. You're a redneck faggot bro foh <br> [CrashedonMars]: I mean the individual words appear to be English, most of them anyway, but I can't make out what this ghetto speak trash is even attempting to say..",Then learn to read asshole,5,___,True
gold subthreads (1).csv,30460903074,30460903074,522235385,CringeAnarchy,Butthurt femnazis,"[ReasonableGlass]: Post the picture of Donald Jr with his kids. Jesus christ hes an ugly son of a bitch - that's the cringe <br> [IslamicStatePatriot]: go back to your fucking estro weed subs my dude. your rotten brain and shit comments belong with the other addicts <br> [ReasonableGlass]: Lol freedom fighter. You're a redneck faggot bro foh <br> [CrashedonMars]: I mean the individual words appear to be English, most of them anyway, but I can't make out what this ghetto speak trash is even attempting to say.. <br> [ReasonableGlass]: Then learn to read asshole <br> [CrashedonMars]: Why the fuck would I need to know ebonics?",How else you gonna know what these retards are saying?,5,___,True
gold subthreads (1).csv,30498126319,30498126319,527019746,CringeAnarchy,"""Trans"" black athlete breaks two female state records.",-,"I got banned from r/mildlyinfuriating for posting about this.  Apparently I was ""being a bigot.""",1010,___,False
gold subthreads (1).csv,30498252328,30498252328,527039815,CringeAnarchy,Me during fag pride month,"[johnjohn120]: Why the hell do You Care if guys like dick instead of pussy. Relax dude <br> [Generic_Comrade]: They're degenerate fucks. <br> [TheEgabIsStranded]: Dann, how long it take you to write that thesis? <br> [JustDont_TruDont]: you don't need a thesis to see something so simple",Then you should be able to explain easily: Why does it matter if a guy likes dick instead of pussy?,13,___,True
gold subthreads (1).csv,30497904186,30497904186,527039815,CringeAnarchy,Me during fag pride month,-,Why the hell do You Care if guys like dick instead of pussy. Relax dude,13,___,True
gold subthreads (1).csv,30497481268,30497481268,526814882,CringeAnarchy,SO TRUE!!,[dmm_auth_129096]: you're a cunt,You're 14,52,___,False
gold subthreads (1).csv,30478681415,30478681415,524533387,The_Donald,Sunday Gunday: Self-Defense,[HILLARYPROLAPSEDANUS]:  The Mystery Of Stopping Power <br> [ENVYNITAZ]:  The Mystery Of Stopping Power <br> [anikom15]:  The Mystery Of Stopping Power, The Mystery Of Stopping Power,5,___,False
gold subthreads (1).csv,30478402296,30478402296,524533387,The_Donald,Sunday Gunday: Self-Defense,[HILLARYPROLAPSEDANUS]:  The Mystery Of Stopping Power <br> [ENVYNITAZ]:  The Mystery Of Stopping Power, The Mystery Of Stopping Power,5,___,False
gold subthreads (1).csv,30480990835,30480990835,524908878,The_Donald,"Shocking: ""Democrat on Facebook report: 'Sure looks like Zuckerberg lied to Congress'"" (And on Politico no less ) (Archived Link)",-,"Let me give you all a hint. Hillary's statement the other day was not a spontaneous, meaningless slip up ",7,___,False
gold subthreads (1).csv,30461498454,30461498454,522256565,The_Donald,Gamergate kids are great and this Vice propagandist sucks.,[richmomz]: They awoke the sleeping neck-bearded giant by trying to fuck with his video games.  Now the angry neck-beard giant has found a new game - fucking up the SJW/Marxist/Globalist establishment.  <br> [HumanSomewhere]: trying to do a 100% run with all achievements,Can't wait for the NG+ run in 2020!,131,___,False
gold subthreads (1).csv,30460694692,30460694692,522235385,CringeAnarchy,Butthurt femnazis,"[ReasonableGlass]: Post the picture of Donald Jr with his kids. Jesus christ hes an ugly son of a bitch - that's the cringe <br> [IslamicStatePatriot]: go back to your fucking estro weed subs my dude. your rotten brain and shit comments belong with the other addicts <br> [ReasonableGlass]: Lol freedom fighter. You're a redneck faggot bro foh <br> [CrashedonMars]: I mean the individual words appear to be English, most of them anyway, but I can't make out what this ghetto speak trash is even attempting to say.. <br> [ReasonableGlass]: Then learn to read asshole",Why the fuck would I need to know ebonics?,5,___,True
gold subthreads (1).csv,30461355996,30461355996,522256565,The_Donald,Gamergate kids are great and this Vice propagandist sucks.,-,They awoke the sleeping neck-bearded giant by trying to fuck with his video games.  Now the angry neck-beard giant has found a new game - fucking up the SJW/Marxist/Globalist establishment. ,131,___,True
gold subthreads (1).csv,30498473959,30498473959,527039815,CringeAnarchy,Me during fag pride month,"[johnjohn120]: Why the hell do You Care if guys like dick instead of pussy. Relax dude <br> [Generic_Comrade]: They're degenerate fucks. <br> [TheEgabIsStranded]: Dann, how long it take you to write that thesis? <br> [JustDont_TruDont]: you don't need a thesis to see something so simple <br> [TheEgabIsStranded]: Then you should be able to explain easily: Why does it matter if a guy likes dick instead of pussy?",How is it an accomplishment?,13,___,False
gold subthreads (1).csv,30478413127,30478413127,524431921,The_Donald,That's my President!,[Forgototherpassword]: LOL remeber how triggered they were when he got the nomination?   [LINK] <br> [SleepyIvy3311]: Dude they are so triggered every day it's glorious....winning!!!!,[LINK],5,___,False
gold subthreads (1).csv,30481100483,30481100483,524908878,The_Donald,"Shocking: ""Democrat on Facebook report: 'Sure looks like Zuckerberg lied to Congress'"" (And on Politico no less ) (Archived Link)","[trumpessee]: Let me give you all a hint. Hillary's statement the other day was not a spontaneous, meaningless slip up  <br> [GenericInsult]: ? Eh  ? what statement?",The one when she said she wanted to be the CEO of Facebook. ,7,___,False
gold subthreads (1).csv,30497136888,30497136888,526827055,CringeAnarchy,Literally the EU.,-,This is obvious Russian propaganda ,13,___,False
gold subthreads (1).csv,30480996606,30480996606,524908878,The_Donald,"Shocking: ""Democrat on Facebook report: 'Sure looks like Zuckerberg lied to Congress'"" (And on Politico no less ) (Archived Link)","[trumpessee]: Let me give you all a hint. Hillary's statement the other day was not a spontaneous, meaningless slip up ",? Eh  ? what statement?,7,___,False
gold subthreads (1).csv,30499208909,30499208909,526827055,CringeAnarchy,Literally the EU.,"[Chipdogs]: This is obvious Russian propaganda  <br> [cubev10]: >""EVERYTHING I DON'T LIKE IS RUSSIAN PROPAGANDA""  Go back to /r/politics <br> [GuyFromGujarat]: hey suck my dick you fucking queer <br> [cubev10]: Fuck off faggot <br> [Ladenverzippelnogip]: Please never change <br> [cubev10]: >being this much of a retard  Imagine actually believing everything that is anti-EU is Russian propaganda. Please never change being a retard. <br> [GuyFromGujarat]: shut up bitch",Edgy,13,___,False
gold subthreads (1).csv,30481115061,30481115061,524908878,The_Donald,"Shocking: ""Democrat on Facebook report: 'Sure looks like Zuckerberg lied to Congress'"" (And on Politico no less ) (Archived Link)","[trumpessee]: Let me give you all a hint. Hillary's statement the other day was not a spontaneous, meaningless slip up  <br> [GenericInsult]: ? Eh  ? what statement? <br> [alexsdad87]: The one when she said she wanted to be the CEO of Facebook. ","OH lol, I totally forgot about that. Ya, you are correct!",7,___,False
gold subthreads (1).csv,30498114180,30498114180,527039815,CringeAnarchy,Me during fag pride month,[johnjohn120]: Why the hell do You Care if guys like dick instead of pussy. Relax dude <br> [Generic_Comrade]: They're degenerate fucks.,"Dann, how long it take you to write that thesis?",13,___,False
gold subthreads (1).csv,30497599254,30497599254,526814882,CringeAnarchy,SO TRUE!!,[dmm_auth_129096]: you're a cunt <br> [CrazyreverseR]: You're 14 <br> [dmm_auth_646557]: not only a cunt but a dullard too? is their no beginning to your talent?,"12, then.",52,___,False
gold subthreads (1).csv,30497483214,30497483214,526814882,CringeAnarchy,SO TRUE!!,[dmm_auth_129096]: you're a cunt <br> [CrazyreverseR]: You're 14,not only a cunt but a dullard too? is their no beginning to your talent?,52,___,True
gold subthreads (1).csv,30500186141,30500186141,527019746,CringeAnarchy,"""Trans"" black athlete breaks two female state records.","[RealSchon]: I got banned from r/mildlyinfuriating for posting about this.  Apparently I was ""being a bigot.""",Lots of tranny defenders everywhere,1010,___,True
gold subthreads (1).csv,30497478021,30497478021,526827055,CringeAnarchy,Literally the EU.,"[Chipdogs]: This is obvious Russian propaganda  <br> [cubev10]: >""EVERYTHING I DON'T LIKE IS RUSSIAN PROPAGANDA""  Go back to /r/politics <br> [GuyFromGujarat]: hey suck my dick you fucking queer <br> [cubev10]: Fuck off faggot",Please never change,13,___,False
gold subthreads (1).csv,30497481432,30497481432,526827055,CringeAnarchy,Literally the EU.,"[Chipdogs]: This is obvious Russian propaganda  <br> [cubev10]: >""EVERYTHING I DON'T LIKE IS RUSSIAN PROPAGANDA""  Go back to /r/politics <br> [GuyFromGujarat]: hey suck my dick you fucking queer <br> [cubev10]: Fuck off faggot <br> [Ladenverzippelnogip]: Please never change",>being this much of a retard  Imagine actually believing everything that is anti-EU is Russian propaganda. Please never change being a retard.,13,___,True
gold subthreads (1).csv,30500290878,30500290878,527019746,CringeAnarchy,"""Trans"" black athlete breaks two female state records.","[RealSchon]: I got banned from r/mildlyinfuriating for posting about this.  Apparently I was ""being a bigot."" <br> [FanEu7]: Lots of tranny defenders everywhere"," I have no problem with Trans people but when a dude with a dick is racing other dudes without dicks, it's not really fair.",1010,___,True
gold subthreads (1).csv,30497613357,30497613357,526814882,CringeAnarchy,SO TRUE!!,"[dmm_auth_129096]: you're a cunt <br> [CrazyreverseR]: You're 14 <br> [dmm_auth_646557]: not only a cunt but a dullard too? is their no beginning to your talent? <br> [charisma6]: 12, then. <br> [dmm_auth_712485]: you weirdo liberal folks sure have an unhealthy interest in talking with young people, are you trying to groom me?","Well, you tried.",52,___,False
gold subthreads (1).csv,30482700530,30482700530,525092060,The_Donald,President Donald J. Trump Proclaims June 2018 as African-American Music Appreciation Month,"[dmm_auth_176433]: They were bitching the other day that he didn't acknowledge gay month  <br> [secaedelcielo]: ""they"" lmao.  I'm gay and I'm not bitching about it.",/r/politics ,160,___,False
gold subthreads (1).csv,30459601890,30459601890,522120736,CringeAnarchy,followed by david duke....ü§îü§î,-,Furries should be in the same mental institutions as trannies. What in the fuck happened to this country.,7,___,True
gold subthreads (1).csv,30497601470,30497601470,526814882,CringeAnarchy,SO TRUE!!,"[dmm_auth_129096]: you're a cunt <br> [CrazyreverseR]: You're 14 <br> [dmm_auth_646557]: not only a cunt but a dullard too? is their no beginning to your talent? <br> [charisma6]: 12, then.","you weirdo liberal folks sure have an unhealthy interest in talking with young people, are you trying to groom me?",52,___,True
gold subthreads (1).csv,30497356837,30497356837,526827055,CringeAnarchy,Literally the EU.,"[Chipdogs]: This is obvious Russian propaganda  <br> [cubev10]: >""EVERYTHING I DON'T LIKE IS RUSSIAN PROPAGANDA""  Go back to /r/politics <br> [GuyFromGujarat]: hey suck my dick you fucking queer",Fuck off faggot,13,___,True
gold subthreads (1).csv,30499724159,30499724159,526827055,CringeAnarchy,Literally the EU.,"[Chipdogs]: This is obvious Russian propaganda  <br> [cubev10]: >""EVERYTHING I DON'T LIKE IS RUSSIAN PROPAGANDA""  Go back to /r/politics <br> [GuyFromGujarat]: hey suck my dick you fucking queer <br> [cubev10]: Fuck off faggot <br> [Ladenverzippelnogip]: Please never change <br> [cubev10]: >being this much of a retard  Imagine actually believing everything that is anti-EU is Russian propaganda. Please never change being a retard. <br> [GuyFromGujarat]: shut up bitch <br> [cubev10]: Edgy <br> [GuyFromGujarat]: Youre an mde fan so i thought you would appreciate it",>actually looking through someone's account,13,___,False
gold subthreads (1).csv,30460094396,30460094396,522235385,CringeAnarchy,Butthurt femnazis,-,Post the picture of Donald Jr with his kids. Jesus christ hes an ugly son of a bitch - that's the cringe,5,___,True
gold subthreads (1).csv,30479807890,30479807890,524533387,The_Donald,Sunday Gunday: Self-Defense,[HILLARYPROLAPSEDANUS]:  The Mystery Of Stopping Power <br> [ENVYNITAZ]:  The Mystery Of Stopping Power <br> [anikom15]:  The Mystery Of Stopping Power <br> [RiverRunnerVDB]:  The Mystery Of Stopping Power, The Mystery Of Stopping Power,5,___,False
gold subthreads (1).csv,30460679126,30460679126,522235385,CringeAnarchy,Butthurt femnazis,[ReasonableGlass]: Post the picture of Donald Jr with his kids. Jesus christ hes an ugly son of a bitch - that's the cringe <br> [IslamicStatePatriot]: go back to your fucking estro weed subs my dude. your rotten brain and shit comments belong with the other addicts <br> [ReasonableGlass]: Lol freedom fighter. You're a redneck faggot bro foh,"I mean the individual words appear to be English, most of them anyway, but I can't make out what this ghetto speak trash is even attempting to say..",5,___,True
gold subthreads (1).csv,30484643314,30484643314,525219028,The_Donald,"The Air Force cancels its $24 million contract for 2 new Air Force One refrigerators. ""Even with the understanding that the Air Force One mission brings with it unique requirements and challenges, a $24 million sole-source contract just didn't pass the smell test.""",[wewd]: 747-8 is the newest generation. The current AF1s are 747-200s.,Ah. So that will be done soon. That 200 has some cool [features]([LINK],31,___,False
gold subthreads (1).csv,30498034345,30498034345,527039815,CringeAnarchy,Me during fag pride month,[johnjohn120]: Why the hell do You Care if guys like dick instead of pussy. Relax dude,They're degenerate fucks.,13,___,True
gold subthreads (1).csv,30485033539,30485033539,525219028,The_Donald,"The Air Force cancels its $24 million contract for 2 new Air Force One refrigerators. ""Even with the understanding that the Air Force One mission brings with it unique requirements and challenges, a $24 million sole-source contract just didn't pass the smell test.""",[wewd]: 747-8 is the newest generation. The current AF1s are 747-200s. <br> [bax101]: Ah. So that will be done soon. That 200 has some cool [features]([LINK],"The President having one of them clippers would be sweet.   However, I think Trump deserves no less than a B-52.",31,___,False
gold subthreads (1).csv,30483121371,30483121371,525092060,The_Donald,President Donald J. Trump Proclaims June 2018 as African-American Music Appreciation Month,"[dmm_auth_176433]: They were bitching the other day that he didn't acknowledge gay month  <br> [secaedelcielo]: ""they"" lmao.  I'm gay and I'm not bitching about it. <br> [dmm_auth_480616]: /r/politics  <br> [LeviathanAurora]: Yo, this has got to go.  <br> [dmm_auth_223278]: Why did you report me?",Because rule 7 was broken and we get enough shit as it. Which I reported before the edit. ,160,___,True
gold subthreads (1).csv,30482611546,30482611546,525092060,The_Donald,President Donald J. Trump Proclaims June 2018 as African-American Music Appreciation Month,[dmm_auth_176433]: They were bitching the other day that he didn't acknowledge gay month ,"""they"" lmao.  I'm gay and I'm not bitching about it.",160,___,True
gold subthreads (1).csv,30499200621,30499200621,526827055,CringeAnarchy,Literally the EU.,"[Chipdogs]: This is obvious Russian propaganda  <br> [cubev10]: >""EVERYTHING I DON'T LIKE IS RUSSIAN PROPAGANDA""  Go back to /r/politics <br> [GuyFromGujarat]: hey suck my dick you fucking queer <br> [cubev10]: Fuck off faggot <br> [Ladenverzippelnogip]: Please never change <br> [cubev10]: >being this much of a retard  Imagine actually believing everything that is anti-EU is Russian propaganda. Please never change being a retard.",shut up bitch,13,___,True
gold subthreads (1).csv,30498494686,30498494686,527039815,CringeAnarchy,Me during fag pride month,"[johnjohn120]: Why the hell do You Care if guys like dick instead of pussy. Relax dude <br> [Generic_Comrade]: They're degenerate fucks. <br> [TheEgabIsStranded]: Dann, how long it take you to write that thesis? <br> [JustDont_TruDont]: you don't need a thesis to see something so simple <br> [TheEgabIsStranded]: Then you should be able to explain easily: Why does it matter if a guy likes dick instead of pussy? <br> [___Redditsucks___]: How is it an accomplishment?",Its not? Why is it degeneracy?,13,___,False
gold subthreads (1).csv,30483125327,30483125327,525092060,The_Donald,President Donald J. Trump Proclaims June 2018 as African-American Music Appreciation Month,"[dmm_auth_176433]: They were bitching the other day that he didn't acknowledge gay month  <br> [secaedelcielo]: ""they"" lmao.  I'm gay and I'm not bitching about it. <br> [dmm_auth_480616]: /r/politics  <br> [LeviathanAurora]: Yo, this has got to go.  <br> [dmm_auth_223278]: Why did you report me? <br> [LeviathanAurora]: Because rule 7 was broken and we get enough shit as it. Which I reported before the edit. ",Dude you are a fucking dweeb. What kind of asshole actually reports someone who is on their side politically? Fucking moron,160,___,True
gold subthreads (1).csv,30478351899,30478351899,524431921,The_Donald,That's my President!,-,LOL remeber how triggered they were when he got the nomination?   [LINK],5,___,False
gold subthreads (1).csv,30478392776,30478392776,524431921,The_Donald,That's my President!,[Forgototherpassword]: LOL remeber how triggered they were when he got the nomination?   [LINK],Dude they are so triggered every day it's glorious....winning!!!!,5,___,False
gold subthreads (1).csv,30461511354,30461511354,522120736,CringeAnarchy,followed by david duke....ü§îü§î,[Slide-job-down-low]: Furries should be in the same mental institutions as trannies. What in the fuck happened to this country. <br> [bennoxys]: You do realize most furries aren't this insane right?,"It is not okay to be a ""furry"". You either have some weird species dismorphia, or a weird species fetish. Neither are okay. ",7,___,False
gold subthreads (1).csv,30461424439,30461424439,522256565,The_Donald,Gamergate kids are great and this Vice propagandist sucks.,[richmomz]: They awoke the sleeping neck-bearded giant by trying to fuck with his video games.  Now the angry neck-beard giant has found a new game - fucking up the SJW/Marxist/Globalist establishment. ,trying to do a 100% run with all achievements,131,___,False
gold subthreads (1).csv,30497342650,30497342650,526827055,CringeAnarchy,Literally the EU.,[Chipdogs]: This is obvious Russian propaganda ,">""EVERYTHING I DON'T LIKE IS RUSSIAN PROPAGANDA""  Go back to /r/politics",13,___,False
gold subthreads (1).csv,30497355577,30497355577,526827055,CringeAnarchy,Literally the EU.,"[Chipdogs]: This is obvious Russian propaganda  <br> [cubev10]: >""EVERYTHING I DON'T LIKE IS RUSSIAN PROPAGANDA""  Go back to /r/politics",hey suck my dick you fucking queer,13,___,True
