Submission id,Participant id,Status,Started at,Completed at,Reviewed at,Archived at,Time taken,Completion code,Total approvals,Nationality (uk),Fluent languages,Primary language,Age,Sex,Ethnicity simplified,Country of birth,Country of residence,Nationality,Language,Student status,Employment status
64d382f533fd8a9ffead768e,5c2621dd70d93a000120b6df,REJECTED,2023-08-09T12:13:44.328000Z,2023-08-09T12:21:12.246000Z,2023-08-09T14:47:57.726000Z,2023-08-09T12:21:14.341000Z,448,NOCODE,292,CONSENT_REVOKED,CONSENT_REVOKED,CONSENT_REVOKED,CONSENT_REVOKED,CONSENT_REVOKED,CONSENT_REVOKED,CONSENT_REVOKED,CONSENT_REVOKED,CONSENT_REVOKED,CONSENT_REVOKED,CONSENT_REVOKED,CONSENT_REVOKED
64d38305b7794d41380acb87,5e3a8f90f5f5b3291c4dbfaa,APPROVED,2023-08-09T12:14:05.363000Z,2023-08-09T12:25:39.633000Z,2023-08-09T17:50:42.649000,2023-08-09T12:25:40.098018Z,695,91442ADD,1233,England,English,English,37,Female,White,United Kingdom,United Kingdom,United Kingdom,English,No,DATA_EXPIRED
64d383280301d8b241f8f17e,60a130e2b20cef61a98dd037,REJECTED,2023-08-09T12:14:36.762000Z,2023-08-09T12:23:28.134000Z,2023-08-09T17:13:02.688000Z,2023-08-09T12:23:28.911000Z,532,91442ADD,205,CONSENT_REVOKED,CONSENT_REVOKED,CONSENT_REVOKED,CONSENT_REVOKED,CONSENT_REVOKED,CONSENT_REVOKED,CONSENT_REVOKED,CONSENT_REVOKED,CONSENT_REVOKED,CONSENT_REVOKED,CONSENT_REVOKED,CONSENT_REVOKED
64d38351283d42c57701ea94,5ffdbebae4007830c6fd023e,APPROVED,2023-08-09T12:15:24.830000Z,2023-08-09T12:30:28.392000Z,2023-08-09T17:50:44.379000,2023-08-09T12:30:30.431461Z,904,91442ADD,478,England,English,English,57,Female,White,Jamaica,United Kingdom,United Kingdom,English,No,Part-Time
64d3835ca3e0127a7aba83bd,60ffce82a84c58475e5b3a3b,APPROVED,2023-08-09T12:15:29.581000Z,2023-08-09T12:25:52.379000Z,2023-08-09T17:50:48.840000,2023-08-09T12:25:52.844906Z,623,91442ADD,59,England,English,English,23,Female,White,United Kingdom,United Kingdom,United Kingdom,English,DATA_EXPIRED,DATA_EXPIRED
64d3a82588738d80ad5551be,614730d81872688b02a7b279,APPROVED,2023-08-09T14:52:23.561000Z,2023-08-09T15:16:14.122000Z,2023-08-09T17:50:50.628000,2023-08-09T15:16:14.738645Z,1431,91442ADD,82,Wales,English,English,32,Female,White,United Kingdom,United Kingdom,United Kingdom,English,No,Full-Time
64d3c9b75fc1a4b7527eb75e,62cb2b8826545ba2a85a3c9a,APPROVED,2023-08-09T17:15:35.460000Z,2023-08-09T17:24:23.797000Z,2023-08-09T17:50:45.795000,2023-08-09T17:24:25.695704Z,529,91442ADD,68,England,English,English,24,Male,White,United Kingdom,United Kingdom,United Kingdom,English,DATA_EXPIRED,DATA_EXPIRED
