Submission id,Participant id,Status,Started at,Completed at,Reviewed at,Archived at,Time taken,Completion code,Total approvals,Nationality (uk),Fluent languages,Primary language,Age,Sex,Ethnicity simplified,Country of birth,Country of residence,Nationality,Language,Student status,Employment status
64d36004d551419074d70916,62b441e90b96bd6799bf1c77,APPROVED,2023-08-09T09:44:46.289000Z,2023-08-09T09:52:40.627000Z,2023-08-09T13:38:56.411000,2023-08-09T09:52:41.062797Z,475,91442ADD,625,England,English,English,35,Male,White,United Kingdom,United Kingdom,United Kingdom,English,No,Full-Time
64d36117613571debb72cf58,5c38e5411084f300019ff41c,APPROVED,2023-08-09T09:49:15.542000Z,2023-08-09T09:59:41.232000Z,2023-08-09T13:38:58.412000,2023-08-09T09:59:41.720685Z,626,91442ADD,23,Scotland,English,English,26,Female,White,United Kingdom,United Kingdom,United Kingdom,English,No,Unemployed (and job seeking)
64d36126a3299516a722a458,614f34b7af84fc40f6df42c3,APPROVED,2023-08-09T09:49:30.253000Z,2023-08-09T09:59:58.600000Z,2023-08-09T13:39:07.958000,2023-08-09T09:59:59.144612Z,629,91442ADD,365,England,English,English,44,Female,White,United Kingdom,United Kingdom,United Kingdom,English,Yes,Full-Time
64d3614024d8da0de2603bfc,5e289b4c3265b00615e8d14a,APPROVED,2023-08-09T09:49:55.354000Z,2023-08-09T10:00:57.443000Z,2023-08-09T13:38:59.974000,2023-08-09T10:00:57.921223Z,663,91442ADD,397,Scotland,English,English,29,Female,White,United Kingdom,United Kingdom,United Kingdom,English,DATA_EXPIRED,DATA_EXPIRED
64d361b358d81b6ddc46a245,5d29ea3fd9877500010ea5ec,APPROVED,2023-08-09T09:54:09.792000Z,2023-08-09T10:02:39.707000Z,2023-08-09T13:39:09.220000,2023-08-09T10:02:40.288191Z,510,91442ADD,383,England,English,English,56,Female,White,United Kingdom,United Kingdom,United Kingdom,English,No,Full-Time
