Submission id,Participant id,Status,Started at,Completed at,Reviewed at,Archived at,Time taken,Completion code,Total approvals,Nationality (uk),Fluent languages,Primary language,Age,Sex,Ethnicity simplified,Country of birth,Country of residence,Nationality,Language,Student status,Employment status
64d393900b14e4ae8e4aa4a8,5db403f9aa516e000a500822,APPROVED,2023-08-09T13:24:37.336000Z,2023-08-09T14:14:14.005000Z,2023-08-10T09:03:25.708000,2023-08-09T14:14:14.992095Z,2977,91442ADD,1124,England,English,English,50,Male,White,United Kingdom,United Kingdom,United Kingdom,English,DATA_EXPIRED,DATA_EXPIRED
64d39417c3424aeb9ead9538,5f5671742b693b099fe0aaad,APPROVED,2023-08-09T13:26:52.776000Z,2023-08-09T13:37:48.499000Z,2023-08-10T09:03:33.751000,2023-08-09T13:37:49.474038Z,656,91442ADD,368,England,English,English,31,Female,White,United Kingdom,United Kingdom,United Kingdom,English,DATA_EXPIRED,Unemployed (and job seeking)
64d3953d30e0bc448af6558c,63d16b409fc89f6d3a97f281,APPROVED,2023-08-09T13:31:44.508000Z,2023-08-09T13:43:04.089000Z,2023-08-10T09:04:46.736000,2023-08-09T13:43:04.685730Z,680,91442ADD,197,Scotland,English,English,31,Male,White,United Kingdom,United Kingdom,United Kingdom,English,Yes,Part-Time
64d39571899cd2236bd6ae93,5e3e8306f5f3e50dedf05fbb,APPROVED,2023-08-09T13:32:46.029000Z,2023-08-09T13:51:45.965000Z,2023-08-10T09:03:49.925000,2023-08-09T13:51:46.560209Z,1140,91442ADD,611,England,English,English,58,Male,White,United Kingdom,United Kingdom,United Kingdom,English,No,Part-Time
64d3957bed59cf0f77645ba4,5c9905852b26210017a28b54,REJECTED,2023-08-09T13:32:46.596000Z,2023-08-09T13:41:46.362000Z,2023-08-10T09:04:41.174000Z,2023-08-09T13:41:47.367000Z,540,91442ADD,478,CONSENT_REVOKED,CONSENT_REVOKED,CONSENT_REVOKED,CONSENT_REVOKED,CONSENT_REVOKED,CONSENT_REVOKED,CONSENT_REVOKED,CONSENT_REVOKED,CONSENT_REVOKED,CONSENT_REVOKED,CONSENT_REVOKED,CONSENT_REVOKED
64d4a8ac608b2b3533c2c02a,62eba3f3f2926f945ac33310,APPROVED,2023-08-10T09:07:14.442000Z,2023-08-10T09:22:51.612000Z,2023-08-22T17:55:18.999000,2023-08-10T09:22:54.349542Z,938,91442ADD,128,England,English,English,25,Male,White,United Kingdom,United Kingdom,United Kingdom,English,No,Full-Time
