Submission id,Participant id,Status,Started at,Completed at,Reviewed at,Archived at,Time taken,Completion code,Total approvals,Nationality (uk),Fluent languages,Primary language,Age,Sex,Ethnicity simplified,Country of birth,Country of residence,Nationality,Language,Student status,Employment status
64d389e97916ee74564aa490,63d79eb140827bcc78bcce66,APPROVED,2023-08-09T12:47:29.128000Z,2023-08-09T12:59:16.084000Z,2023-08-10T08:41:41.771000,2023-08-09T12:59:17.828928Z,707,91442ADD,449,England,English,English,37,Male,White,United Kingdom,United Kingdom,United Kingdom,English,No,Full-Time
64d38a55c974aa8d105a8b1a,613a465b111a547a9246b706,REJECTED,2023-08-09T12:45:12.747000Z,2023-08-09T12:52:28.103000Z,2023-08-09T18:23:29.875000Z,2023-08-09T12:52:28.739000Z,436,91442ADD,157,CONSENT_REVOKED,CONSENT_REVOKED,CONSENT_REVOKED,CONSENT_REVOKED,CONSENT_REVOKED,CONSENT_REVOKED,CONSENT_REVOKED,CONSENT_REVOKED,CONSENT_REVOKED,CONSENT_REVOKED,CONSENT_REVOKED,CONSENT_REVOKED
64d38b34e2326dd033e1ea63,63bec89e4ab1098cfe7106f5,APPROVED,2023-08-09T12:48:57.690000Z,2023-08-09T13:09:07.155000Z,2023-08-10T08:41:44.465000,2023-08-09T13:09:08.961157Z,1210,91442ADD,244,England,English,English,69,Female,White,United Kingdom,United Kingdom,United Kingdom,English,DATA_EXPIRED,DATA_EXPIRED
64d38b6c6d641a80e4d6aea3,5c871ab7de75d4001602869d,APPROVED,2023-08-09T12:49:51.974000Z,2023-08-09T13:10:34.211000Z,2023-08-10T08:41:46.187000,2023-08-09T13:10:34.999777Z,1243,91442ADD,1721,England,English,English,60,Male,White,United Kingdom,United Kingdom,United Kingdom,English,DATA_EXPIRED,Full-Time
64d38d2d0bb84bb98c8cecc0,5af2a03697a14300017d2ba4,APPROVED,2023-08-09T12:57:21.747000Z,2023-08-09T13:13:21.050000Z,2023-08-10T08:41:49.230000,2023-08-09T13:13:34.989430Z,960,91442ADD,2111,England,English,English,49,Male,White,United Kingdom,United Kingdom,United Kingdom,English,No,Full-Time
64d3d9c05f3e5057dc8c5108,5df3c61a398bb62a562c36d1,APPROVED,2023-08-09T18:24:05.836000Z,2023-08-09T18:30:46.002000Z,2023-08-10T08:41:47.224000,2023-08-09T18:30:46.608978Z,401,91442ADD,160,England,English,English,33,Female,Mixed,United Kingdom,United Kingdom,United Kingdom,English,No,Full-Time
