filename,title_id,community_id,title_text,subthread_id,post_text,subthread_label
gold subthreads (2).csv,527983119,CringeAnarchy,Interesting thing to say when you're objectively below average looking,25,___,True
gold subthreads (2).csv,527992432,CringeAnarchy,But he's a guy,177,___,True
gold subthreads (2).csv,528019648,The_Donald,"‚òÖ Meetings between staffs and representatives are going well and quickly....but in the end, that doesn't matter. We will all know soon whether or not a real deal, unlike those of the past, can happen! ‚òÖ",65,___,False
gold subthreads (2).csv,528068068,The_Donald,WATCH PARTY: USA-NK Summit Coverage & Leader Arrivals,1631,"Hello all you awesome pedes. The time has finally arrived -- President Donald J. Trump's nuclear peace summit with Kim Jong Un.  The summit itself will not be broadcast, but below are videos from earlier in the day, as well as links for summit coverage livestreams, including the two leaders arrival at the venue. Additionally POTUS will give a press conference at 4am Eastern Time (one of our overnight mods will put up a livestream when available).  ---  **VIDEOS**  * [POTUS Arrives in Singapore \(NBC News\)]([LINK] * [Kim John Un takes late-night tour of Singapore \(Fox News\)]([LINK] * [POTUS Meets with the Prime Minister of Singapore]([LINK] * [Briefing by Secretary of State Michael Pompeo]([LINK]  **LIVESTREAMS**  * [Channel NewsAsia]([LINK] * [The Straits Times]([LINK] * [Fox 10 Phoenix]([LINK] * [Agenda-Free TV \(Steve Lookner\)]([LINK] * [ABC News]([LINK] * [NBC News]([LINK] * [RT]([LINK] * [C-SPAN.org]([LINK]  ---  #POTUS SUMMIT SCHEDULE (Eastern Time)  * 8:00 PM - Depart Shangri-La Hotel, Singapore, en route to the Capella Singapore Hotel * **8:20 PM - Arrive at Capella Singapore ‚Äì Sentosa Island, Singapore** * 9:00 PM - Participate in a greeting with North Korean leader Kim Jong Un * 9:15 PM - Participate in a 1:1 bilateral meeting with North Korean leader Kim Jong Un * 10:00 PM - Participate in an expanded bilateral meeting with North Korean leader Kim Jong Un * 11:30 PM - Participate in a working lunch with North Korean leader Kim Jong Un * **4:00 AM - Participate in a media availability ‚Äì Sentosa Island, Singapore** * 6:30 AM - Depart Capella Singapore en route to Paya Lebar Air Base Singapore * 6:50 AM - Arrive at Paya Lebar Air Base, Singapore ‚Äì Paya Lebar, Singapore * 7:00 AM - Depart Paya Lebar Air Base, Singapore, en route to Andersen Air Force Base, Guam",True
gold subthreads (2).csv,528068068,The_Donald,WATCH PARTY: USA-NK Summit Coverage & Leader Arrivals,2027,"Hello all you awesome pedes. The time has finally arrived -- President Donald J. Trump's nuclear peace summit with Kim Jong Un.  The summit itself will not be broadcast, but below are videos from earlier in the day, as well as links for summit coverage livestreams, including the two leaders arrival at the venue. Additionally POTUS will give a press conference at 4am Eastern Time (one of our overnight mods will put up a livestream when available).  ---  **VIDEOS**  * [POTUS Arrives in Singapore \(NBC News\)]([LINK] * [Kim John Un takes late-night tour of Singapore \(Fox News\)]([LINK] * [POTUS Meets with the Prime Minister of Singapore]([LINK] * [Briefing by Secretary of State Michael Pompeo]([LINK]  **LIVESTREAMS**  * [Channel NewsAsia]([LINK] * [The Straits Times]([LINK] * [Fox 10 Phoenix]([LINK] * [Agenda-Free TV \(Steve Lookner\)]([LINK] * [ABC News]([LINK] * [NBC News]([LINK] * [RT]([LINK] * [C-SPAN.org]([LINK]  ---  #POTUS SUMMIT SCHEDULE (Eastern Time)  * 8:00 PM - Depart Shangri-La Hotel, Singapore, en route to the Capella Singapore Hotel * **8:20 PM - Arrive at Capella Singapore ‚Äì Sentosa Island, Singapore** * 9:00 PM - Participate in a greeting with North Korean leader Kim Jong Un * 9:15 PM - Participate in a 1:1 bilateral meeting with North Korean leader Kim Jong Un * 10:00 PM - Participate in an expanded bilateral meeting with North Korean leader Kim Jong Un * 11:30 PM - Participate in a working lunch with North Korean leader Kim Jong Un * **4:00 AM - Participate in a media availability ‚Äì Sentosa Island, Singapore** * 6:30 AM - Depart Capella Singapore en route to Paya Lebar Air Base Singapore * 6:50 AM - Arrive at Paya Lebar Air Base, Singapore ‚Äì Paya Lebar, Singapore * 7:00 AM - Depart Paya Lebar Air Base, Singapore, en route to Andersen Air Force Base, Guam",True
gold subthreads (2).csv,528656932,CringeAnarchy,Huffington Post...,160,___,True
gold subthreads (2).csv,528777403,TheRedPill,Is this a feminism level Up ? What the hell is happening in the video game industry ??,125,"As a proud Redpiller for years now I was literally shocked how much recent and especially upcoming video games are clearly becoming more and more feminist or at least very female oriented.   I was a dedicated gamer few years ago and I'm 30 by the way. I loved video games, still do but don't actually spend that much time playing anymore. I'm playing my own ""Red"" game now as a Redpill obviously. For years though I was seeking some kind of teaching and life inspiration in video games. It's been very helpful when I was a teen or even in my twenties.  You can say anything you want about video games but I do still believe that it's a pure male field ! It's a deep male fantasy about being in control in some kind of extraordinary situations. It's about dominance. We love to play war, to fight, to drive fast, to spell stuff, to be challenged, to win and achieve greatness ! It is a pure male drive ! It's no more than visualization.   There is more and more female gamers nowadays thanks to social media and fool beta orbiters who validate these chicks. It feels cheap though and somehow fake. It's always sounds like ""male experience emulation"".   Anyway, as some of you know it's E3 week. A lot of games have been announced and most of theme are as I said very female oriented to say the least. Take a look :   Battlefield V (EA): ""Here comes a new challenger"" and It's a woman soldier...in the battlefield... and in World war II fantasy   Control  (Remedy) : You play a chick who is in charge obviously and ""controls"" everything   Last of us 2 (Sony) : You play a girl, lesbian, and kick some ass  Sea of solitude (EA) :  quote ""...On her search to change, she soon finds out that her biggest enemies are not the huge monsters that she meets on her way through the Sea of Solitude""  ...and many others.   In some other games I also noticed that even if the hero is still a dude there is more and more female presence. In my opinion the video game industry is clearly promoting some feminism aspects like gender equality stuff and it seems like every developer out there feels like it has to be done whether they like it or not  What's your take on this guys ?",True
gold subthreads (2).csv,529642040,The_Donald,"Manafort ordered to jail, bail revoked on witness tampering charge",1,___,True
gold subthreads (2).csv,530213108,CringeAnarchy,MUH RACIST COLONIALISM,23,___,False
gold subthreads (2).csv,530330837,CringeAnarchy,"Vice ""news"" on Snapchat",9,___,True
gold subthreads (2).csv,530396969,CringeAnarchy,"Homosexual artist criticizing his country's treatment of homosexuals gets doxxed by Leftists for ""Islamophobia""",154,___,True
gold subthreads (2).csv,530396969,CringeAnarchy,"Homosexual artist criticizing his country's treatment of homosexuals gets doxxed by Leftists for ""Islamophobia""",194,___,True
gold subthreads (2).csv,530959912,CringeAnarchy,Fighting mechanical bigotry!,18,___,True
