"Submission id","Participant id","Status","Started at","Completed at","Reviewed at","Archived at","Time taken","Completion code","Total approvals","Nationality (uk)","Fluent languages","Primary language","Age","Sex","Ethnicity simplified","Country of birth","Country of residence","Nationality","Language","Student status","Employment status"
"64d206705396578e6e6a6624","5ed399e001db9531e9476683","APPROVED","2023-08-08T09:12:32.467000Z","2023-08-08T09:22:41.717000Z","2023-08-09T01:18:49.917000","2023-08-08T09:22:47.912127Z","610","91442ADD","663","Scotland","English","English","21","Female","White","United Kingdom","United Kingdom","United Kingdom","English","Yes","Full-Time"
"64d207488a9e9ff5c532e572","5be6e95fec5bb900014e9f70","APPROVED","2023-08-08T09:13:47.046000Z","2023-08-08T09:21:17.997000Z","2023-08-09T01:18:11.183000Z","2023-08-08T09:21:18.604000Z","451","91442ADD","834","CONSENT_REVOKED","CONSENT_REVOKED","CONSENT_REVOKED","CONSENT_REVOKED","CONSENT_REVOKED","CONSENT_REVOKED","CONSENT_REVOKED","CONSENT_REVOKED","CONSENT_REVOKED","CONSENT_REVOKED","CONSENT_REVOKED","CONSENT_REVOKED"
"64d2077a7ccdac1544cabca7","6400d945ff7a74a6177ad5dc","APPROVED","2023-08-08T09:14:38.201000Z","2023-08-08T09:23:16.870000Z","2023-08-09T01:18:30.490000Z","2023-08-08T09:23:18.027000Z","519","91442ADD","58","CONSENT_REVOKED","CONSENT_REVOKED","CONSENT_REVOKED","CONSENT_REVOKED","CONSENT_REVOKED","CONSENT_REVOKED","CONSENT_REVOKED","CONSENT_REVOKED","CONSENT_REVOKED","CONSENT_REVOKED","CONSENT_REVOKED","CONSENT_REVOKED"
"64d20794063e35c2bb5dcea1","6009aabebe921302cf083b53","APPROVED","2023-08-08T09:15:20.476000Z","2023-08-08T10:16:35.833000Z","2023-08-09T01:18:51.185000","2023-08-08T10:16:36.456783Z","3676","91442ADD","696","England","English","English","57","Female","White","United Kingdom","United Kingdom","United Kingdom","English","No","Part-Time"
"64d2080c019da11312b0be86","60d652b46549191f664ef747","APPROVED","2023-08-08T09:17:03.249000Z","2023-08-08T09:27:01.833000Z","2023-08-09T01:18:52.679000","2023-08-08T09:27:02.284835Z","599","91442ADD","241","England","English","English","39","Female","White","United Kingdom","United Kingdom","United Kingdom","English","DATA_EXPIRED","DATA_EXPIRED"