token_id,comment_id,worker_answers,token,title_id,community_id,title_text,context,comment,subthread_id,post_text,subjective interpretation,span difference,"difficult, ambiguous and/ or complex language",annotation error,associated target group annotation,additional explanation,Piek
a1,30459601890,"['Baran: false', 'Isa: false', 'Piek: true']",Furries,522120736,CringeAnarchy,followed by david duke....ü§îü§î,-,Furries should be in the same mental institutions as trannies. What in the fuck happened to this country.,7,___,TRUE,,,,,,
a14,30459601890,"['Baran: true', 'Isa: true', 'Piek: false']",fuck,522120736,CringeAnarchy,followed by david duke....ü§îü§î,-,Furries should be in the same mental institutions as trannies. What in the fuck happened to this country.,7,___,TRUE,,,,,"The word ""fuck"" can have varying degrees of explicit inappropriateness depending on the context in which it is used.",subjective
a5,30459759124,"['Baran: false', 'Isa: false', 'Piek: true']",furries,522120736,CringeAnarchy,followed by david duke....ü§îü§î,[Slide-job-down-low]: Furries should be in the same mental institutions as trannies. What in the fuck happened to this country.,You do realize most furries aren't this insane right?,7,___,TRUE,,,,,,
a13,30461511354,"['Baran: false', 'Isa: false', 'Piek: true']",weird,522120736,CringeAnarchy,followed by david duke....ü§îü§î,[Slide-job-down-low]: Furries should be in the same mental institutions as trannies. What in the fuck happened to this country. <br> [bennoxys]: You do realize most furries aren't this insane right?,"It is not okay to be a ""furry"". You either have some weird species dismorphia, or a weird species fetish. Neither are okay.",7,___,TRUE,,,,,,
a14,30461511354,"['Baran: false', 'Isa: false', 'Piek: true']",species,522120736,CringeAnarchy,followed by david duke....ü§îü§î,[Slide-job-down-low]: Furries should be in the same mental institutions as trannies. What in the fuck happened to this country. <br> [bennoxys]: You do realize most furries aren't this insane right?,"It is not okay to be a ""furry"". You either have some weird species dismorphia, or a weird species fetish. Neither are okay.",7,___,TRUE,,,,,,
a10,30460094396,"['Baran: false', 'Isa: true', 'Piek: false']",Jesus,522235385,CringeAnarchy,Butthurt femnazis,-,Post the picture of Donald Jr with his kids. Jesus christ hes an ugly son of a bitch - that's the cringe,5,___,TRUE,,,,,,
a11,30460094396,"['Baran: false', 'Isa: true', 'Piek: false']",christ,522235385,CringeAnarchy,Butthurt femnazis,-,Post the picture of Donald Jr with his kids. Jesus christ hes an ugly son of a bitch - that's the cringe,5,___,,TRUE,,,,,
a13,30460094396,"['Baran: false', 'Isa: false', 'Piek: true']",an,522235385,CringeAnarchy,Butthurt femnazis,-,Post the picture of Donald Jr with his kids. Jesus christ hes an ugly son of a bitch - that's the cringe,5,___,,TRUE,,,,,
a14,30460094396,"['Baran: false', 'Isa: false', 'Piek: true']",ugly,522235385,CringeAnarchy,Butthurt femnazis,-,Post the picture of Donald Jr with his kids. Jesus christ hes an ugly son of a bitch - that's the cringe,5,___,TRUE,,,,,"In this case, the term ""ugly"" might have different interpretations based on the context, and annotators could differ in their assessment of whether it's explicitly inappropriate.",
a15,30460094396,"['Baran: false', 'Isa: true', 'Piek: true']",son,522235385,CringeAnarchy,Butthurt femnazis,-,Post the picture of Donald Jr with his kids. Jesus christ hes an ugly son of a bitch - that's the cringe,5,___,,TRUE,,,,,
a16,30460094396,"['Baran: false', 'Isa: true', 'Piek: true']",of,522235385,CringeAnarchy,Butthurt femnazis,-,Post the picture of Donald Jr with his kids. Jesus christ hes an ugly son of a bitch - that's the cringe,5,___,,TRUE,,,,,
a17,30460094396,"['Baran: false', 'Isa: true', 'Piek: true']",a,522235385,CringeAnarchy,Butthurt femnazis,-,Post the picture of Donald Jr with his kids. Jesus christ hes an ugly son of a bitch - that's the cringe,5,___,,TRUE,,,,,
a12,30460101117,"['Baran: false', 'Isa: false', 'Piek: true']",rotten,522235385,CringeAnarchy,Butthurt femnazis,[ReasonableGlass]: Post the picture of Donald Jr with his kids. Jesus christ hes an ugly son of a bitch - that's the cringe,go back to your fucking estro weed subs my dude. your rotten brain and shit comments belong with the other addicts,5,___,TRUE,,,,,,
a13,30460101117,"['Baran: false', 'Isa: false', 'Piek: true']",brain,522235385,CringeAnarchy,Butthurt femnazis,[ReasonableGlass]: Post the picture of Donald Jr with his kids. Jesus christ hes an ugly son of a bitch - that's the cringe,go back to your fucking estro weed subs my dude. your rotten brain and shit comments belong with the other addicts,5,___,TRUE,,,,,,
a14,30460101117,"['Baran: false', 'Isa: false', 'Piek: true']",and,522235385,CringeAnarchy,Butthurt femnazis,[ReasonableGlass]: Post the picture of Donald Jr with his kids. Jesus christ hes an ugly son of a bitch - that's the cringe,go back to your fucking estro weed subs my dude. your rotten brain and shit comments belong with the other addicts,5,___,TRUE,,,,,,
a16,30460101117,"['Baran: false', 'Isa: false', 'Piek: true']",comments,522235385,CringeAnarchy,Butthurt femnazis,[ReasonableGlass]: Post the picture of Donald Jr with his kids. Jesus christ hes an ugly son of a bitch - that's the cringe,go back to your fucking estro weed subs my dude. your rotten brain and shit comments belong with the other addicts,5,___,TRUE,TRUE,,,,,
a6,30460101117,"['Baran: false', 'Isa: true', 'Piek: true']",estro,522235385,CringeAnarchy,Butthurt femnazis,[ReasonableGlass]: Post the picture of Donald Jr with his kids. Jesus christ hes an ugly son of a bitch - that's the cringe,go back to your fucking estro weed subs my dude. your rotten brain and shit comments belong with the other addicts,5,___,,,TRUE,,,,
a7,30460101117,"['Baran: false', 'Isa: false', 'Piek: true']",weed,522235385,CringeAnarchy,Butthurt femnazis,[ReasonableGlass]: Post the picture of Donald Jr with his kids. Jesus christ hes an ugly son of a bitch - that's the cringe,go back to your fucking estro weed subs my dude. your rotten brain and shit comments belong with the other addicts,5,___,,,TRUE,,,,
a8,30460101117,"['Baran: false', 'Isa: false', 'Piek: true']",subs,522235385,CringeAnarchy,Butthurt femnazis,[ReasonableGlass]: Post the picture of Donald Jr with his kids. Jesus christ hes an ugly son of a bitch - that's the cringe,go back to your fucking estro weed subs my dude. your rotten brain and shit comments belong with the other addicts,5,___,,,TRUE,,,,
a5,30460146982,"['Baran: false', 'Isa: false', 'Piek: true']",a,522235385,CringeAnarchy,Butthurt femnazis,[ReasonableGlass]: Post the picture of Donald Jr with his kids. Jesus christ hes an ugly son of a bitch - that's the cringe <br> [IslamicStatePatriot]: go back to your fucking estro weed subs my dude. your rotten brain and shit comments belong with the other addicts,Lol freedom fighter. You're a redneck faggot bro foh,5,___,TRUE,,,,,,
a9,30460146982,"['Baran: false', 'Isa: true', 'Piek: false']",foh,522235385,CringeAnarchy,Butthurt femnazis,[ReasonableGlass]: Post the picture of Donald Jr with his kids. Jesus christ hes an ugly son of a bitch - that's the cringe <br> [IslamicStatePatriot]: go back to your fucking estro weed subs my dude. your rotten brain and shit comments belong with the other addicts,Lol freedom fighter. You're a redneck faggot bro foh,5,___,TRUE,,,,,,
a21,30460679126,"['Baran: false', 'Isa: false', 'Piek: true']",ghetto,522235385,CringeAnarchy,Butthurt femnazis,[ReasonableGlass]: Post the picture of Donald Jr with his kids. Jesus christ hes an ugly son of a bitch - that's the cringe <br> [IslamicStatePatriot]: go back to your fucking estro weed subs my dude. your rotten brain and shit comments belong with the other addicts <br> [ReasonableGlass]: Lol freedom fighter. You're a redneck faggot bro foh,"I mean the individual words appear to be English, most of them anyway, but I can't make out what this ghetto speak trash is even attempting to say..",5,___,TRUE,,,,,,
a22,30460679126,"['Baran: false', 'Isa: false', 'Piek: true']",speak,522235385,CringeAnarchy,Butthurt femnazis,[ReasonableGlass]: Post the picture of Donald Jr with his kids. Jesus christ hes an ugly son of a bitch - that's the cringe <br> [IslamicStatePatriot]: go back to your fucking estro weed subs my dude. your rotten brain and shit comments belong with the other addicts <br> [ReasonableGlass]: Lol freedom fighter. You're a redneck faggot bro foh,"I mean the individual words appear to be English, most of them anyway, but I can't make out what this ghetto speak trash is even attempting to say..",5,___,,TRUE,,,,,
a23,30460679126,"['Baran: false', 'Isa: true', 'Piek: true']",trash,522235385,CringeAnarchy,Butthurt femnazis,[ReasonableGlass]: Post the picture of Donald Jr with his kids. Jesus christ hes an ugly son of a bitch - that's the cringe <br> [IslamicStatePatriot]: go back to your fucking estro weed subs my dude. your rotten brain and shit comments belong with the other addicts <br> [ReasonableGlass]: Lol freedom fighter. You're a redneck faggot bro foh,"I mean the individual words appear to be English, most of them anyway, but I can't make out what this ghetto speak trash is even attempting to say..",5,___,TRUE,,,,,,
a9,30460694692,"['Baran: false', 'Isa: true', 'Piek: true']",ebonics?,522235385,CringeAnarchy,Butthurt femnazis,"[ReasonableGlass]: Post the picture of Donald Jr with his kids. Jesus christ hes an ugly son of a bitch - that's the cringe <br> [IslamicStatePatriot]: go back to your fucking estro weed subs my dude. your rotten brain and shit comments belong with the other addicts <br> [ReasonableGlass]: Lol freedom fighter. You're a redneck faggot bro foh <br> [CrashedonMars]: I mean the individual words appear to be English, most of them anyway, but I can't make out what this ghetto speak trash is even attempting to say.. <br> [ReasonableGlass]: Then learn to read asshole",Why the fuck would I need to know ebonics?,5,___,TRUE,,,,,,subjective
a8,30460919040,"['Baran: false', 'Isa: false', 'Piek: true']",dribble.,522235385,CringeAnarchy,Butthurt femnazis,"[ReasonableGlass]: Post the picture of Donald Jr with his kids. Jesus christ hes an ugly son of a bitch - that's the cringe <br> [IslamicStatePatriot]: go back to your fucking estro weed subs my dude. your rotten brain and shit comments belong with the other addicts <br> [ReasonableGlass]: Lol freedom fighter. You're a redneck faggot bro foh <br> [CrashedonMars]: I mean the individual words appear to be English, most of them anyway, but I can't make out what this ghetto speak trash is even attempting to say.. <br> [ReasonableGlass]: Then learn to read asshole <br> [CrashedonMars]: Why the fuck would I need to know ebonics? <br> [Marmiteisgood]: How else you gonna know what these retards are saying?",I don't want to know. It's usually dribble. I'll stick with more conservative black people who value their education.,5,___,,,,TRUE,,,dribble is not inappropriate
a21,30460923124,"['Baran: false', 'Isa: true', 'Piek: true']",thug,522235385,CringeAnarchy,Butthurt femnazis,"[ReasonableGlass]: Post the picture of Donald Jr with his kids. Jesus christ hes an ugly son of a bitch - that's the cringe <br> [IslamicStatePatriot]: go back to your fucking estro weed subs my dude. your rotten brain and shit comments belong with the other addicts <br> [ReasonableGlass]: Lol freedom fighter. You're a redneck faggot bro foh <br> [CrashedonMars]: I mean the individual words appear to be English, most of them anyway, but I can't make out what this ghetto speak trash is even attempting to say.. <br> [ReasonableGlass]: Then learn to read asshole <br> [CrashedonMars]: Why the fuck would I need to know ebonics? <br> [Marmiteisgood]: How else you gonna know what these retards are saying? <br> [CrashedonMars]: I don't want to know. It's usually dribble. I'll stick with more conservative black people who value their education.","Truth be told, I'd rather stay away from them too. You'll probably end up needing to know it if a thug mugs you though.",5,___,TRUE,,,,,,
a18,30461355996,"['Baran: false', 'Isa: true', 'Piek: false']",neck-beard,522256565,The_Donald,Gamergate kids are great and this Vice propagandist sucks.,-,They awoke the sleeping neck-bearded giant by trying to fuck with his video games.  Now the angry neck-beard giant has found a new game - fucking up the SJW/Marxist/Globalist establishment.,131,___,TRUE,,,,,,
a27,30461355996,"['Baran: true', 'Isa: false', 'Piek: true']",up,522256565,The_Donald,Gamergate kids are great and this Vice propagandist sucks.,-,They awoke the sleeping neck-bearded giant by trying to fuck with his video games.  Now the angry neck-beard giant has found a new game - fucking up the SJW/Marxist/Globalist establishment.,131,___,,TRUE,,,,,
a28,30461355996,"['Baran: false', 'Isa: false', 'Piek: true']",the,522256565,The_Donald,Gamergate kids are great and this Vice propagandist sucks.,-,They awoke the sleeping neck-bearded giant by trying to fuck with his video games.  Now the angry neck-beard giant has found a new game - fucking up the SJW/Marxist/Globalist establishment.,131,___,,TRUE,,,,,
a29,30461355996,"['Baran: false', 'Isa: false', 'Piek: true']",SJW/Marxist/Globalist,522256565,The_Donald,Gamergate kids are great and this Vice propagandist sucks.,-,They awoke the sleeping neck-bearded giant by trying to fuck with his video games.  Now the angry neck-beard giant has found a new game - fucking up the SJW/Marxist/Globalist establishment.,131,___,,,,,TRUE,,
a30,30461355996,"['Baran: false', 'Isa: false', 'Piek: true']",establishment.,522256565,The_Donald,Gamergate kids are great and this Vice propagandist sucks.,-,They awoke the sleeping neck-bearded giant by trying to fuck with his video games.  Now the angry neck-beard giant has found a new game - fucking up the SJW/Marxist/Globalist establishment.,131,___,,TRUE,,,,,
a5,30461355996,"['Baran: false', 'Isa: true', 'Piek: false']",neck-bearded,522256565,The_Donald,Gamergate kids are great and this Vice propagandist sucks.,-,They awoke the sleeping neck-bearded giant by trying to fuck with his video games.  Now the angry neck-beard giant has found a new game - fucking up the SJW/Marxist/Globalist establishment.,131,___,TRUE,,,,,,
a3,30482606767,"['Baran: true', 'Isa: true', 'Piek: false']",bitching,525092060,The_Donald,President Donald J. Trump Proclaims June 2018 as African-American Music Appreciation Month,-,They were bitching the other day that he didn't acknowledge gay month,160,___,TRUE,,,,,,subjective
a2,30482611546,"['Baran: false', 'Isa: true', 'Piek: false']",lmao.,525092060,The_Donald,President Donald J. Trump Proclaims June 2018 as African-American Music Appreciation Month,[dmm_auth_176433]: They were bitching the other day that he didn't acknowledge gay month,"""they"" lmao.  I'm gay and I'm not bitching about it.",160,___,TRUE,,,,,,
a8,30482611546,"['Baran: true', 'Isa: true', 'Piek: false']",bitching,525092060,The_Donald,President Donald J. Trump Proclaims June 2018 as African-American Music Appreciation Month,[dmm_auth_176433]: They were bitching the other day that he didn't acknowledge gay month,"""they"" lmao.  I'm gay and I'm not bitching about it.",160,___,TRUE,,,,,,
a10,30483121371,"['Baran: true', 'Isa: true', 'Piek: false']",shit,525092060,The_Donald,President Donald J. Trump Proclaims June 2018 as African-American Music Appreciation Month,"[dmm_auth_176433]: They were bitching the other day that he didn't acknowledge gay month  <br> [secaedelcielo]: ""they"" lmao.  I'm gay and I'm not bitching about it. <br> [dmm_auth_480616]: /r/politics  <br> [LeviathanAurora]: Yo, this has got to go.  <br> [dmm_auth_223278]: Why did you report me?",Because rule 7 was broken and we get enough shit as it. Which I reported before the edit.,160,___,TRUE,,,,,,subjective
a4,30483125327,"['Baran: false', 'Isa: false', 'Piek: true']",a,525092060,The_Donald,President Donald J. Trump Proclaims June 2018 as African-American Music Appreciation Month,"[dmm_auth_176433]: They were bitching the other day that he didn't acknowledge gay month  <br> [secaedelcielo]: ""they"" lmao.  I'm gay and I'm not bitching about it. <br> [dmm_auth_480616]: /r/politics  <br> [LeviathanAurora]: Yo, this has got to go.  <br> [dmm_auth_223278]: Why did you report me? <br> [LeviathanAurora]: Because rule 7 was broken and we get enough shit as it. Which I reported before the edit. ",Dude you are a fucking dweeb. What kind of asshole actually reports someone who is on their side politically? Fucking moron,160,___,,TRUE,,,,,
a19,30485033539,"['Baran: false', 'Isa: false', 'Piek: true']",a,525219028,The_Donald,"The Air Force cancels its $24 million contract for 2 new Air Force One refrigerators. ""Even with the understanding that the Air Force One mission brings with it unique requirements and challenges, a $24 million sole-source contract just didn't pass the smell test.""",[wewd]: 747-8 is the newest generation. The current AF1s are 747-200s. <br> [bax101]: Ah. So that will be done soon. That 200 has some cool [features]([LINK],"The President having one of them clippers would be sweet.   However, I think Trump deserves no less than a B-52.",31,___,,TRUE,,,,,
a20,30485033539,"['Baran: false', 'Isa: false', 'Piek: true']",B-52.,525219028,The_Donald,"The Air Force cancels its $24 million contract for 2 new Air Force One refrigerators. ""Even with the understanding that the Air Force One mission brings with it unique requirements and challenges, a $24 million sole-source contract just didn't pass the smell test.""",[wewd]: 747-8 is the newest generation. The current AF1s are 747-200s. <br> [bax101]: Ah. So that will be done soon. That 200 has some cool [features]([LINK],"The President having one of them clippers would be sweet.   However, I think Trump deserves no less than a B-52.",31,___,TRUE,,,,,,
a2,30497469962,"['Baran: false', 'Isa: false', 'Piek: true']",a,526814882,CringeAnarchy,SO TRUE!!,-,you're a cunt,52,___,TRUE,,,,," It might have been interpreted it as humor, sarcasm, or exaggeration rather than offensive",inappropriate to me
a4,30497483214,"['Baran: true', 'Isa: true', 'Piek: false']",cunt,526814882,CringeAnarchy,SO TRUE!!,[dmm_auth_129096]: you're a cunt <br> [CrazyreverseR]: You're 14,not only a cunt but a dullard too? is their no beginning to your talent?,52,___,,,,,,,
a6,30497483214,"['Baran: false', 'Isa: false', 'Piek: true']",a,526814882,CringeAnarchy,SO TRUE!!,[dmm_auth_129096]: you're a cunt <br> [CrazyreverseR]: You're 14,not only a cunt but a dullard too? is their no beginning to your talent?,52,___,,TRUE,,,,,
a2,30497601470,"['Baran: false', 'Isa: true', 'Piek: true']",weirdo,526814882,CringeAnarchy,SO TRUE!!,"[dmm_auth_129096]: you're a cunt <br> [CrazyreverseR]: You're 14 <br> [dmm_auth_646557]: not only a cunt but a dullard too? is their no beginning to your talent? <br> [charisma6]: 12, then.","you weirdo liberal folks sure have an unhealthy interest in talking with young people, are you trying to groom me?",52,___,TRUE,,,,,,
a3,30497601470,"['Baran: false', 'Isa: false', 'Piek: true']",liberal,526814882,CringeAnarchy,SO TRUE!!,"[dmm_auth_129096]: you're a cunt <br> [CrazyreverseR]: You're 14 <br> [dmm_auth_646557]: not only a cunt but a dullard too? is their no beginning to your talent? <br> [charisma6]: 12, then.","you weirdo liberal folks sure have an unhealthy interest in talking with young people, are you trying to groom me?",52,___,,,,,TRUE,,
a4,30497601470,"['Baran: false', 'Isa: false', 'Piek: true']",folks,526814882,CringeAnarchy,SO TRUE!!,"[dmm_auth_129096]: you're a cunt <br> [CrazyreverseR]: You're 14 <br> [dmm_auth_646557]: not only a cunt but a dullard too? is their no beginning to your talent? <br> [charisma6]: 12, then.","you weirdo liberal folks sure have an unhealthy interest in talking with young people, are you trying to groom me?",52,___,,TRUE,,,,"The presence of phrases like ""you're a cunt,"" ""you weirdo liberal folks,"" and ""are you trying to groom me?"" suggests that the context in which the token appears could heavily influence annotators' judgments on its appropriateness.",
a2,30497355577,"['Baran: false', 'Isa: true', 'Piek: true']",suck,526827055,CringeAnarchy,Literally the EU.,"[Chipdogs]: This is obvious Russian propaganda  <br> [cubev10]: >""EVERYTHING I DON'T LIKE IS RUSSIAN PROPAGANDA""  Go back to /r/politics",hey suck my dick you fucking queer,13,___,,TRUE,,,,,
a3,30497355577,"['Baran: false', 'Isa: false', 'Piek: true']",my,526827055,CringeAnarchy,Literally the EU.,"[Chipdogs]: This is obvious Russian propaganda  <br> [cubev10]: >""EVERYTHING I DON'T LIKE IS RUSSIAN PROPAGANDA""  Go back to /r/politics",hey suck my dick you fucking queer,13,___,,TRUE,,,,,
a7,30497355577,"['Baran: true', 'Isa: false', 'Piek: true']",queer,526827055,CringeAnarchy,Literally the EU.,"[Chipdogs]: This is obvious Russian propaganda  <br> [cubev10]: >""EVERYTHING I DON'T LIKE IS RUSSIAN PROPAGANDA""  Go back to /r/politics",hey suck my dick you fucking queer,13,___,TRUE,,,,,,
a20,30497481432,"['Baran: false', 'Isa: false', 'Piek: true']",being,526827055,CringeAnarchy,Literally the EU.,"[Chipdogs]: This is obvious Russian propaganda  <br> [cubev10]: >""EVERYTHING I DON'T LIKE IS RUSSIAN PROPAGANDA""  Go back to /r/politics <br> [GuyFromGujarat]: hey suck my dick you fucking queer <br> [cubev10]: Fuck off faggot <br> [Ladenverzippelnogip]: Please never change",>being this much of a retard  Imagine actually believing everything that is anti-EU is Russian propaganda. Please never change being a retard.,13,___,,TRUE,,,,"The phrase ""being this much of a retard"" could be interpreted differently by annotators in terms of its tone and language.It might be viewed as both offensive or derogatory, and humor, sarcasm, or exaggeration.",
a21,30497481432,"['Baran: false', 'Isa: false', 'Piek: true']",a,526827055,CringeAnarchy,Literally the EU.,"[Chipdogs]: This is obvious Russian propaganda  <br> [cubev10]: >""EVERYTHING I DON'T LIKE IS RUSSIAN PROPAGANDA""  Go back to /r/politics <br> [GuyFromGujarat]: hey suck my dick you fucking queer <br> [cubev10]: Fuck off faggot <br> [Ladenverzippelnogip]: Please never change",>being this much of a retard  Imagine actually believing everything that is anti-EU is Russian propaganda. Please never change being a retard.,13,___,,TRUE,,,,,
a5,30497481432,"['Baran: false', 'Isa: false', 'Piek: true']",a,526827055,CringeAnarchy,Literally the EU.,"[Chipdogs]: This is obvious Russian propaganda  <br> [cubev10]: >""EVERYTHING I DON'T LIKE IS RUSSIAN PROPAGANDA""  Go back to /r/politics <br> [GuyFromGujarat]: hey suck my dick you fucking queer <br> [cubev10]: Fuck off faggot <br> [Ladenverzippelnogip]: Please never change",>being this much of a retard  Imagine actually believing everything that is anti-EU is Russian propaganda. Please never change being a retard.,13,___,,TRUE,,,,,
a7,30497481432,"['Baran: false', 'Isa: false', 'Piek: true']",Imagine,526827055,CringeAnarchy,Literally the EU.,"[Chipdogs]: This is obvious Russian propaganda  <br> [cubev10]: >""EVERYTHING I DON'T LIKE IS RUSSIAN PROPAGANDA""  Go back to /r/politics <br> [GuyFromGujarat]: hey suck my dick you fucking queer <br> [cubev10]: Fuck off faggot <br> [Ladenverzippelnogip]: Please never change",>being this much of a retard  Imagine actually believing everything that is anti-EU is Russian propaganda. Please never change being a retard.,13,___,,,,TRUE,,,Imagine is not inappropriate
a14,30498126319,"['Baran: false', 'Isa: false', 'Piek: true']",a,527019746,CringeAnarchy,"""Trans"" black athlete breaks two female state records.",-,"I got banned from r/mildlyinfuriating for posting about this.  Apparently I was ""being a bigot.""",1010,___,,TRUE,,,,,
a4,30500186141,"['Baran: false', 'Isa: false', 'Piek: true']",defenders,527019746,CringeAnarchy,"""Trans"" black athlete breaks two female state records.","[RealSchon]: I got banned from r/mildlyinfuriating for posting about this.  Apparently I was ""being a bigot.""",Lots of tranny defenders everywhere,1010,___,,TRUE,,,,,
a10,30500290878,"['Baran: false', 'Isa: false', 'Piek: true']",a,527019746,CringeAnarchy,"""Trans"" black athlete breaks two female state records.","[RealSchon]: I got banned from r/mildlyinfuriating for posting about this.  Apparently I was ""being a bigot."" <br> [FanEu7]: Lots of tranny defenders everywhere"," I have no problem with Trans people but when a dude with a dick is racing other dudes without dicks, it's not really fair.",1010,___,,TRUE,,,,,
a11,30500290878,"['Baran: false', 'Isa: false', 'Piek: true']",dude,527019746,CringeAnarchy,"""Trans"" black athlete breaks two female state records.","[RealSchon]: I got banned from r/mildlyinfuriating for posting about this.  Apparently I was ""being a bigot."" <br> [FanEu7]: Lots of tranny defenders everywhere"," I have no problem with Trans people but when a dude with a dick is racing other dudes without dicks, it's not really fair.",1010,___,TRUE,,,,,,
a12,30500290878,"['Baran: false', 'Isa: false', 'Piek: true']",with,527019746,CringeAnarchy,"""Trans"" black athlete breaks two female state records.","[RealSchon]: I got banned from r/mildlyinfuriating for posting about this.  Apparently I was ""being a bigot."" <br> [FanEu7]: Lots of tranny defenders everywhere"," I have no problem with Trans people but when a dude with a dick is racing other dudes without dicks, it's not really fair.",1010,___,TRUE,TRUE,,,,,
a13,30500290878,"['Baran: false', 'Isa: false', 'Piek: true']",a,527019746,CringeAnarchy,"""Trans"" black athlete breaks two female state records.","[RealSchon]: I got banned from r/mildlyinfuriating for posting about this.  Apparently I was ""being a bigot."" <br> [FanEu7]: Lots of tranny defenders everywhere"," I have no problem with Trans people but when a dude with a dick is racing other dudes without dicks, it's not really fair.",1010,___,,TRUE,,,,"In this case, the phrase ""dude with a dick"" is being discussed in the context of a debate about fairness in sports involving transgender athletes. ",
a18,30500290878,"['Baran: false', 'Isa: false', 'Piek: true']",dudes,527019746,CringeAnarchy,"""Trans"" black athlete breaks two female state records.","[RealSchon]: I got banned from r/mildlyinfuriating for posting about this.  Apparently I was ""being a bigot."" <br> [FanEu7]: Lots of tranny defenders everywhere"," I have no problem with Trans people but when a dude with a dick is racing other dudes without dicks, it's not really fair.",1010,___,,TRUE,,,,"The token ""dudes"" in the context of a discussion about transgender athletes and fairness could be perceived differently by annotators based on their understanding of the overall conversation and the intended tone. In this case, the token ""dudes"" might be seen by some annotators as subtly inappropriate due to its potentially disrespectful or dismissive undertones toward transgender individuals.
",
a19,30500290878,"['Baran: false', 'Isa: false', 'Piek: true']",without,527019746,CringeAnarchy,"""Trans"" black athlete breaks two female state records.","[RealSchon]: I got banned from r/mildlyinfuriating for posting about this.  Apparently I was ""being a bigot."" <br> [FanEu7]: Lots of tranny defenders everywhere"," I have no problem with Trans people but when a dude with a dick is racing other dudes without dicks, it's not really fair.",1010,___,,TRUE,,,,,
a11,30497904186,"['Baran: false', 'Isa: false', 'Piek: true']",instead,527039815,CringeAnarchy,Me during fag pride month,-,Why the hell do You Care if guys like dick instead of pussy. Relax dude,13,___,,TRUE,,,,,
a12,30497904186,"['Baran: false', 'Isa: false', 'Piek: true']",of,527039815,CringeAnarchy,Me during fag pride month,-,Why the hell do You Care if guys like dick instead of pussy. Relax dude,13,___,,TRUE,,,,,
a9,30497904186,"['Baran: false', 'Isa: false', 'Piek: true']",like,527039815,CringeAnarchy,Me during fag pride month,-,Why the hell do You Care if guys like dick instead of pussy. Relax dude,13,___,,TRUE,,,,,
a2,30498034345,"['Baran: false', 'Isa: true', 'Piek: true']",degenerate,527039815,CringeAnarchy,Me during fag pride month,[johnjohn120]: Why the hell do You Care if guys like dick instead of pussy. Relax dude,They're degenerate fucks.,13,___,TRUE,,,,,,
a16,30498252328,"['Baran: false', 'Isa: false', 'Piek: true']",likes,527039815,CringeAnarchy,Me during fag pride month,"[johnjohn120]: Why the hell do You Care if guys like dick instead of pussy. Relax dude <br> [Generic_Comrade]: They're degenerate fucks. <br> [TheEgabIsStranded]: Dann, how long it take you to write that thesis? <br> [JustDont_TruDont]: you don't need a thesis to see something so simple",Then you should be able to explain easily: Why does it matter if a guy likes dick instead of pussy?,13,___,,TRUE,,,,,
a18,30498252328,"['Baran: false', 'Isa: false', 'Piek: true']",instead,527039815,CringeAnarchy,Me during fag pride month,"[johnjohn120]: Why the hell do You Care if guys like dick instead of pussy. Relax dude <br> [Generic_Comrade]: They're degenerate fucks. <br> [TheEgabIsStranded]: Dann, how long it take you to write that thesis? <br> [JustDont_TruDont]: you don't need a thesis to see something so simple",Then you should be able to explain easily: Why does it matter if a guy likes dick instead of pussy?,13,___,,TRUE,,,,,
a19,30498252328,"['Baran: false', 'Isa: false', 'Piek: true']",of,527039815,CringeAnarchy,Me during fag pride month,"[johnjohn120]: Why the hell do You Care if guys like dick instead of pussy. Relax dude <br> [Generic_Comrade]: They're degenerate fucks. <br> [TheEgabIsStranded]: Dann, how long it take you to write that thesis? <br> [JustDont_TruDont]: you don't need a thesis to see something so simple",Then you should be able to explain easily: Why does it matter if a guy likes dick instead of pussy?,13,___,,TRUE,,,,,