Submission id,Participant id,Status,Started at,Completed at,Reviewed at,Archived at,Time taken,Completion code,Total approvals,Nationality (uk),Fluent languages,Primary language,Age,Sex,Ethnicity simplified,Country of birth,Country of residence,Nationality,Language,Student status,Employment status
64d363f14315de450272cf54,646649fde6355f403654a711,APPROVED,2023-08-09T10:01:28.210000Z,2023-08-09T10:20:34.281000Z,2023-08-09T14:41:05.969000,2023-08-09T10:20:34.905869Z,1147,91442ADD,111,England,English,English,55,Female,White,United Kingdom,United Kingdom,United Kingdom,English,No,Part-Time
64d363fd2ed993bf1eb18f5c,5cb7be4c30e566001a8b04b5,APPROVED,2023-08-09T10:01:39.718000Z,2023-08-09T10:10:43.809000Z,2023-08-09T14:41:06.875000,2023-08-09T10:10:45.611431Z,545,91442ADD,926,England,English,English,67,Female,White,United Kingdom,United Kingdom,United Kingdom,English,No,"Not in paid work (e.g. homemaker', 'retired or disabled)"
64d3642591abe31eacfb735d,5d66a051060e12001994813a,REJECTED,2023-08-09T10:02:16.108000Z,2023-08-09T10:06:42.788000Z,2023-08-09T13:57:53.584000Z,2023-08-09T10:06:43.488000Z,267,91442ADD,526,CONSENT_REVOKED,CONSENT_REVOKED,CONSENT_REVOKED,CONSENT_REVOKED,CONSENT_REVOKED,CONSENT_REVOKED,CONSENT_REVOKED,CONSENT_REVOKED,CONSENT_REVOKED,CONSENT_REVOKED,CONSENT_REVOKED,CONSENT_REVOKED
64d36445bd61ffee4d11e24a,6414fee9de9fedd1c4a38abf,APPROVED,2023-08-09T10:02:48.360000Z,2023-08-09T10:10:51.248000Z,2023-08-09T14:41:08.140000,2023-08-09T10:10:53.191477Z,483,91442ADD,139,England,English,English,27,Female,Asian,United Kingdom,United Kingdom,United Kingdom,English,No,Full-Time
64d3650e91d95f3e36fb7366,59917a2b0675b100014dadb8,REJECTED,2023-08-09T10:07:22.688000Z,2023-08-09T10:13:46.312000Z,2023-08-09T14:22:46.413000Z,2023-08-09T10:13:47.076000Z,384,91442ADD,102,CONSENT_REVOKED,CONSENT_REVOKED,CONSENT_REVOKED,CONSENT_REVOKED,CONSENT_REVOKED,CONSENT_REVOKED,CONSENT_REVOKED,CONSENT_REVOKED,CONSENT_REVOKED,CONSENT_REVOKED,CONSENT_REVOKED,CONSENT_REVOKED
64d39bfee2d923c7c6e3b335,5a2fcfa8715d6a0001117b8e,APPROVED,2023-08-09T14:00:34.613000Z,2023-08-09T14:07:53.946000Z,2023-08-09T14:41:11.818000,2023-08-09T14:07:55.575639Z,440,91442ADD,497,England,English,English,37,Female,White,United Kingdom,United Kingdom,United Kingdom,English,No,Full-Time
64d3a263cae36786a2083fcc,60456bb6ce48666be08b4ffb,APPROVED,2023-08-09T14:27:52.381000Z,2023-08-09T14:37:26.953000Z,2023-08-09T14:41:10.028000,2023-08-09T14:37:27.663042Z,575,91442ADD,238,England,English,English,41,Male,Asian,United Kingdom,United Kingdom,United Kingdom,English,No,Full-Time
