filename,comment_id,comment_id.1,title_id,community_id,title_text,context,comment,subthread_id,post_text,_unit_id,percentage_agreement,label,subjective interpretation,span difference,"difficult, ambiguous and/ or complex language",annotation error,associated target group annotation
gold subthreads (1).csv,30482606767,30482606767,525092060,The_Donald,President Donald J. Trump Proclaims June 2018 as African-American Music Appreciation Month,-,They were bitching the other day that he didn't acknowledge gay month,160,___,a11_gay,0.6,FALSE,,,,,TRUE
gold subthreads (1).csv,30497483214,30497483214,526814882,CringeAnarchy,SO TRUE!!,[dmm_auth_129096]: you're a cunt <br> [CrazyreverseR]: You're 14,not only a cunt but a dullard too? is their no beginning to your talent?,52,___,a7_dullard,0.6,TRUE,TRUE,,,,
gold subthreads (1).csv,30500290878,30500290878,527019746,CringeAnarchy,"""Trans"" black athlete breaks two female state records.","[RealSchon]: I got banned from r/mildlyinfuriating for posting about this.  Apparently I was ""being a bigot."" <br> [FanEu7]: Lots of tranny defenders everywhere"," I have no problem with Trans people but when a dude with a dick is racing other dudes without dicks, it's not really fair.",1010,___,a6_Trans,0.6,FALSE,,,,,TRUE
gold subthreads (1).csv,30460679126,30460679126,522235385,CringeAnarchy,Butthurt femnazis,[ReasonableGlass]: Post the picture of Donald Jr with his kids. Jesus christ hes an ugly son of a bitch - that's the cringe <br> [IslamicStatePatriot]: go back to your fucking estro weed subs my dude. your rotten brain and shit comments belong with the other addicts <br> [ReasonableGlass]: Lol freedom fighter. You're a redneck faggot bro foh,"I mean the individual words appear to be English, most of them anyway, but I can't make out what this ghetto speak trash is even attempting to say..",5,___,a21_ghetto,0.6,FALSE,TRUE,,,,
gold subthreads (1).csv,30482611546,30482611546,525092060,The_Donald,President Donald J. Trump Proclaims June 2018 as African-American Music Appreciation Month,[dmm_auth_176433]: They were bitching the other day that he didn't acknowledge gay month,"""they"" lmao.  I'm gay and I'm not bitching about it.",160,___,a4_gay,0.6,FALSE,,,,,TRUE
gold subthreads (1).csv,30499200621,30499200621,526827055,CringeAnarchy,Literally the EU.,"[Chipdogs]: This is obvious Russian propaganda  <br> [cubev10]: >""EVERYTHING I DON'T LIKE IS RUSSIAN PROPAGANDA""  Go back to /r/politics <br> [GuyFromGujarat]: hey suck my dick you fucking queer <br> [cubev10]: Fuck off faggot <br> [Ladenverzippelnogip]: Please never change <br> [cubev10]: >being this much of a retard  Imagine actually believing everything that is anti-EU is Russian propaganda. Please never change being a retard.",shut up bitch,13,___,a1_shut,0.6,FALSE,TRUE,,,,
gold subthreads (1).csv,30499200621,30499200621,526827055,CringeAnarchy,Literally the EU.,"[Chipdogs]: This is obvious Russian propaganda  <br> [cubev10]: >""EVERYTHING I DON'T LIKE IS RUSSIAN PROPAGANDA""  Go back to /r/politics <br> [GuyFromGujarat]: hey suck my dick you fucking queer <br> [cubev10]: Fuck off faggot <br> [Ladenverzippelnogip]: Please never change <br> [cubev10]: >being this much of a retard  Imagine actually believing everything that is anti-EU is Russian propaganda. Please never change being a retard.",shut up bitch,13,___,a2_up,0.6,FALSE,TRUE,,,,
gold subthreads (1).csv,30483125327,30483125327,525092060,The_Donald,President Donald J. Trump Proclaims June 2018 as African-American Music Appreciation Month,"[dmm_auth_176433]: They were bitching the other day that he didn't acknowledge gay month  <br> [secaedelcielo]: ""they"" lmao.  I'm gay and I'm not bitching about it. <br> [dmm_auth_480616]: /r/politics  <br> [LeviathanAurora]: Yo, this has got to go.  <br> [dmm_auth_223278]: Why did you report me? <br> [LeviathanAurora]: Because rule 7 was broken and we get enough shit as it. Which I reported before the edit. ",Dude you are a fucking dweeb. What kind of asshole actually reports someone who is on their side politically? Fucking moron,160,___,a21_moron,0.6,FALSE,TRUE,,,,
gold subthreads (1).csv,30497355577,30497355577,526827055,CringeAnarchy,Literally the EU.,"[Chipdogs]: This is obvious Russian propaganda  <br> [cubev10]: >""EVERYTHING I DON'T LIKE IS RUSSIAN PROPAGANDA""  Go back to /r/politics",hey suck my dick you fucking queer,13,___,a2_suck,0.6,FALSE,TRUE,,,,