filename,comment_id,comment_id.1,title_id,community_id,title_text,context,comment,subthread_id,post_text,_unit_id,percentage_agreement,label
gold subthreads (2).csv,30529595051,30529595051,530213108,CringeAnarchy,MUH RACIST COLONIALISM,"[GreySeerCamps]: Only aid to Israel!  Please keep sending aid to Israel, a country who knows how to treat other races fairly! <br> [dmm_auth_59793]: AIDS to israel? You antisemite.",Ya sjw cuck cuck cuckcuckcuckcuckcuckcuckcuck error error reset cuck cuck cuck cuck cuck cuck,23,___,a3_cuck,0.6,False
gold subthreads (2).csv,30529595051,30529595051,530213108,CringeAnarchy,MUH RACIST COLONIALISM,"[GreySeerCamps]: Only aid to Israel!  Please keep sending aid to Israel, a country who knows how to treat other races fairly! <br> [dmm_auth_59793]: AIDS to israel? You antisemite.",Ya sjw cuck cuck cuckcuckcuckcuckcuckcuckcuck error error reset cuck cuck cuck cuck cuck cuck,23,___,a4_cuck,0.6,False
gold subthreads (2).csv,30529595051,30529595051,530213108,CringeAnarchy,MUH RACIST COLONIALISM,"[GreySeerCamps]: Only aid to Israel!  Please keep sending aid to Israel, a country who knows how to treat other races fairly! <br> [dmm_auth_59793]: AIDS to israel? You antisemite.",Ya sjw cuck cuck cuckcuckcuckcuckcuckcuckcuck error error reset cuck cuck cuck cuck cuck cuck,23,___,a5_cuckcuckcuckcuckcuckcuckcuck,0.6,False
gold subthreads (2).csv,30529595051,30529595051,530213108,CringeAnarchy,MUH RACIST COLONIALISM,"[GreySeerCamps]: Only aid to Israel!  Please keep sending aid to Israel, a country who knows how to treat other races fairly! <br> [dmm_auth_59793]: AIDS to israel? You antisemite.",Ya sjw cuck cuck cuckcuckcuckcuckcuckcuckcuck error error reset cuck cuck cuck cuck cuck cuck,23,___,a9_cuck,0.6,False
gold subthreads (2).csv,30529595051,30529595051,530213108,CringeAnarchy,MUH RACIST COLONIALISM,"[GreySeerCamps]: Only aid to Israel!  Please keep sending aid to Israel, a country who knows how to treat other races fairly! <br> [dmm_auth_59793]: AIDS to israel? You antisemite.",Ya sjw cuck cuck cuckcuckcuckcuckcuckcuckcuck error error reset cuck cuck cuck cuck cuck cuck,23,___,a10_cuck,0.6,False
gold subthreads (2).csv,30529595051,30529595051,530213108,CringeAnarchy,MUH RACIST COLONIALISM,"[GreySeerCamps]: Only aid to Israel!  Please keep sending aid to Israel, a country who knows how to treat other races fairly! <br> [dmm_auth_59793]: AIDS to israel? You antisemite.",Ya sjw cuck cuck cuckcuckcuckcuckcuckcuckcuck error error reset cuck cuck cuck cuck cuck cuck,23,___,a11_cuck,0.6,False
gold subthreads (2).csv,30529595051,30529595051,530213108,CringeAnarchy,MUH RACIST COLONIALISM,"[GreySeerCamps]: Only aid to Israel!  Please keep sending aid to Israel, a country who knows how to treat other races fairly! <br> [dmm_auth_59793]: AIDS to israel? You antisemite.",Ya sjw cuck cuck cuckcuckcuckcuckcuckcuckcuck error error reset cuck cuck cuck cuck cuck cuck,23,___,a12_cuck,0.6,False
gold subthreads (2).csv,30529595051,30529595051,530213108,CringeAnarchy,MUH RACIST COLONIALISM,"[GreySeerCamps]: Only aid to Israel!  Please keep sending aid to Israel, a country who knows how to treat other races fairly! <br> [dmm_auth_59793]: AIDS to israel? You antisemite.",Ya sjw cuck cuck cuckcuckcuckcuckcuckcuckcuck error error reset cuck cuck cuck cuck cuck cuck,23,___,a13_cuck,0.6,False
gold subthreads (2).csv,30529595051,30529595051,530213108,CringeAnarchy,MUH RACIST COLONIALISM,"[GreySeerCamps]: Only aid to Israel!  Please keep sending aid to Israel, a country who knows how to treat other races fairly! <br> [dmm_auth_59793]: AIDS to israel? You antisemite.",Ya sjw cuck cuck cuckcuckcuckcuckcuckcuckcuck error error reset cuck cuck cuck cuck cuck cuck,23,___,a14_cuck,0.6,False
gold subthreads (2).csv,30525952794,30525952794,530396969,CringeAnarchy,"Homosexual artist criticizing his country's treatment of homosexuals gets doxxed by Leftists for ""Islamophobia""","[VoboTheHobo]: I'm all for gay rights, I love gay people. But recently with the Millie Bobby Brown thing, they've been painting themselves in a horrible light. <br> [surobyk]: whats with MBB? <br> [VoboTheHobo]: A lot of gay people made a ""meme"" about her being homophobic and creating fake stories about her so she closed her twitter account. <br> [surobyk]: fucking retards, they think they have moral highground just because they are homos <br> [VoboTheHobo]: That's not the right opinion but okay. <br> [surobyk]: so you do think they are morally superior just by being lgbt?",No but calling them retards and homos for just an incredibly small percentage of the lgbt community is pretty ignorant.,194,___,a7_homos,0.6,False
gold subthreads (2).csv,30527256960,30527256960,530396969,CringeAnarchy,"Homosexual artist criticizing his country's treatment of homosexuals gets doxxed by Leftists for ""Islamophobia""","[Pacify_]: [LINK]  Oh wow, what a Lefty!  Jesus fucking this sub is a joke. <br> [ArmOfMidas]: >Jesus fucking this sub is a joke.  Then why are you still here, you commie trash? <br> [Pacify_]: cause its on all feed, you bottom feeding shitbag lol",I feel the low IQ in this one. Back to your cave nig,154,___,a13_nig,0.6,True
gold subthreads (2).csv,30507195824,30507195824,527992432,CringeAnarchy,But he's a guy,[OniPotence]: Oh shit I meant to say that Obi Wan is a demiqueer human/Rancor pansexual hybrid <br> [avalanches]: Why did you submit a fakepost <br> [OniPotence]: Didn't know it was fake,Haha okay so you're just dumb nvm,177,___,a6_dumb,0.6,False
gold subthreads (2).csv,30505320303,30505320303,527983119,CringeAnarchy,Interesting thing to say when you're objectively below average looking,-,Cause you can get called a rapist and get convicted if the girl regrets sleeping with you. ,25,___,a7_rapist,0.6,False
gold subthreads (2).csv,30527097625,30527097625,530330837,CringeAnarchy,"Vice ""news"" on Snapchat","[Miike78]: You could stop choosing to be gay and marry a woman- ever thought of that? <br> [EgeDal]: I live in middle east trust me if I could choose, I would.   You don't choose that stuff, you retarded fuck",You'r'e full of shit and you know it you sick pedophile ,9,___,a11_pedophile,0.6,True
gold subthreads (2).csv,30530056685,30530056685,530959912,CringeAnarchy,Fighting mechanical bigotry!,[YungestFrankie]: r/fatlogic,Got banned for stating i think fat people are ugly on another sub lol don't use /r/fatlogic its shit.,18,___,a17_/r/fatlogic,0.6,False
gold subthreads (2).csv,30530056685,30530056685,530959912,CringeAnarchy,Fighting mechanical bigotry!,[YungestFrankie]: r/fatlogic,Got banned for stating i think fat people are ugly on another sub lol don't use /r/fatlogic its shit.,18,___,a19_shit.,0.6,True
gold subthreads (2).csv,30518715151,30518715151,529642040,The_Donald,"Manafort ordered to jail, bail revoked on witness tampering charge",[MAGAallthetime]: They're fucking him He's no great guy but they are fuckin him,What really pisses me off about this is how the libs will just muh .. Trump Russia collusion,1,___,a3_pisses,0.6,True
gold subthreads (2).csv,30526750738,30526750738,530396969,CringeAnarchy,"Homosexual artist criticizing his country's treatment of homosexuals gets doxxed by Leftists for ""Islamophobia""",-,"[LINK]  Oh wow, what a Lefty!  Jesus fucking this sub is a joke.",154,___,a7_Jesus,0.6,False
gold subthreads (2).csv,30506138674,30506138674,527983119,CringeAnarchy,Interesting thing to say when you're objectively below average looking,"[Woonachan]: Cause you can get called a rapist and get convicted if the girl regrets sleeping with you.  <br> [_0W0_]: Real talk, pussy isn't worth my career ",Jesus what situations do you incels find yourselves in where the girl does that shit?  Maybe don't fuck rich drunk insane birches  you just met and you'll be good?,25,___,a22_birches,0.6,True
gold subthreads (2).csv,30513999529,30513999529,528777403,TheRedPill,Is this a feminism level Up ? What the hell is happening in the video game industry ??,-,Mofos ruined Mass Effect forever for me.,125,"As a proud Redpiller for years now I was literally shocked how much recent and especially upcoming video games are clearly becoming more and more feminist or at least very female oriented.   I was a dedicated gamer few years ago and I'm 30 by the way. I loved video games, still do but don't actually spend that much time playing anymore. I'm playing my own ""Red"" game now as a Redpill obviously. For years though I was seeking some kind of teaching and life inspiration in video games. It's been very helpful when I was a teen or even in my twenties.  You can say anything you want about video games but I do still believe that it's a pure male field ! It's a deep male fantasy about being in control in some kind of extraordinary situations. It's about dominance. We love to play war, to fight, to drive fast, to spell stuff, to be challenged, to win and achieve greatness ! It is a pure male drive ! It's no more than visualization.   There is more and more female gamers nowadays thanks to social media and fool beta orbiters who validate these chicks. It feels cheap though and somehow fake. It's always sounds like ""male experience emulation"".   Anyway, as some of you know it's E3 week. A lot of games have been announced and most of theme are as I said very female oriented to say the least. Take a look :   Battlefield V (EA): ""Here comes a new challenger"" and It's a woman soldier...in the battlefield... and in World war II fantasy   Control  (Remedy) : You play a chick who is in charge obviously and ""controls"" everything   Last of us 2 (Sony) : You play a girl, lesbian, and kick some ass  Sea of solitude (EA) :  quote ""...On her search to change, she soon finds out that her biggest enemies are not the huge monsters that she meets on her way through the Sea of Solitude""  ...and many others.   In some other games I also noticed that even if the hero is still a dude there is more and more female presence. In my opinion the video game industry is clearly promoting some feminism aspects like gender equality stuff and it seems like every developer out there feels like it has to be done whether they like it or not  What's your take on this guys ?",a1_Mofos,0.6,False
