Submission id,Participant id,Status,Started at,Completed at,Reviewed at,Archived at,Time taken,Completion code,Total approvals,Nationality (uk),Fluent languages,Primary language,Age,Sex,Ethnicity simplified,Country of birth,Country of residence,Nationality,Language,Student status,Employment status
64d388f713e08f52cd645b66,5e7e35796c12324f2a9aa602,APPROVED,2023-08-09T12:39:19.572000Z,2023-08-09T12:50:42.930000Z,2023-08-09T17:26:58.518000,2023-08-09T12:50:43.414844Z,684,91442ADD,582,Wales,English,English,24,Female,Mixed,United Kingdom,United Kingdom,United Kingdom,English,No,DATA_EXPIRED
64d389a7c529fe46a5ad9522,5ca0853c8e8c01001253db27,APPROVED,2023-08-09T12:42:19.445000Z,2023-08-09T12:48:41.161000Z,2023-08-09T17:26:58.911000,2023-08-09T12:48:42.448015Z,382,91442ADD,465,England,English,English,29,Female,Mixed,United Kingdom,United Kingdom,United Kingdom,English,Yes,Full-Time
64d38a0987fdfeae27ebad7f,6401227cb3aa0d131ec5dd53,APPROVED,2023-08-09T12:44:35.487000Z,2023-08-09T12:56:05.830000Z,2023-08-09T17:27:01.395000,2023-08-09T12:56:06.393043Z,691,91442ADD,95,England,English,English,37,Female,White,United Kingdom,United Kingdom,United Kingdom,English,Yes,Full-Time
64d38a17c98701c4b9cc5282,5c654e1a1519ac0001666177,APPROVED,2023-08-09T12:44:16.629000Z,2023-08-09T13:01:51.063000Z,2023-08-09T17:27:00.267000,2023-08-09T13:01:51.763232Z,1055,91442ADD,274,England,English,English,58,Female,White,United Kingdom,United Kingdom,United Kingdom,English,No,Full-Time
64d38a219554614f7aba8423,60cb0ce6c8de266cd160b31f,APPROVED,2023-08-09T12:44:20.797000Z,2023-08-09T12:52:15.370000Z,2023-08-09T17:27:01.027000,2023-08-09T12:52:16.231714Z,475,91442ADD,973,England,English,English,41,Male,White,United Kingdom,United Kingdom,United Kingdom,English,No,Part-Time
