Submission id,Participant id,Status,Started at,Completed at,Reviewed at,Archived at,Time taken,Completion code,Total approvals,Nationality (uk),Fluent languages,Primary language,Age,Sex,Ethnicity simplified,Country of birth,Country of residence,Nationality,Language,Student status,Employment status
64d3983f6c3c01c4e3b84a5f,5e0e24225a9171000beb0140,APPROVED,2023-08-09T13:44:36.236000Z,2023-08-09T13:49:10.987000Z,2023-08-10T09:14:30.471000,2023-08-09T13:49:12.091334Z,275,91442ADD,649,England,English,English,29,Female,White,United Kingdom,United Kingdom,United Kingdom,English,DATA_EXPIRED,DATA_EXPIRED
64d398534bc139121a5ce650,6012e691ac1f2b0bbbf29d19,APPROVED,2023-08-09T13:44:54.863000Z,2023-08-09T13:51:20.192000Z,2023-08-10T09:14:31.059000,2023-08-09T13:51:20.698456Z,386,91442ADD,487,England,English,English,53,Female,White,United Kingdom,United Kingdom,United Kingdom,English,No,Part-Time
64d3985768a7c7401a0bdaa0,6102bbcbcf4f0b23499b3703,APPROVED,2023-08-09T13:45:11.283000Z,2023-08-09T13:51:31.975000Z,2023-08-10T09:14:32.363000,2023-08-09T13:51:32.825023Z,381,91442ADD,76,England,English,English,28,Female,White,United Kingdom,United Kingdom,United Kingdom,English,No,Full-Time
64d3985ffcc2f9e75fac7330,60fd2f9fe821880b181c8f76,APPROVED,2023-08-09T13:45:08.910000Z,2023-08-09T13:49:28.276000Z,2023-08-10T09:14:31.843000,2023-08-09T13:49:28.992555Z,260,91442ADD,196,Scotland,English,English,25,Female,White,United Kingdom,United Kingdom,United Kingdom,English,No,Full-Time
64d39867ec530e0895e3b2f9,5b26f0bba7cee100011db0fc,APPROVED,2023-08-09T13:45:15.631000Z,2023-08-09T13:49:35.603000Z,2023-08-10T09:14:34.758000,2023-08-09T13:49:36.081246Z,260,91442ADD,142,Wales,English,English,23,Female,White,United Kingdom,United Kingdom,United Kingdom,English,No,Full-Time
