filename,title_id,community_id,title_text,subthread_id,post_text,subthread_label
gold subthreads (1).csv,522120736,CringeAnarchy,followed by david duke....ü§îü§î,7,___,True
gold subthreads (1).csv,522235385,CringeAnarchy,Butthurt femnazis,5,___,True
gold subthreads (1).csv,522256565,The_Donald,Gamergate kids are great and this Vice propagandist sucks.,131,___,True
gold subthreads (1).csv,524431921,The_Donald,That's my President!,5,___,True
gold subthreads (1).csv,524533387,The_Donald,Sunday Gunday: Self-Defense,5,___,False
gold subthreads (1).csv,524908878,The_Donald,"Shocking: ""Democrat on Facebook report: 'Sure looks like Zuckerberg lied to Congress'"" (And on Politico no less ) (Archived Link)",7,___,False
gold subthreads (1).csv,525092060,The_Donald,President Donald J. Trump Proclaims June 2018 as African-American Music Appreciation Month,160,___,True
gold subthreads (1).csv,525219028,The_Donald,"The Air Force cancels its $24 million contract for 2 new Air Force One refrigerators. ""Even with the understanding that the Air Force One mission brings with it unique requirements and challenges, a $24 million sole-source contract just didn't pass the smell test.""",31,___,False
gold subthreads (1).csv,526814882,CringeAnarchy,SO TRUE!!,52,___,True
gold subthreads (1).csv,526827055,CringeAnarchy,Literally the EU.,13,___,True
gold subthreads (1).csv,527019746,CringeAnarchy,"""Trans"" black athlete breaks two female state records.",1010,___,True
gold subthreads (1).csv,527039815,CringeAnarchy,Me during fag pride month,13,___,True
