Submission id,Participant id,Status,Started at,Completed at,Reviewed at,Archived at,Time taken,Completion code,Total approvals,Nationality (uk),Fluent languages,Primary language,Age,Sex,Ethnicity simplified,Country of birth,Country of residence,Nationality,Language,Student status,Employment status
64d38c2f079ff0f03fbb05ae,63d80fa4310e429fef74247e,APPROVED,2023-08-09T12:53:08.981000Z,2023-08-09T13:05:29.452000Z,2023-08-10T08:45:56.796000,2023-08-09T13:05:30.183941Z,741,91442ADD,210,England,English,English,42,Male,White,United Kingdom,United Kingdom,United Kingdom,English,DATA_EXPIRED,DATA_EXPIRED
64d38cc0364bc37e250ef5a3,5a775b638fe2dc00010579b2,APPROVED,2023-08-09T12:55:35.311000Z,2023-08-09T13:03:57.940000Z,2023-08-10T08:45:58.584000,2023-08-09T13:03:58.453738Z,503,91442ADD,1201,England,English,English,45,Male,White,United Kingdom,United Kingdom,United Kingdom,English,No,Full-Time
64d38d0d555af9c4f3083f66,59a6aa43b2130b000179d303,APPROVED,2023-08-09T12:56:50.638000Z,2023-08-09T13:02:22.404000Z,2023-08-10T08:45:59.648000,2023-08-09T13:02:23.416860Z,332,91442ADD,1082,England,English,English,45,Female,White,United Kingdom,United Kingdom,United Kingdom,English,No,Part-Time
64d38d2f15cdfef4a2ebad8e,60ec003195a012028e8b2879,APPROVED,2023-08-09T12:57:30.388000Z,2023-08-09T13:04:47.866000Z,2023-08-10T08:46:00.901000,2023-08-09T13:04:48.611623Z,438,91442ADD,675,Scotland,English,English,56,Female,White,United Kingdom,Ireland,United Kingdom,English,No,Part-Time
64d38d3a75eede94a6f8f1be,594c40a8c75800000157580e,APPROVED,2023-08-09T12:57:33.668000Z,2023-08-09T13:03:36.772000Z,2023-08-10T08:46:02.121000,2023-08-09T13:03:37.256457Z,364,91442ADD,1082,Scotland,English,English,41,Female,White,United Kingdom,United Kingdom,United Kingdom,English,No,Full-Time
