"Submission id","Participant id","Status","Started at","Completed at","Reviewed at","Archived at","Time taken","Completion code","Total approvals","Nationality (uk)","Fluent languages","Primary language","Age","Sex","Ethnicity simplified","Country of birth","Country of residence","Nationality","Language","Student status","Employment status"
"64d207e13f458f8162d40d1d","5c70bfe31917dc000153ce84","APPROVED","2023-08-08T09:17:46.239000Z","2023-08-08T09:20:58.441000Z","2023-08-08T09:40:19.215000Z","2023-08-08T09:20:59.958000Z","193","91442ADD","461","CONSENT_REVOKED","CONSENT_REVOKED","CONSENT_REVOKED","CONSENT_REVOKED","CONSENT_REVOKED","CONSENT_REVOKED","CONSENT_REVOKED","CONSENT_REVOKED","CONSENT_REVOKED","CONSENT_REVOKED","CONSENT_REVOKED","CONSENT_REVOKED"
"64d207fd87e96d24d9fd42da","60a4b39be27d3f485f29f973","APPROVED","2023-08-08T09:16:51.332000Z","2023-08-08T09:20:17.443000Z","2023-08-08T09:40:41.870000Z","2023-08-08T09:20:18.388000Z","207","91442ADD","250","CONSENT_REVOKED","CONSENT_REVOKED","CONSENT_REVOKED","CONSENT_REVOKED","CONSENT_REVOKED","CONSENT_REVOKED","CONSENT_REVOKED","CONSENT_REVOKED","CONSENT_REVOKED","CONSENT_REVOKED","CONSENT_REVOKED","CONSENT_REVOKED"
"64d208339ebceffa25cabcaf","6234764b17ea11649b473d84","APPROVED","2023-08-08T09:17:48.976000Z","2023-08-08T09:21:37.046000Z","2023-08-08T09:41:36.538000","2023-08-08T09:21:37.505334Z","229","91442ADD","277","England","English","English","50","Female","Black","Trinidad and Tobago","United Kingdom","United Kingdom","English","No","Full-Time"
"64d2085d9163b7089f34bf97","6083e4575dc56d8ed869d70f","APPROVED","2023-08-08T09:18:32.503000Z","2023-08-08T09:23:06.864000Z","2023-08-08T09:41:37.919000","2023-08-08T09:23:08.240173Z","275","91442ADD","762","England","English","English","21","Male","White","United Kingdom","United Kingdom","United Kingdom","English","No","Due to start a new job within the next month"
"64d2086a4105bfa66fe97252","596214729955ee00015bce36","APPROVED","2023-08-08T09:19:14.831000Z","2023-08-08T09:23:02.779000Z","2023-08-08T09:41:42.098000","2023-08-08T09:23:03.239812Z","228","91442ADD","382","England","English","English","46","Male","White","United Kingdom","United Kingdom","United Kingdom","English","No","DATA_EXPIRED"