Submission id,Participant id,Status,Started at,Completed at,Reviewed at,Archived at,Time taken,Completion code,Total approvals,Nationality (uk),Fluent languages,Primary language,Age,Sex,Ethnicity simplified,Country of birth,Country of residence,Nationality,Language,Student status,Employment status
64d388bcbb2f3a45c3e1ea49,6315faf8288fc830449ffd3d,APPROVED,2023-08-09T12:38:24.447000Z,2023-08-09T12:45:45.703000Z,2023-08-09T18:10:27.161000,2023-08-09T12:45:46.200324Z,442,91442ADD,114,Wales,English,English,20,Female,White,United Kingdom,United Kingdom,United Kingdom,English,Yes,Other
64d389e9b5f371e95f187fba,5d547213d39e34001ae15125,APPROVED,2023-08-09T12:43:21.214000Z,2023-08-09T12:52:00.337000Z,2023-08-09T18:10:28.263000,2023-08-09T12:52:01.445230Z,520,91442ADD,98,England,English,English,41,Female,White,United Kingdom,United Kingdom,United Kingdom,English,DATA_EXPIRED,DATA_EXPIRED
64d38a7a9491c5a5a6399dbb,60b9d5384d3a09334159c2cf,APPROVED,2023-08-09T12:45:51.854000Z,2023-08-09T12:53:58.683000Z,2023-08-09T18:10:29.303000,2023-08-09T12:53:59.197978Z,487,91442ADD,572,England,English,English,54,Male,White,United Kingdom,United Kingdom,United Kingdom,English,Yes,Full-Time
64d38a86c3b952102166f231,5aa696af6219a30001c75d2a,APPROVED,2023-08-09T12:46:01.647000Z,2023-08-09T12:53:43.082000Z,2023-08-09T18:10:30.310000,2023-08-09T12:53:43.816085Z,462,91442ADD,1021,England,English,English,43,Female,White,United Kingdom,United Kingdom,United Kingdom,English,No,Full-Time
64d38aa90c94732b63584386,61471dc7b568462f804535ff,APPROVED,2023-08-09T12:46:37.055000Z,2023-08-09T12:57:22.329000Z,2023-08-09T18:10:31.973000,2023-08-09T12:57:22.982279Z,646,91442ADD,485,England,English,English,42,Female,White,United Kingdom,United Kingdom,United Kingdom,English,DATA_EXPIRED,Full-Time
