Submission id,Participant id,Status,Started at,Completed at,Reviewed at,Archived at,Time taken,Completion code,Total approvals,Nationality (uk),Fluent languages,Primary language,Age,Sex,Ethnicity simplified,Country of birth,Country of residence,Nationality,Language,Student status,Employment status
64d38b9eb2d251b9a2bcb010,5e091d766552ef21142f7726,APPROVED,2023-08-09T12:50:40.939000Z,2023-08-09T13:06:52.921000Z,2023-08-10T08:43:56.127000,2023-08-09T13:06:53.625077Z,972,91442ADD,653,England,"English, Hindi","English, Punjabi",32,Female,Asian,United Kingdom,United Kingdom,United Kingdom,English,No,Full-Time
64d38bbb89867f0e6401d599,5ec4f78f8838ba40a2b3f7d7,APPROVED,2023-08-09T12:51:09.498000Z,2023-08-09T13:04:23.482000Z,2023-08-10T08:43:57.636000,2023-08-09T13:04:23.977219Z,794,91442ADD,105,England,English,English,30,Female,White,United Kingdom,United Kingdom,United Kingdom,English,No,Full-Time
64d38bca3a1e2ba05bf189d6,5b0c3a49641b1200010ee0fa,APPROVED,2023-08-09T12:51:26.755000Z,2023-08-09T12:57:16.830000Z,2023-08-10T08:43:58.074000,2023-08-09T12:57:17.651427Z,351,91442ADD,54,England,English,English,36,Female,White,United Kingdom,United Kingdom,United Kingdom,English,No,Part-Time
64d38bcc56e99425185ce680,5c18259881976400016c9eca,APPROVED,2023-08-09T12:51:30.428000Z,2023-08-09T13:01:14.317000Z,2023-08-10T08:43:58.981000,2023-08-09T13:01:14.872186Z,584,91442ADD,988,England,English,English,49,Female,White,United Kingdom,United Kingdom,United Kingdom,English,No,"Not in paid work (e.g. homemaker', 'retired or disabled)"
64d38c78da83cd9798f0ad02,60560521095cabc49dfc8834,APPROVED,2023-08-09T12:54:20.764000Z,2023-08-09T13:01:42.010000Z,2023-08-10T08:43:59.723000,2023-08-09T13:01:42.538452Z,442,91442ADD,222,England,English,English,44,Female,White,United Kingdom,United Kingdom,United Kingdom,English,No,DATA_EXPIRED
