Submission id,Participant id,Status,Started at,Completed at,Reviewed at,Archived at,Time taken,Completion code,Total approvals,Nationality (uk),Fluent languages,Primary language,Age,Sex,Ethnicity simplified,Country of birth,Country of residence,Nationality,Language,Student status,Employment status
64d38a69475fa62c34b8ce27,60560521095cabc49dfc8834,APPROVED,2023-08-09T12:45:33.667000Z,2023-08-09T12:53:23.772000Z,2023-08-09T18:25:23.680000,2023-08-09T12:53:24.410362Z,471,91442ADD,222,England,English,English,44,Female,White,United Kingdom,United Kingdom,United Kingdom,English,No,DATA_EXPIRED
64d38b5898cc87e42747b389,60f2827edef72723df274d53,APPROVED,2023-08-09T12:49:32.904000Z,2023-08-09T13:01:59.844000Z,2023-08-09T18:25:25.620000,2023-08-09T13:02:00.353721Z,747,91442ADD,703,England,English,English,39,Female,White,United Kingdom,United Kingdom,United Kingdom,English,No,DATA_EXPIRED
64d38b98a3d80fd467297569,5e49c48fac17f4000c1bfcbc,APPROVED,2023-08-09T12:50:35.943000Z,2023-08-09T12:57:45.510000Z,2023-08-09T18:25:26.414000,2023-08-09T12:57:45.999194Z,430,91442ADD,503,Wales,"Italian, Spanish, English",English,42,Female,White,United Kingdom,United Kingdom,United Kingdom,English,No,Part-Time
64d38c3d15cdfef4a2ebad59,5f1c4b9e5b420902880d1e98,APPROVED,2023-08-09T12:53:21.802000Z,2023-08-09T13:03:31.209000Z,2023-08-09T18:25:27.538000,2023-08-09T13:03:31.760858Z,610,91442ADD,957,England,English,English,47,Male,White,United Kingdom,United Kingdom,United Kingdom,English,No,Full-Time
64d39f70e141d4c97e5551af,59e39cc9c0d35a0001294f20,APPROVED,2023-08-09T14:15:16.570000Z,2023-08-09T14:33:11.653000Z,2023-08-09T18:25:29.344000,2023-08-09T14:33:29.489988Z,1076,91442ADD,2850,England,English,English,69,Male,White,United Kingdom,United Kingdom,United Kingdom,English,No,"Not in paid work (e.g. homemaker', 'retired or disabled)"
