[{"type":"String","simpleTypeName":"String","name":"comment_id"},{"type":"String","simpleTypeName":"String","name":"title_id"},{"type":"String","simpleTypeName":"String","name":"community_id"},{"type":"String","simpleTypeName":"String","name":"title_text"},{"type":"String","simpleTypeName":"String","name":"comment_text_a"},{"type":"String","simpleTypeName":"String","name":"comment_text_b"},{"type":"String","simpleTypeName":"String","name":"context"},{"type":"String","simpleTypeName":"String","name":"comment"},{"type":"String","simpleTypeName":"String","name":"comment_number"},{"type":"String","simpleTypeName":"String","name":"subthread_id"},{"type":"String","simpleTypeName":"String","name":"user_id"},{"type":"String","simpleTypeName":"String","name":"redirectUrl"},{"type":"String","simpleTypeName":"String","name":"post_text"}]