Submission id,Participant id,Status,Started at,Completed at,Reviewed at,Archived at,Time taken,Completion code,Total approvals,Nationality (uk),Fluent languages,Primary language,Age,Sex,Ethnicity simplified,Country of birth,Country of residence,Nationality,Language,Student status,Employment status
64d381345cfac6814c1cc256,60297217b23caa3276abfafb,APPROVED,2023-08-09T12:06:53.003000Z,2023-08-09T12:31:48.835000Z,2023-08-09T17:47:03.912000,2023-08-09T12:31:49.532302Z,1496,91442ADD,298,England,English,English,32,Male,White,United Kingdom,United Kingdom,United Kingdom,English,No,Full-Time
64d38178905df2cee4cf2689,6165fb4c20c37191a58b675f,REJECTED,2023-08-09T12:07:29.586000Z,2023-08-09T12:15:28.424000Z,2023-08-09T14:43:40.639000Z,2023-08-09T12:15:37.279000Z,479,91442ADD,735,CONSENT_REVOKED,CONSENT_REVOKED,CONSENT_REVOKED,CONSENT_REVOKED,CONSENT_REVOKED,CONSENT_REVOKED,CONSENT_REVOKED,CONSENT_REVOKED,CONSENT_REVOKED,CONSENT_REVOKED,CONSENT_REVOKED,CONSENT_REVOKED
64d381c067b35464b6603c2c,62a1db8d8e74cee706189cc2,APPROVED,2023-08-09T12:09:13.601000Z,2023-08-09T12:23:31.776000Z,2023-08-09T17:47:06.466000,2023-08-09T12:23:32.298509Z,859,91442ADD,46,England,English,English,30,Male,White,United Kingdom,United Kingdom,United Kingdom,English,No,Full-Time
64d382551afca82c4dec0ea8,55f6be3a32af74000b17021c,REJECTED,2023-08-09T12:11:05.961000Z,2023-08-09T12:21:16.352000Z,2023-08-09T17:06:53.101000Z,2023-08-09T12:21:17.118000Z,611,91442ADD,1251,CONSENT_REVOKED,CONSENT_REVOKED,CONSENT_REVOKED,CONSENT_REVOKED,CONSENT_REVOKED,CONSENT_REVOKED,CONSENT_REVOKED,CONSENT_REVOKED,CONSENT_REVOKED,CONSENT_REVOKED,CONSENT_REVOKED,CONSENT_REVOKED
64d3825d188acf2e2873988a,59a85d458cef7d00011f86a2,APPROVED,2023-08-09T12:11:12.394000Z,2023-08-09T12:21:36.788000Z,2023-08-09T17:47:08.830000,2023-08-09T12:21:37.319383Z,625,91442ADD,917,England,English,English,35,Female,White,United Kingdom,United Kingdom,United Kingdom,English,No,Full-Time
64d3a678098f88b01f187fac,5c76f7e9180995001367c11a,APPROVED,2023-08-09T14:45:22.287000Z,2023-08-09T14:55:38.138000Z,2023-08-09T17:47:19.751000,2023-08-09T14:55:38.801145Z,616,91442ADD,711,England,English,English,59,Female,White,United Kingdom,United Kingdom,United Kingdom,English,No,"Not in paid work (e.g. homemaker', 'retired or disabled)"
64d3c91eed01940e8ecb2a03,606cb493430bb0d95a005687,APPROVED,2023-08-09T17:13:07.264000Z,2023-08-09T17:21:38.582000Z,2023-08-09T17:47:11.936000,2023-08-09T17:21:39.223637Z,512,91442ADD,515,England,English,English,28,Male,White,United Kingdom,United Kingdom,United Kingdom,English,No,Full-Time
