Submission id,Participant id,Status,Started at,Completed at,Reviewed at,Archived at,Time taken,Completion code,Total approvals,Nationality (uk),Fluent languages,Primary language,Age,Sex,Ethnicity simplified,Country of birth,Country of residence,Nationality,Language,Student status,Employment status
64d37ebd07c78414635d926a,614c6fffc986ba38f129ea93,APPROVED,2023-08-09T11:56:31.668000Z,2023-08-09T12:02:18.268000Z,2023-08-09T14:32:13.744000,2023-08-09T12:02:18.765070Z,347,91442ADD,162,England,English,English,40,Female,White,United Kingdom,United Kingdom,United Kingdom,English,DATA_EXPIRED,DATA_EXPIRED
64d37ee7df780ac752e0012a,5dd686a523f9f160d1b88a39,APPROVED,2023-08-09T12:02:57.536000Z,2023-08-09T12:12:22.365000Z,2023-08-09T14:32:24.365000,2023-08-09T12:12:23.477808Z,565,91442ADD,305,England,English,English,30,Female,Asian,United Kingdom,United Kingdom,United Kingdom,English,No,"Not in paid work (e.g. homemaker', 'retired or disabled)"
64d37ef40f129be785c79cd4,5b28df1a2bc7780001c2322f,APPROVED,2023-08-09T11:56:40.248000Z,2023-08-09T12:00:45.552000Z,2023-08-09T14:32:15.610000,2023-08-09T12:00:46.391627Z,246,91442ADD,257,England,English,English,44,Female,White,United Kingdom,United Kingdom,United Kingdom,English,No,Full-Time
64d37f996a057968238acca6,63e51d3ea4bb5e7073e2ddbf,APPROVED,2023-08-09T11:59:24.749000Z,2023-08-09T12:10:09.850000Z,2023-08-09T14:32:22.644000,2023-08-09T12:10:10.555047Z,646,91442ADD,296,England,English,English,41,Male,White,United Kingdom,United Kingdom,United Kingdom,English,No,Full-Time
64d37fa5c1a2f437d6f80052,5f0baeb99e825400086b6bc2,APPROVED,2023-08-09T11:59:42.251000Z,2023-08-09T12:09:56.239000Z,2023-08-09T14:32:20.323000,2023-08-09T12:09:57.318540Z,614,91442ADD,308,Wales,English,English,25,Female,White,United Kingdom,United Kingdom,United Kingdom,English,DATA_EXPIRED,Full-Time
