Submission id,Participant id,Status,Started at,Completed at,Reviewed at,Archived at,Time taken,Completion code,Total approvals,Nationality (uk),Fluent languages,Primary language,Age,Sex,Ethnicity simplified,Country of birth,Country of residence,Nationality,Language,Student status,Employment status
64d380c5ef020a4130ac9f23,6448106c1061784698e8443c,APPROVED,2023-08-09T12:04:26.948000Z,2023-08-09T12:18:34.339000Z,2023-08-09T14:37:17.897000,2023-08-09T12:18:35.838939Z,848,91442ADD,107,England,English,English,36,Female,White,United Kingdom,United Kingdom,United Kingdom,English,No,Full-Time
64d380db92ac8b30dcf4e537,5ceeebf4bff4af0001f86d8a,APPROVED,2023-08-09T12:04:49.795000Z,2023-08-09T12:13:34.364000Z,2023-08-09T14:37:20.180000,2023-08-09T12:13:35.848794Z,525,91442ADD,312,Scotland,English,English,39,Female,White,United Kingdom,United Kingdom,United Kingdom,English,DATA_EXPIRED,DATA_EXPIRED
64d3810692ac8b30dcf4e54b,6156fef1e85e93bd92ba45ee,APPROVED,2023-08-09T12:05:29.368000Z,2023-08-09T12:12:09.196000Z,2023-08-09T14:37:22.309000,2023-08-09T12:12:09.818818Z,400,91442ADD,785,England,English,English,53,Male,White,United Kingdom,United Kingdom,United Kingdom,English,No,"Not in paid work (e.g. homemaker', 'retired or disabled)"
64d381205420cc7f1c72cf9f,61376e55710e09d0b8f4dcb3,APPROVED,2023-08-09T12:05:57.161000Z,2023-08-09T12:12:51.428000Z,2023-08-09T14:37:25.497000,2023-08-09T12:12:52.075445Z,415,91442ADD,280,England,English,English,55,Male,White,United Kingdom,United Kingdom,United Kingdom,English,No,Full-Time
64d3815e9919f1850ea2e314,59e73321be399f0001e49cdf,APPROVED,2023-08-09T12:06:58.334000Z,2023-08-09T12:11:54.161000Z,2023-08-09T14:37:23.436000,2023-08-09T12:11:54.622362Z,296,91442ADD,245,Wales,English,English,36,Female,White,United Kingdom,United Kingdom,United Kingdom,English,No,Full-Time
